ISO-10303-21;
HEADER;
/* Generated by software containing ST-Developer
 * from STEP Tools, Inc. (www.steptools.com) 
 */

FILE_DESCRIPTION(
/* description */ (''),
/* implementation_level */ '2;1');

FILE_NAME(
/* name */ 'Dragon_Burner_Orditer_V2_Lifted_Spacer_8mm.step',
/* time_stamp */ '2026-02-21T22:52:10-07:00',
/* author */ (''),
/* organization */ (''),
/* preprocessor_version */ 'ST-DEVELOPER v20.1',
/* originating_system */ 'Autodesk Translation Framework v14.24.0.0',
/* authorisation */ '');

FILE_SCHEMA (('AUTOMOTIVE_DESIGN { 1 0 10303 214 3 1 1 }'));
ENDSEC;

DATA;
#10=MECHANICAL_DESIGN_GEOMETRIC_PRESENTATION_REPRESENTATION('',(#13),#2816);
#11=SHAPE_REPRESENTATION_RELATIONSHIP('SRR','None',#2842,#12);
#12=ADVANCED_BREP_SHAPE_REPRESENTATION('',(#14),#2814);
#13=STYLED_ITEM('',(#2874),#14);
#14=MANIFOLD_SOLID_BREP('Spacer 8mm ',#1619);
#15=(
BOUNDED_CURVE()
B_SPLINE_CURVE(2,(#2766,#2767,#2768),.UNSPECIFIED.,.F.,.F.)
B_SPLINE_CURVE_WITH_KNOTS((3,3),(0.244933517029845,0.309387248016101),
 .UNSPECIFIED.)
CURVE()
GEOMETRIC_REPRESENTATION_ITEM()
RATIONAL_B_SPLINE_CURVE((1.,1.,1.))
REPRESENTATION_ITEM('')
);
#16=(
BOUNDED_CURVE()
B_SPLINE_CURVE(2,(#2794,#2795,#2796),.UNSPECIFIED.,.F.,.F.)
B_SPLINE_CURVE_WITH_KNOTS((3,3),(0.0334430628134908,0.0666090551183875),
 .UNSPECIFIED.)
CURVE()
GEOMETRIC_REPRESENTATION_ITEM()
RATIONAL_B_SPLINE_CURVE((1.00180943395219,1.00268207259354,1.00350595277163))
REPRESENTATION_ITEM('')
);
#17=B_SPLINE_CURVE_WITH_KNOTS('',3,(#2452,#2453,#2454,#2455,#2456,#2457,
#2458,#2459,#2460,#2461),.UNSPECIFIED.,.F.,.F.,(4,2,2,2,4),(2.56823857435333,
2.57017264014398,2.74517747538863,2.83267989301096,2.92018231063329),
 .UNSPECIFIED.);
#18=B_SPLINE_CURVE_WITH_KNOTS('',3,(#2469,#2470,#2471,#2472,#2473,#2474,
#2475,#2476,#2477,#2478,#2479,#2480),.UNSPECIFIED.,.F.,.F.,(4,2,2,2,2,4),
(1.77635683939984E-15,0.0188494708942238,0.0376989417884458,0.0753978835768898,
0.129958217822889,0.184518552068889),.UNSPECIFIED.);
#19=B_SPLINE_CURVE_WITH_KNOTS('',3,(#2534,#2535,#2536,#2537,#2538,#2539,
#2540,#2541,#2542,#2543,#2544,#2545,#2546,#2547,#2548,#2549),
 .UNSPECIFIED.,.F.,.F.,(4,2,2,2,2,2,2,4),(1.016366955925,1.05675877663544,
1.22910228409858,1.40144579156173,1.57846048062996,1.75547516969818,1.93738794488422,
1.97524143430562),.UNSPECIFIED.);
#20=CYLINDRICAL_SURFACE('',#1715,4.50000000028602);
#21=CYLINDRICAL_SURFACE('',#1717,0.999999999999996);
#22=CYLINDRICAL_SURFACE('',#1732,4.5);
#23=CYLINDRICAL_SURFACE('',#1744,1.84999999999999);
#24=CYLINDRICAL_SURFACE('',#1749,2.2585);
#25=CYLINDRICAL_SURFACE('',#1753,1.85);
#26=CYLINDRICAL_SURFACE('',#1760,14.00026402017);
#27=CYLINDRICAL_SURFACE('',#1778,14.0002637588861);
#28=CYLINDRICAL_SURFACE('',#1781,3.00000000000001);
#29=CYLINDRICAL_SURFACE('',#1786,3.00000000000001);
#30=CYLINDRICAL_SURFACE('',#1793,1.7);
#31=CYLINDRICAL_SURFACE('',#1801,1.7);
#32=CYLINDRICAL_SURFACE('',#1813,1.7);
#33=CYLINDRICAL_SURFACE('',#1814,1.7);
#34=ELLIPSE('',#1714,20.5559623079292,14.0002637588861);
#35=ELLIPSE('',#1731,14.7184178132894,14.00026402017);
#36=ELLIPSE('',#1734,18.6303170686208,14.00026402017);
#37=ELLIPSE('',#1761,19.7993632541295,14.00026402017);
#38=ELLIPSE('',#1762,19.7993632541287,14.00026402017);
#39=ELLIPSE('',#1764,19.7993632541285,14.00026402017);
#40=ELLIPSE('',#1770,4.24264068711929,3.00000000000001);
#41=ELLIPSE('',#1780,19.7993628846181,14.0002637588861);
#42=CONICAL_SURFACE('',#1694,0.800000000000001,0.785398163397426);
#43=CONICAL_SURFACE('',#1697,4.30000000028603,0.785398163397445);
#44=CONICAL_SURFACE('',#1710,4.3,0.785398163397447);
#45=CONICAL_SURFACE('',#1742,2.04999999999999,0.785398163397448);
#46=CONICAL_SURFACE('',#1747,2.4585,0.785398163397449);
#47=CONICAL_SURFACE('',#1751,2.05,0.785398163397448);
#48=CONICAL_SURFACE('',#1803,1.9,0.78539816339746);
#49=CONICAL_SURFACE('',#1815,2.04999999999998,0.785398163397448);
#50=CONICAL_SURFACE('',#1816,2.05,0.78539816339747);
#51=CONICAL_SURFACE('',#1817,2.4585,0.785398163397382);
#52=CONICAL_SURFACE('',#1819,13.8002637588861,0.785398163397461);
#53=FACE_BOUND('',#202,.T.);
#54=FACE_BOUND('',#203,.T.);
#55=FACE_BOUND('',#205,.T.);
#56=FACE_BOUND('',#206,.T.);
#57=FACE_BOUND('',#207,.T.);
#58=FACE_BOUND('',#208,.T.);
#59=FACE_BOUND('',#236,.T.);
#60=FACE_BOUND('',#250,.T.);
#61=FACE_BOUND('',#260,.T.);
#62=FACE_BOUND('',#273,.T.);
#63=FACE_BOUND('',#291,.T.);
#64=FACE_BOUND('',#292,.T.);
#65=FACE_BOUND('',#293,.T.);
#66=FACE_BOUND('',#294,.T.);
#67=FACE_BOUND('',#296,.T.);
#68=CIRCLE('',#1682,14.0002637588861);
#69=CIRCLE('',#1683,14.00026402017);
#70=CIRCLE('',#1684,1.7);
#71=CIRCLE('',#1685,1.7);
#72=CIRCLE('',#1687,4.10000000000001);
#73=CIRCLE('',#1688,0.600000000000006);
#74=CIRCLE('',#1689,4.10000000028603);
#75=CIRCLE('',#1690,2.65849999999999);
#76=CIRCLE('',#1691,2.24999999999999);
#77=CIRCLE('',#1692,2.24999999999998);
#78=CIRCLE('',#1695,0.999999999999996);
#79=CIRCLE('',#1698,4.50000000028602);
#80=CIRCLE('',#1711,4.5);
#81=CIRCLE('',#1719,14.0002637588861);
#82=CIRCLE('',#1725,2.1);
#83=CIRCLE('',#1741,1.7);
#84=CIRCLE('',#1743,1.84999999999999);
#85=CIRCLE('',#1745,1.84999999999999);
#86=CIRCLE('',#1746,1.84999999999999);
#87=CIRCLE('',#1748,2.2585);
#88=CIRCLE('',#1750,2.2585);
#89=CIRCLE('',#1752,1.85);
#90=CIRCLE('',#1754,1.85);
#91=CIRCLE('',#1755,1.85);
#92=CIRCLE('',#1759,1.7);
#93=CIRCLE('',#1763,14.00026402017);
#94=CIRCLE('',#1767,3.00000000000001);
#95=CIRCLE('',#1768,3.00000000000001);
#96=CIRCLE('',#1775,3.00000000000001);
#97=CIRCLE('',#1776,3.00000000000001);
#98=CIRCLE('',#1779,14.0002637588861);
#99=CIRCLE('',#1782,3.00000000000001);
#100=CIRCLE('',#1784,3.00000000000001);
#101=CIRCLE('',#1785,1.7);
#102=CIRCLE('',#1787,3.00000000000001);
#103=CIRCLE('',#1794,1.7);
#104=CIRCLE('',#1802,1.7);
#105=CIRCLE('',#1806,2.24999999999998);
#106=CIRCLE('',#1807,2.6585);
#107=CIRCLE('',#1808,2.25);
#108=CIRCLE('',#1810,1.7);
#109=CIRCLE('',#1812,13.550263758886);
#110=FACE_OUTER_BOUND('',#200,.T.);
#111=FACE_OUTER_BOUND('',#201,.T.);
#112=FACE_OUTER_BOUND('',#204,.T.);
#113=FACE_OUTER_BOUND('',#209,.T.);
#114=FACE_OUTER_BOUND('',#210,.T.);
#115=FACE_OUTER_BOUND('',#211,.T.);
#116=FACE_OUTER_BOUND('',#212,.T.);
#117=FACE_OUTER_BOUND('',#213,.T.);
#118=FACE_OUTER_BOUND('',#214,.T.);
#119=FACE_OUTER_BOUND('',#215,.T.);
#120=FACE_OUTER_BOUND('',#216,.T.);
#121=FACE_OUTER_BOUND('',#217,.T.);
#122=FACE_OUTER_BOUND('',#218,.T.);
#123=FACE_OUTER_BOUND('',#219,.T.);
#124=FACE_OUTER_BOUND('',#220,.T.);
#125=FACE_OUTER_BOUND('',#221,.T.);
#126=FACE_OUTER_BOUND('',#222,.T.);
#127=FACE_OUTER_BOUND('',#223,.T.);
#128=FACE_OUTER_BOUND('',#224,.T.);
#129=FACE_OUTER_BOUND('',#225,.T.);
#130=FACE_OUTER_BOUND('',#226,.T.);
#131=FACE_OUTER_BOUND('',#227,.T.);
#132=FACE_OUTER_BOUND('',#228,.T.);
#133=FACE_OUTER_BOUND('',#229,.T.);
#134=FACE_OUTER_BOUND('',#230,.T.);
#135=FACE_OUTER_BOUND('',#231,.T.);
#136=FACE_OUTER_BOUND('',#232,.T.);
#137=FACE_OUTER_BOUND('',#233,.T.);
#138=FACE_OUTER_BOUND('',#234,.T.);
#139=FACE_OUTER_BOUND('',#235,.T.);
#140=FACE_OUTER_BOUND('',#237,.T.);
#141=FACE_OUTER_BOUND('',#238,.T.);
#142=FACE_OUTER_BOUND('',#239,.T.);
#143=FACE_OUTER_BOUND('',#240,.T.);
#144=FACE_OUTER_BOUND('',#241,.T.);
#145=FACE_OUTER_BOUND('',#242,.T.);
#146=FACE_OUTER_BOUND('',#243,.T.);
#147=FACE_OUTER_BOUND('',#244,.T.);
#148=FACE_OUTER_BOUND('',#245,.T.);
#149=FACE_OUTER_BOUND('',#246,.T.);
#150=FACE_OUTER_BOUND('',#247,.T.);
#151=FACE_OUTER_BOUND('',#248,.T.);
#152=FACE_OUTER_BOUND('',#249,.T.);
#153=FACE_OUTER_BOUND('',#251,.T.);
#154=FACE_OUTER_BOUND('',#252,.T.);
#155=FACE_OUTER_BOUND('',#253,.T.);
#156=FACE_OUTER_BOUND('',#254,.T.);
#157=FACE_OUTER_BOUND('',#255,.T.);
#158=FACE_OUTER_BOUND('',#256,.T.);
#159=FACE_OUTER_BOUND('',#257,.T.);
#160=FACE_OUTER_BOUND('',#258,.T.);
#161=FACE_OUTER_BOUND('',#259,.T.);
#162=FACE_OUTER_BOUND('',#261,.T.);
#163=FACE_OUTER_BOUND('',#262,.T.);
#164=FACE_OUTER_BOUND('',#263,.T.);
#165=FACE_OUTER_BOUND('',#264,.T.);
#166=FACE_OUTER_BOUND('',#265,.T.);
#167=FACE_OUTER_BOUND('',#266,.T.);
#168=FACE_OUTER_BOUND('',#267,.T.);
#169=FACE_OUTER_BOUND('',#268,.T.);
#170=FACE_OUTER_BOUND('',#269,.T.);
#171=FACE_OUTER_BOUND('',#270,.T.);
#172=FACE_OUTER_BOUND('',#271,.T.);
#173=FACE_OUTER_BOUND('',#272,.T.);
#174=FACE_OUTER_BOUND('',#274,.T.);
#175=FACE_OUTER_BOUND('',#275,.T.);
#176=FACE_OUTER_BOUND('',#276,.T.);
#177=FACE_OUTER_BOUND('',#277,.T.);
#178=FACE_OUTER_BOUND('',#278,.T.);
#179=FACE_OUTER_BOUND('',#279,.T.);
#180=FACE_OUTER_BOUND('',#280,.T.);
#181=FACE_OUTER_BOUND('',#281,.T.);
#182=FACE_OUTER_BOUND('',#282,.T.);
#183=FACE_OUTER_BOUND('',#283,.T.);
#184=FACE_OUTER_BOUND('',#284,.T.);
#185=FACE_OUTER_BOUND('',#285,.T.);
#186=FACE_OUTER_BOUND('',#286,.T.);
#187=FACE_OUTER_BOUND('',#287,.T.);
#188=FACE_OUTER_BOUND('',#288,.T.);
#189=FACE_OUTER_BOUND('',#289,.T.);
#190=FACE_OUTER_BOUND('',#290,.T.);
#191=FACE_OUTER_BOUND('',#295,.T.);
#192=FACE_OUTER_BOUND('',#297,.T.);
#193=FACE_OUTER_BOUND('',#298,.T.);
#194=FACE_OUTER_BOUND('',#299,.T.);
#195=FACE_OUTER_BOUND('',#300,.T.);
#196=FACE_OUTER_BOUND('',#301,.T.);
#197=FACE_OUTER_BOUND('',#302,.T.);
#198=FACE_OUTER_BOUND('',#303,.T.);
#199=FACE_OUTER_BOUND('',#304,.T.);
#200=EDGE_LOOP('',(#1012,#1013,#1014,#1015));
#201=EDGE_LOOP('',(#1016,#1017,#1018,#1019,#1020,#1021,#1022,#1023));
#202=EDGE_LOOP('',(#1024));
#203=EDGE_LOOP('',(#1025));
#204=EDGE_LOOP('',(#1026,#1027,#1028,#1029,#1030,#1031,#1032,#1033,#1034,
#1035,#1036,#1037,#1038,#1039,#1040,#1041,#1042,#1043,#1044));
#205=EDGE_LOOP('',(#1045,#1046,#1047,#1048));
#206=EDGE_LOOP('',(#1049));
#207=EDGE_LOOP('',(#1050));
#208=EDGE_LOOP('',(#1051));
#209=EDGE_LOOP('',(#1052,#1053,#1054,#1055));
#210=EDGE_LOOP('',(#1056,#1057,#1058,#1059));
#211=EDGE_LOOP('',(#1060,#1061,#1062,#1063));
#212=EDGE_LOOP('',(#1064,#1065,#1066,#1067));
#213=EDGE_LOOP('',(#1068,#1069,#1070,#1071));
#214=EDGE_LOOP('',(#1072,#1073,#1074,#1075));
#215=EDGE_LOOP('',(#1076,#1077,#1078,#1079));
#216=EDGE_LOOP('',(#1080,#1081,#1082,#1083));
#217=EDGE_LOOP('',(#1084,#1085,#1086,#1087));
#218=EDGE_LOOP('',(#1088,#1089,#1090,#1091));
#219=EDGE_LOOP('',(#1092,#1093,#1094,#1095));
#220=EDGE_LOOP('',(#1096,#1097,#1098,#1099));
#221=EDGE_LOOP('',(#1100,#1101,#1102,#1103));
#222=EDGE_LOOP('',(#1104,#1105,#1106,#1107));
#223=EDGE_LOOP('',(#1108,#1109,#1110,#1111));
#224=EDGE_LOOP('',(#1112,#1113,#1114,#1115));
#225=EDGE_LOOP('',(#1116,#1117,#1118,#1119));
#226=EDGE_LOOP('',(#1120,#1121,#1122,#1123));
#227=EDGE_LOOP('',(#1124,#1125,#1126,#1127));
#228=EDGE_LOOP('',(#1128,#1129,#1130,#1131));
#229=EDGE_LOOP('',(#1132,#1133,#1134,#1135));
#230=EDGE_LOOP('',(#1136,#1137,#1138,#1139));
#231=EDGE_LOOP('',(#1140,#1141,#1142,#1143));
#232=EDGE_LOOP('',(#1144,#1145,#1146,#1147));
#233=EDGE_LOOP('',(#1148,#1149,#1150,#1151));
#234=EDGE_LOOP('',(#1152,#1153,#1154,#1155));
#235=EDGE_LOOP('',(#1156,#1157,#1158,#1159,#1160,#1161));
#236=EDGE_LOOP('',(#1162));
#237=EDGE_LOOP('',(#1163,#1164,#1165,#1166));
#238=EDGE_LOOP('',(#1167,#1168,#1169,#1170));
#239=EDGE_LOOP('',(#1171,#1172,#1173,#1174));
#240=EDGE_LOOP('',(#1175,#1176,#1177,#1178));
#241=EDGE_LOOP('',(#1179,#1180,#1181,#1182));
#242=EDGE_LOOP('',(#1183,#1184,#1185,#1186));
#243=EDGE_LOOP('',(#1187,#1188,#1189,#1190));
#244=EDGE_LOOP('',(#1191,#1192,#1193,#1194));
#245=EDGE_LOOP('',(#1195,#1196,#1197,#1198));
#246=EDGE_LOOP('',(#1199,#1200,#1201,#1202));
#247=EDGE_LOOP('',(#1203,#1204,#1205,#1206));
#248=EDGE_LOOP('',(#1207,#1208,#1209,#1210));
#249=EDGE_LOOP('',(#1211,#1212,#1213,#1214,#1215,#1216,#1217,#1218));
#250=EDGE_LOOP('',(#1219));
#251=EDGE_LOOP('',(#1220,#1221,#1222,#1223));
#252=EDGE_LOOP('',(#1224,#1225,#1226,#1227,#1228));
#253=EDGE_LOOP('',(#1229,#1230,#1231,#1232));
#254=EDGE_LOOP('',(#1233,#1234,#1235,#1236));
#255=EDGE_LOOP('',(#1237,#1238,#1239,#1240));
#256=EDGE_LOOP('',(#1241,#1242,#1243,#1244,#1245));
#257=EDGE_LOOP('',(#1246,#1247,#1248,#1249));
#258=EDGE_LOOP('',(#1250,#1251,#1252,#1253));
#259=EDGE_LOOP('',(#1254,#1255,#1256,#1257,#1258,#1259,#1260,#1261));
#260=EDGE_LOOP('',(#1262));
#261=EDGE_LOOP('',(#1263,#1264,#1265,#1266,#1267,#1268,#1269,#1270,#1271,
#1272,#1273));
#262=EDGE_LOOP('',(#1274,#1275,#1276,#1277,#1278,#1279));
#263=EDGE_LOOP('',(#1280,#1281,#1282,#1283,#1284,#1285,#1286));
#264=EDGE_LOOP('',(#1287,#1288,#1289,#1290,#1291,#1292));
#265=EDGE_LOOP('',(#1293,#1294,#1295,#1296,#1297));
#266=EDGE_LOOP('',(#1298,#1299,#1300,#1301,#1302));
#267=EDGE_LOOP('',(#1303,#1304,#1305,#1306,#1307,#1308));
#268=EDGE_LOOP('',(#1309,#1310,#1311,#1312,#1313));
#269=EDGE_LOOP('',(#1314,#1315,#1316,#1317,#1318));
#270=EDGE_LOOP('',(#1319,#1320,#1321,#1322,#1323,#1324,#1325,#1326,#1327,
#1328));
#271=EDGE_LOOP('',(#1329,#1330,#1331,#1332,#1333,#1334));
#272=EDGE_LOOP('',(#1335));
#273=EDGE_LOOP('',(#1336));
#274=EDGE_LOOP('',(#1337,#1338,#1339,#1340,#1341,#1342));
#275=EDGE_LOOP('',(#1343,#1344,#1345,#1346,#1347,#1348));
#276=EDGE_LOOP('',(#1349,#1350,#1351,#1352,#1353,#1354));
#277=EDGE_LOOP('',(#1355,#1356,#1357,#1358));
#278=EDGE_LOOP('',(#1359,#1360,#1361,#1362,#1363));
#279=EDGE_LOOP('',(#1364,#1365,#1366,#1367,#1368));
#280=EDGE_LOOP('',(#1369,#1370,#1371,#1372));
#281=EDGE_LOOP('',(#1373));
#282=EDGE_LOOP('',(#1374,#1375,#1376,#1377));
#283=EDGE_LOOP('',(#1378,#1379,#1380,#1381));
#284=EDGE_LOOP('',(#1382,#1383,#1384,#1385));
#285=EDGE_LOOP('',(#1386,#1387,#1388,#1389));
#286=EDGE_LOOP('',(#1390,#1391,#1392,#1393,#1394,#1395));
#287=EDGE_LOOP('',(#1396,#1397,#1398,#1399));
#288=EDGE_LOOP('',(#1400,#1401,#1402,#1403));
#289=EDGE_LOOP('',(#1404,#1405,#1406,#1407,#1408,#1409,#1410));
#290=EDGE_LOOP('',(#1411,#1412,#1413,#1414,#1415,#1416,#1417,#1418));
#291=EDGE_LOOP('',(#1419,#1420,#1421,#1422));
#292=EDGE_LOOP('',(#1423));
#293=EDGE_LOOP('',(#1424));
#294=EDGE_LOOP('',(#1425));
#295=EDGE_LOOP('',(#1426));
#296=EDGE_LOOP('',(#1427));
#297=EDGE_LOOP('',(#1428,#1429,#1430,#1431));
#298=EDGE_LOOP('',(#1432,#1433,#1434,#1435));
#299=EDGE_LOOP('',(#1436,#1437,#1438,#1439));
#300=EDGE_LOOP('',(#1440,#1441,#1442,#1443,#1444));
#301=EDGE_LOOP('',(#1445,#1446,#1447,#1448,#1449));
#302=EDGE_LOOP('',(#1450,#1451,#1452,#1453));
#303=EDGE_LOOP('',(#1454,#1455,#1456,#1457,#1458));
#304=EDGE_LOOP('',(#1459,#1460,#1461,#1462,#1463));
#305=LINE('',#2307,#476);
#306=LINE('',#2309,#477);
#307=LINE('',#2311,#478);
#308=LINE('',#2312,#479);
#309=LINE('',#2315,#480);
#310=LINE('',#2317,#481);
#311=LINE('',#2319,#482);
#312=LINE('',#2323,#483);
#313=LINE('',#2326,#484);
#314=LINE('',#2333,#485);
#315=LINE('',#2337,#486);
#316=LINE('',#2339,#487);
#317=LINE('',#2341,#488);
#318=LINE('',#2343,#489);
#319=LINE('',#2345,#490);
#320=LINE('',#2347,#491);
#321=LINE('',#2349,#492);
#322=LINE('',#2351,#493);
#323=LINE('',#2353,#494);
#324=LINE('',#2355,#495);
#325=LINE('',#2357,#496);
#326=LINE('',#2361,#497);
#327=LINE('',#2364,#498);
#328=LINE('',#2367,#499);
#329=LINE('',#2369,#500);
#330=LINE('',#2371,#501);
#331=LINE('',#2372,#502);
#332=LINE('',#2382,#503);
#333=LINE('',#2383,#504);
#334=LINE('',#2384,#505);
#335=LINE('',#2387,#506);
#336=LINE('',#2391,#507);
#337=LINE('',#2392,#508);
#338=LINE('',#2395,#509);
#339=LINE('',#2398,#510);
#340=LINE('',#2401,#511);
#341=LINE('',#2402,#512);
#342=LINE('',#2405,#513);
#343=LINE('',#2406,#514);
#344=LINE('',#2409,#515);
#345=LINE('',#2410,#516);
#346=LINE('',#2413,#517);
#347=LINE('',#2414,#518);
#348=LINE('',#2417,#519);
#349=LINE('',#2418,#520);
#350=LINE('',#2421,#521);
#351=LINE('',#2422,#522);
#352=LINE('',#2425,#523);
#353=LINE('',#2426,#524);
#354=LINE('',#2429,#525);
#355=LINE('',#2430,#526);
#356=LINE('',#2433,#527);
#357=LINE('',#2434,#528);
#358=LINE('',#2437,#529);
#359=LINE('',#2438,#530);
#360=LINE('',#2441,#531);
#361=LINE('',#2444,#532);
#362=LINE('',#2447,#533);
#363=LINE('',#2451,#534);
#364=LINE('',#2464,#535);
#365=LINE('',#2465,#536);
#366=LINE('',#2468,#537);
#367=LINE('',#2483,#538);
#368=LINE('',#2487,#539);
#369=LINE('',#2488,#540);
#370=LINE('',#2491,#541);
#371=LINE('',#2492,#542);
#372=LINE('',#2495,#543);
#373=LINE('',#2496,#544);
#374=LINE('',#2499,#545);
#375=LINE('',#2500,#546);
#376=LINE('',#2503,#547);
#377=LINE('',#2505,#548);
#378=LINE('',#2507,#549);
#379=LINE('',#2508,#550);
#380=LINE('',#2513,#551);
#381=LINE('',#2514,#552);
#382=LINE('',#2517,#553);
#383=LINE('',#2518,#554);
#384=LINE('',#2521,#555);
#385=LINE('',#2522,#556);
#386=LINE('',#2525,#557);
#387=LINE('',#2526,#558);
#388=LINE('',#2529,#559);
#389=LINE('',#2533,#560);
#390=LINE('',#2552,#561);
#391=LINE('',#2556,#562);
#392=LINE('',#2558,#563);
#393=LINE('',#2559,#564);
#394=LINE('',#2562,#565);
#395=LINE('',#2563,#566);
#396=LINE('',#2566,#567);
#397=LINE('',#2567,#568);
#398=LINE('',#2569,#569);
#399=LINE('',#2572,#570);
#400=LINE('',#2574,#571);
#401=LINE('',#2575,#572);
#402=LINE('',#2578,#573);
#403=LINE('',#2580,#574);
#404=LINE('',#2582,#575);
#405=LINE('',#2584,#576);
#406=LINE('',#2586,#577);
#407=LINE('',#2587,#578);
#408=LINE('',#2592,#579);
#409=LINE('',#2599,#580);
#410=LINE('',#2602,#581);
#411=LINE('',#2607,#582);
#412=LINE('',#2610,#583);
#413=LINE('',#2616,#584);
#414=LINE('',#2619,#585);
#415=LINE('',#2622,#586);
#416=LINE('',#2623,#587);
#417=LINE('',#2626,#588);
#418=LINE('',#2628,#589);
#419=LINE('',#2630,#590);
#420=LINE('',#2632,#591);
#421=LINE('',#2633,#592);
#422=LINE('',#2640,#593);
#423=LINE('',#2648,#594);
#424=LINE('',#2650,#595);
#425=LINE('',#2652,#596);
#426=LINE('',#2654,#597);
#427=LINE('',#2655,#598);
#428=LINE('',#2658,#599);
#429=LINE('',#2663,#600);
#430=LINE('',#2664,#601);
#431=LINE('',#2669,#602);
#432=LINE('',#2670,#603);
#433=LINE('',#2673,#604);
#434=LINE('',#2675,#605);
#435=LINE('',#2676,#606);
#436=LINE('',#2679,#607);
#437=LINE('',#2681,#608);
#438=LINE('',#2683,#609);
#439=LINE('',#2684,#610);
#440=LINE('',#2687,#611);
#441=LINE('',#2689,#612);
#442=LINE('',#2695,#613);
#443=LINE('',#2696,#614);
#444=LINE('',#2701,#615);
#445=LINE('',#2705,#616);
#446=LINE('',#2714,#617);
#447=LINE('',#2717,#618);
#448=LINE('',#2719,#619);
#449=LINE('',#2720,#620);
#450=LINE('',#2723,#621);
#451=LINE('',#2725,#622);
#452=LINE('',#2726,#623);
#453=LINE('',#2728,#624);
#454=LINE('',#2731,#625);
#455=LINE('',#2732,#626);
#456=LINE('',#2735,#627);
#457=LINE('',#2737,#628);
#458=LINE('',#2738,#629);
#459=LINE('',#2742,#630);
#460=LINE('',#2745,#631);
#461=LINE('',#2746,#632);
#462=LINE('',#2749,#633);
#463=LINE('',#2750,#634);
#464=LINE('',#2753,#635);
#465=LINE('',#2756,#636);
#466=LINE('',#2759,#637);
#467=LINE('',#2762,#638);
#468=LINE('',#2764,#639);
#469=LINE('',#2769,#640);
#470=LINE('',#2771,#641);
#471=LINE('',#2784,#642);
#472=LINE('',#2786,#643);
#473=LINE('',#2788,#644);
#474=LINE('',#2790,#645);
#475=LINE('',#2792,#646);
#476=VECTOR('',#1839,10.);
#477=VECTOR('',#1840,10.);
#478=VECTOR('',#1841,10.);
#479=VECTOR('',#1842,10.);
#480=VECTOR('',#1845,10.);
#481=VECTOR('',#1846,10.);
#482=VECTOR('',#1847,10.);
#483=VECTOR('',#1850,10.);
#484=VECTOR('',#1853,10.);
#485=VECTOR('',#1860,10.);
#486=VECTOR('',#1863,10.);
#487=VECTOR('',#1864,10.);
#488=VECTOR('',#1865,10.);
#489=VECTOR('',#1866,10.);
#490=VECTOR('',#1867,10.);
#491=VECTOR('',#1868,10.);
#492=VECTOR('',#1869,10.);
#493=VECTOR('',#1870,10.);
#494=VECTOR('',#1871,10.);
#495=VECTOR('',#1872,10.);
#496=VECTOR('',#1873,10.);
#497=VECTOR('',#1876,10.);
#498=VECTOR('',#1879,10.);
#499=VECTOR('',#1880,10.);
#500=VECTOR('',#1881,10.);
#501=VECTOR('',#1882,10.);
#502=VECTOR('',#1883,10.);
#503=VECTOR('',#1892,10.);
#504=VECTOR('',#1893,10.);
#505=VECTOR('',#1894,10.);
#506=VECTOR('',#1897,10.);
#507=VECTOR('',#1902,10.);
#508=VECTOR('',#1903,10.);
#509=VECTOR('',#1906,10.);
#510=VECTOR('',#1911,10.);
#511=VECTOR('',#1914,10.);
#512=VECTOR('',#1915,10.);
#513=VECTOR('',#1918,10.);
#514=VECTOR('',#1919,10.);
#515=VECTOR('',#1922,10.);
#516=VECTOR('',#1923,10.);
#517=VECTOR('',#1926,10.);
#518=VECTOR('',#1927,10.);
#519=VECTOR('',#1930,10.);
#520=VECTOR('',#1931,10.);
#521=VECTOR('',#1934,10.);
#522=VECTOR('',#1935,10.);
#523=VECTOR('',#1938,10.);
#524=VECTOR('',#1939,10.);
#525=VECTOR('',#1942,10.);
#526=VECTOR('',#1943,10.);
#527=VECTOR('',#1946,10.);
#528=VECTOR('',#1947,10.);
#529=VECTOR('',#1950,10.);
#530=VECTOR('',#1951,10.);
#531=VECTOR('',#1954,10.);
#532=VECTOR('',#1959,10.);
#533=VECTOR('',#1962,10.);
#534=VECTOR('',#1967,10.);
#535=VECTOR('',#1970,10.);
#536=VECTOR('',#1971,10.);
#537=VECTOR('',#1974,10.);
#538=VECTOR('',#1977,10.);
#539=VECTOR('',#1982,10.);
#540=VECTOR('',#1983,10.);
#541=VECTOR('',#1986,10.);
#542=VECTOR('',#1987,10.);
#543=VECTOR('',#1990,10.);
#544=VECTOR('',#1991,10.);
#545=VECTOR('',#1994,10.);
#546=VECTOR('',#1995,10.);
#547=VECTOR('',#1998,10.);
#548=VECTOR('',#1999,10.);
#549=VECTOR('',#2000,10.);
#550=VECTOR('',#2001,10.);
#551=VECTOR('',#2006,10.);
#552=VECTOR('',#2007,10.);
#553=VECTOR('',#2010,10.);
#554=VECTOR('',#2011,10.);
#555=VECTOR('',#2014,10.);
#556=VECTOR('',#2015,10.);
#557=VECTOR('',#2018,10.);
#558=VECTOR('',#2019,10.);
#559=VECTOR('',#2022,10.);
#560=VECTOR('',#2027,10.);
#561=VECTOR('',#2030,10.);
#562=VECTOR('',#2035,10.);
#563=VECTOR('',#2036,10.);
#564=VECTOR('',#2037,10.);
#565=VECTOR('',#2040,10.);
#566=VECTOR('',#2041,10.);
#567=VECTOR('',#2044,10.);
#568=VECTOR('',#2045,10.);
#569=VECTOR('',#2048,10.);
#570=VECTOR('',#2051,10.);
#571=VECTOR('',#2052,10.);
#572=VECTOR('',#2053,10.);
#573=VECTOR('',#2056,10.);
#574=VECTOR('',#2057,10.);
#575=VECTOR('',#2058,10.);
#576=VECTOR('',#2059,10.);
#577=VECTOR('',#2060,10.);
#578=VECTOR('',#2061,10.);
#579=VECTOR('',#2066,2.04999999999999);
#580=VECTOR('',#2075,1.84999999999999);
#581=VECTOR('',#2078,2.4585);
#582=VECTOR('',#2085,2.2585);
#583=VECTOR('',#2088,2.04999999999999);
#584=VECTOR('',#2095,1.85);
#585=VECTOR('',#2100,10.);
#586=VECTOR('',#2103,10.);
#587=VECTOR('',#2104,10.);
#588=VECTOR('',#2107,10.);
#589=VECTOR('',#2108,10.);
#590=VECTOR('',#2109,10.);
#591=VECTOR('',#2110,10.);
#592=VECTOR('',#2111,10.);
#593=VECTOR('',#2118,10.);
#594=VECTOR('',#2127,10.);
#595=VECTOR('',#2128,10.);
#596=VECTOR('',#2129,10.);
#597=VECTOR('',#2130,10.);
#598=VECTOR('',#2131,10.);
#599=VECTOR('',#2134,10.);
#600=VECTOR('',#2139,10.);
#601=VECTOR('',#2140,10.);
#602=VECTOR('',#2147,10.);
#603=VECTOR('',#2148,10.);
#604=VECTOR('',#2151,10.);
#605=VECTOR('',#2152,10.);
#606=VECTOR('',#2153,10.);
#607=VECTOR('',#2156,10.);
#608=VECTOR('',#2157,10.);
#609=VECTOR('',#2158,10.);
#610=VECTOR('',#2159,10.);
#611=VECTOR('',#2162,10.);
#612=VECTOR('',#2163,10.);
#613=VECTOR('',#2170,10.);
#614=VECTOR('',#2171,10.);
#615=VECTOR('',#2176,10.);
#616=VECTOR('',#2181,3.00000000000001);
#617=VECTOR('',#2194,3.00000000000001);
#618=VECTOR('',#2197,10.);
#619=VECTOR('',#2198,10.);
#620=VECTOR('',#2199,10.);
#621=VECTOR('',#2202,10.);
#622=VECTOR('',#2203,10.);
#623=VECTOR('',#2204,10.);
#624=VECTOR('',#2207,10.);
#625=VECTOR('',#2210,10.);
#626=VECTOR('',#2211,10.);
#627=VECTOR('',#2214,10.);
#628=VECTOR('',#2215,10.);
#629=VECTOR('',#2216,10.);
#630=VECTOR('',#2221,1.7);
#631=VECTOR('',#2226,10.);
#632=VECTOR('',#2227,10.);
#633=VECTOR('',#2232,10.);
#634=VECTOR('',#2233,10.);
#635=VECTOR('',#2238,10.);
#636=VECTOR('',#2241,1.7);
#637=VECTOR('',#2246,1.9);
#638=VECTOR('',#2249,10.);
#639=VECTOR('',#2250,10.);
#640=VECTOR('',#2251,10.);
#641=VECTOR('',#2254,10.);
#642=VECTOR('',#2271,1.7);
#643=VECTOR('',#2274,1.7);
#644=VECTOR('',#2277,2.04999999999998);
#645=VECTOR('',#2280,2.05);
#646=VECTOR('',#2283,2.4585);
#647=VERTEX_POINT('',#2305);
#648=VERTEX_POINT('',#2306);
#649=VERTEX_POINT('',#2308);
#650=VERTEX_POINT('',#2310);
#651=VERTEX_POINT('',#2314);
#652=VERTEX_POINT('',#2316);
#653=VERTEX_POINT('',#2318);
#654=VERTEX_POINT('',#2320);
#655=VERTEX_POINT('',#2322);
#656=VERTEX_POINT('',#2324);
#657=VERTEX_POINT('',#2327);
#658=VERTEX_POINT('',#2329);
#659=VERTEX_POINT('',#2332);
#660=VERTEX_POINT('',#2334);
#661=VERTEX_POINT('',#2336);
#662=VERTEX_POINT('',#2338);
#663=VERTEX_POINT('',#2340);
#664=VERTEX_POINT('',#2342);
#665=VERTEX_POINT('',#2344);
#666=VERTEX_POINT('',#2346);
#667=VERTEX_POINT('',#2348);
#668=VERTEX_POINT('',#2350);
#669=VERTEX_POINT('',#2352);
#670=VERTEX_POINT('',#2354);
#671=VERTEX_POINT('',#2356);
#672=VERTEX_POINT('',#2358);
#673=VERTEX_POINT('',#2360);
#674=VERTEX_POINT('',#2362);
#675=VERTEX_POINT('',#2365);
#676=VERTEX_POINT('',#2366);
#677=VERTEX_POINT('',#2368);
#678=VERTEX_POINT('',#2370);
#679=VERTEX_POINT('',#2373);
#680=VERTEX_POINT('',#2375);
#681=VERTEX_POINT('',#2377);
#682=VERTEX_POINT('',#2380);
#683=VERTEX_POINT('',#2381);
#684=VERTEX_POINT('',#2386);
#685=VERTEX_POINT('',#2390);
#686=VERTEX_POINT('',#2394);
#687=VERTEX_POINT('',#2400);
#688=VERTEX_POINT('',#2404);
#689=VERTEX_POINT('',#2408);
#690=VERTEX_POINT('',#2412);
#691=VERTEX_POINT('',#2416);
#692=VERTEX_POINT('',#2420);
#693=VERTEX_POINT('',#2424);
#694=VERTEX_POINT('',#2428);
#695=VERTEX_POINT('',#2432);
#696=VERTEX_POINT('',#2436);
#697=VERTEX_POINT('',#2440);
#698=VERTEX_POINT('',#2446);
#699=VERTEX_POINT('',#2450);
#700=VERTEX_POINT('',#2463);
#701=VERTEX_POINT('',#2467);
#702=VERTEX_POINT('',#2482);
#703=VERTEX_POINT('',#2486);
#704=VERTEX_POINT('',#2490);
#705=VERTEX_POINT('',#2494);
#706=VERTEX_POINT('',#2498);
#707=VERTEX_POINT('',#2502);
#708=VERTEX_POINT('',#2504);
#709=VERTEX_POINT('',#2506);
#710=VERTEX_POINT('',#2509);
#711=VERTEX_POINT('',#2512);
#712=VERTEX_POINT('',#2516);
#713=VERTEX_POINT('',#2520);
#714=VERTEX_POINT('',#2524);
#715=VERTEX_POINT('',#2528);
#716=VERTEX_POINT('',#2532);
#717=VERTEX_POINT('',#2551);
#718=VERTEX_POINT('',#2555);
#719=VERTEX_POINT('',#2557);
#720=VERTEX_POINT('',#2561);
#721=VERTEX_POINT('',#2565);
#722=VERTEX_POINT('',#2571);
#723=VERTEX_POINT('',#2573);
#724=VERTEX_POINT('',#2577);
#725=VERTEX_POINT('',#2579);
#726=VERTEX_POINT('',#2581);
#727=VERTEX_POINT('',#2583);
#728=VERTEX_POINT('',#2585);
#729=VERTEX_POINT('',#2588);
#730=VERTEX_POINT('',#2591);
#731=VERTEX_POINT('',#2595);
#732=VERTEX_POINT('',#2596);
#733=VERTEX_POINT('',#2601);
#734=VERTEX_POINT('',#2605);
#735=VERTEX_POINT('',#2609);
#736=VERTEX_POINT('',#2613);
#737=VERTEX_POINT('',#2614);
#738=VERTEX_POINT('',#2621);
#739=VERTEX_POINT('',#2625);
#740=VERTEX_POINT('',#2627);
#741=VERTEX_POINT('',#2629);
#742=VERTEX_POINT('',#2631);
#743=VERTEX_POINT('',#2634);
#744=VERTEX_POINT('',#2637);
#745=VERTEX_POINT('',#2639);
#746=VERTEX_POINT('',#2641);
#747=VERTEX_POINT('',#2643);
#748=VERTEX_POINT('',#2647);
#749=VERTEX_POINT('',#2649);
#750=VERTEX_POINT('',#2651);
#751=VERTEX_POINT('',#2653);
#752=VERTEX_POINT('',#2657);
#753=VERTEX_POINT('',#2659);
#754=VERTEX_POINT('',#2661);
#755=VERTEX_POINT('',#2668);
#756=VERTEX_POINT('',#2672);
#757=VERTEX_POINT('',#2674);
#758=VERTEX_POINT('',#2678);
#759=VERTEX_POINT('',#2680);
#760=VERTEX_POINT('',#2682);
#761=VERTEX_POINT('',#2686);
#762=VERTEX_POINT('',#2688);
#763=VERTEX_POINT('',#2690);
#764=VERTEX_POINT('',#2694);
#765=VERTEX_POINT('',#2698);
#766=VERTEX_POINT('',#2700);
#767=VERTEX_POINT('',#2704);
#768=VERTEX_POINT('',#2708);
#769=VERTEX_POINT('',#2710);
#770=VERTEX_POINT('',#2716);
#771=VERTEX_POINT('',#2718);
#772=VERTEX_POINT('',#2722);
#773=VERTEX_POINT('',#2724);
#774=VERTEX_POINT('',#2730);
#775=VERTEX_POINT('',#2734);
#776=VERTEX_POINT('',#2736);
#777=VERTEX_POINT('',#2740);
#778=VERTEX_POINT('',#2755);
#779=VERTEX_POINT('',#2761);
#780=VERTEX_POINT('',#2763);
#781=VERTEX_POINT('',#2765);
#782=VERTEX_POINT('',#2772);
#783=VERTEX_POINT('',#2774);
#784=VERTEX_POINT('',#2776);
#785=VERTEX_POINT('',#2779);
#786=EDGE_CURVE('',#647,#648,#305,.T.);
#787=EDGE_CURVE('',#648,#649,#306,.T.);
#788=EDGE_CURVE('',#649,#650,#307,.F.);
#789=EDGE_CURVE('',#650,#647,#308,.T.);
#790=EDGE_CURVE('',#651,#647,#309,.T.);
#791=EDGE_CURVE('',#652,#651,#310,.T.);
#792=EDGE_CURVE('',#653,#652,#311,.T.);
#793=EDGE_CURVE('',#653,#654,#68,.T.);
#794=EDGE_CURVE('',#655,#654,#312,.T.);
#795=EDGE_CURVE('',#656,#655,#69,.T.);
#796=EDGE_CURVE('',#656,#648,#313,.T.);
#797=EDGE_CURVE('',#657,#657,#70,.T.);
#798=EDGE_CURVE('',#658,#658,#71,.T.);
#799=EDGE_CURVE('',#659,#650,#314,.T.);
#800=EDGE_CURVE('',#660,#659,#72,.T.);
#801=EDGE_CURVE('',#661,#660,#315,.T.);
#802=EDGE_CURVE('',#662,#661,#316,.T.);
#803=EDGE_CURVE('',#663,#662,#317,.T.);
#804=EDGE_CURVE('',#664,#663,#318,.T.);
#805=EDGE_CURVE('',#665,#664,#319,.T.);
#806=EDGE_CURVE('',#666,#665,#320,.T.);
#807=EDGE_CURVE('',#667,#666,#321,.T.);
#808=EDGE_CURVE('',#668,#667,#322,.T.);
#809=EDGE_CURVE('',#669,#668,#323,.T.);
#810=EDGE_CURVE('',#670,#669,#324,.T.);
#811=EDGE_CURVE('',#671,#670,#325,.T.);
#812=EDGE_CURVE('',#672,#671,#73,.T.);
#813=EDGE_CURVE('',#673,#672,#326,.T.);
#814=EDGE_CURVE('',#674,#673,#74,.T.);
#815=EDGE_CURVE('',#651,#674,#327,.T.);
#816=EDGE_CURVE('',#675,#676,#328,.T.);
#817=EDGE_CURVE('',#677,#675,#329,.T.);
#818=EDGE_CURVE('',#678,#677,#330,.T.);
#819=EDGE_CURVE('',#676,#678,#331,.T.);
#820=EDGE_CURVE('',#679,#679,#75,.T.);
#821=EDGE_CURVE('',#680,#680,#76,.T.);
#822=EDGE_CURVE('',#681,#681,#77,.T.);
#823=EDGE_CURVE('',#682,#683,#332,.T.);
#824=EDGE_CURVE('',#683,#671,#333,.T.);
#825=EDGE_CURVE('',#670,#682,#334,.T.);
#826=EDGE_CURVE('',#684,#672,#335,.T.);
#827=EDGE_CURVE('',#683,#684,#78,.T.);
#828=EDGE_CURVE('',#685,#673,#336,.T.);
#829=EDGE_CURVE('',#684,#685,#337,.T.);
#830=EDGE_CURVE('',#686,#674,#338,.T.);
#831=EDGE_CURVE('',#685,#686,#79,.T.);
#832=EDGE_CURVE('',#686,#652,#339,.T.);
#833=EDGE_CURVE('',#687,#682,#340,.T.);
#834=EDGE_CURVE('',#669,#687,#341,.T.);
#835=EDGE_CURVE('',#688,#687,#342,.T.);
#836=EDGE_CURVE('',#668,#688,#343,.T.);
#837=EDGE_CURVE('',#689,#688,#344,.T.);
#838=EDGE_CURVE('',#667,#689,#345,.T.);
#839=EDGE_CURVE('',#690,#689,#346,.T.);
#840=EDGE_CURVE('',#666,#690,#347,.T.);
#841=EDGE_CURVE('',#691,#690,#348,.T.);
#842=EDGE_CURVE('',#665,#691,#349,.T.);
#843=EDGE_CURVE('',#692,#691,#350,.T.);
#844=EDGE_CURVE('',#664,#692,#351,.T.);
#845=EDGE_CURVE('',#693,#692,#352,.T.);
#846=EDGE_CURVE('',#663,#693,#353,.T.);
#847=EDGE_CURVE('',#694,#693,#354,.T.);
#848=EDGE_CURVE('',#662,#694,#355,.T.);
#849=EDGE_CURVE('',#695,#694,#356,.T.);
#850=EDGE_CURVE('',#661,#695,#357,.T.);
#851=EDGE_CURVE('',#649,#696,#358,.T.);
#852=EDGE_CURVE('',#696,#659,#359,.T.);
#853=EDGE_CURVE('',#697,#660,#360,.T.);
#854=EDGE_CURVE('',#696,#697,#80,.T.);
#855=EDGE_CURVE('',#697,#695,#361,.T.);
#856=EDGE_CURVE('',#686,#698,#362,.T.);
#857=EDGE_CURVE('',#653,#698,#34,.T.);
#858=EDGE_CURVE('',#699,#685,#363,.T.);
#859=EDGE_CURVE('',#698,#699,#17,.T.);
#860=EDGE_CURVE('',#700,#684,#364,.T.);
#861=EDGE_CURVE('',#699,#700,#365,.T.);
#862=EDGE_CURVE('',#683,#701,#366,.T.);
#863=EDGE_CURVE('',#700,#701,#18,.T.);
#864=EDGE_CURVE('',#702,#682,#367,.T.);
#865=EDGE_CURVE('',#701,#702,#81,.T.);
#866=EDGE_CURVE('',#703,#687,#368,.T.);
#867=EDGE_CURVE('',#702,#703,#369,.T.);
#868=EDGE_CURVE('',#704,#688,#370,.T.);
#869=EDGE_CURVE('',#703,#704,#371,.T.);
#870=EDGE_CURVE('',#705,#689,#372,.T.);
#871=EDGE_CURVE('',#705,#704,#373,.T.);
#872=EDGE_CURVE('',#706,#690,#374,.T.);
#873=EDGE_CURVE('',#705,#706,#375,.T.);
#874=EDGE_CURVE('',#707,#691,#376,.T.);
#875=EDGE_CURVE('',#708,#707,#377,.T.);
#876=EDGE_CURVE('',#709,#708,#378,.T.);
#877=EDGE_CURVE('',#706,#709,#379,.T.);
#878=EDGE_CURVE('',#710,#710,#82,.T.);
#879=EDGE_CURVE('',#711,#692,#380,.T.);
#880=EDGE_CURVE('',#711,#707,#381,.T.);
#881=EDGE_CURVE('',#712,#693,#382,.T.);
#882=EDGE_CURVE('',#712,#711,#383,.T.);
#883=EDGE_CURVE('',#713,#694,#384,.T.);
#884=EDGE_CURVE('',#712,#713,#385,.T.);
#885=EDGE_CURVE('',#714,#695,#386,.T.);
#886=EDGE_CURVE('',#713,#714,#387,.T.);
#887=EDGE_CURVE('',#715,#697,#388,.T.);
#888=EDGE_CURVE('',#714,#715,#35,.T.);
#889=EDGE_CURVE('',#696,#716,#389,.T.);
#890=EDGE_CURVE('',#715,#716,#19,.F.);
#891=EDGE_CURVE('',#717,#649,#390,.T.);
#892=EDGE_CURVE('',#716,#717,#36,.T.);
#893=EDGE_CURVE('',#676,#718,#391,.T.);
#894=EDGE_CURVE('',#718,#719,#392,.T.);
#895=EDGE_CURVE('',#675,#719,#393,.T.);
#896=EDGE_CURVE('',#678,#720,#394,.T.);
#897=EDGE_CURVE('',#720,#718,#395,.T.);
#898=EDGE_CURVE('',#677,#721,#396,.T.);
#899=EDGE_CURVE('',#721,#720,#397,.T.);
#900=EDGE_CURVE('',#719,#721,#398,.T.);
#901=EDGE_CURVE('',#719,#722,#399,.T.);
#902=EDGE_CURVE('',#722,#723,#400,.T.);
#903=EDGE_CURVE('',#721,#723,#401,.T.);
#904=EDGE_CURVE('',#718,#724,#402,.T.);
#905=EDGE_CURVE('',#724,#725,#403,.T.);
#906=EDGE_CURVE('',#726,#725,#404,.T.);
#907=EDGE_CURVE('',#727,#726,#405,.T.);
#908=EDGE_CURVE('',#728,#727,#406,.T.);
#909=EDGE_CURVE('',#728,#722,#407,.T.);
#910=EDGE_CURVE('',#729,#729,#83,.T.);
#911=EDGE_CURVE('',#681,#730,#408,.T.);
#912=EDGE_CURVE('',#730,#730,#84,.T.);
#913=EDGE_CURVE('',#731,#732,#85,.T.);
#914=EDGE_CURVE('',#732,#731,#86,.T.);
#915=EDGE_CURVE('',#732,#730,#409,.T.);
#916=EDGE_CURVE('',#679,#733,#410,.T.);
#917=EDGE_CURVE('',#733,#733,#87,.T.);
#918=EDGE_CURVE('',#734,#734,#88,.T.);
#919=EDGE_CURVE('',#734,#733,#411,.T.);
#920=EDGE_CURVE('',#680,#735,#412,.T.);
#921=EDGE_CURVE('',#735,#735,#89,.T.);
#922=EDGE_CURVE('',#736,#737,#90,.T.);
#923=EDGE_CURVE('',#736,#735,#413,.T.);
#924=EDGE_CURVE('',#737,#736,#91,.T.);
#925=EDGE_CURVE('',#717,#656,#414,.T.);
#926=EDGE_CURVE('',#720,#738,#415,.T.);
#927=EDGE_CURVE('',#738,#724,#416,.T.);
#928=EDGE_CURVE('',#723,#739,#417,.T.);
#929=EDGE_CURVE('',#740,#739,#418,.T.);
#930=EDGE_CURVE('',#741,#740,#419,.T.);
#931=EDGE_CURVE('',#742,#741,#420,.T.);
#932=EDGE_CURVE('',#742,#738,#421,.T.);
#933=EDGE_CURVE('',#743,#743,#92,.T.);
#934=EDGE_CURVE('',#655,#744,#37,.T.);
#935=EDGE_CURVE('',#745,#744,#422,.T.);
#936=EDGE_CURVE('',#745,#746,#38,.T.);
#937=EDGE_CURVE('',#747,#746,#93,.T.);
#938=EDGE_CURVE('',#713,#747,#39,.T.);
#939=EDGE_CURVE('',#712,#748,#423,.T.);
#940=EDGE_CURVE('',#748,#749,#424,.T.);
#941=EDGE_CURVE('',#749,#750,#425,.T.);
#942=EDGE_CURVE('',#750,#751,#426,.T.);
#943=EDGE_CURVE('',#711,#751,#427,.T.);
#944=EDGE_CURVE('',#748,#752,#428,.F.);
#945=EDGE_CURVE('',#752,#753,#94,.T.);
#946=EDGE_CURVE('',#753,#754,#95,.T.);
#947=EDGE_CURVE('',#754,#747,#429,.F.);
#948=EDGE_CURVE('',#749,#746,#430,.F.);
#949=EDGE_CURVE('',#754,#752,#40,.T.);
#950=EDGE_CURVE('',#755,#751,#431,.T.);
#951=EDGE_CURVE('',#708,#755,#432,.T.);
#952=EDGE_CURVE('',#756,#709,#433,.T.);
#953=EDGE_CURVE('',#757,#756,#434,.T.);
#954=EDGE_CURVE('',#757,#705,#435,.T.);
#955=EDGE_CURVE('',#758,#704,#436,.T.);
#956=EDGE_CURVE('',#759,#757,#437,.T.);
#957=EDGE_CURVE('',#759,#760,#438,.T.);
#958=EDGE_CURVE('',#760,#758,#439,.T.);
#959=EDGE_CURVE('',#761,#758,#440,.F.);
#960=EDGE_CURVE('',#762,#760,#441,.T.);
#961=EDGE_CURVE('',#762,#763,#96,.T.);
#962=EDGE_CURVE('',#763,#761,#97,.T.);
#963=EDGE_CURVE('',#764,#761,#442,.F.);
#964=EDGE_CURVE('',#703,#764,#443,.T.);
#965=EDGE_CURVE('',#765,#703,#98,.T.);
#966=EDGE_CURVE('',#765,#766,#444,.F.);
#967=EDGE_CURVE('',#654,#766,#41,.T.);
#968=EDGE_CURVE('',#753,#767,#445,.T.);
#969=EDGE_CURVE('',#767,#767,#99,.T.);
#970=EDGE_CURVE('',#768,#768,#100,.T.);
#971=EDGE_CURVE('',#769,#769,#101,.T.);
#972=EDGE_CURVE('',#761,#762,#102,.T.);
#973=EDGE_CURVE('',#763,#768,#446,.T.);
#974=EDGE_CURVE('',#770,#766,#447,.T.);
#975=EDGE_CURVE('',#770,#771,#448,.T.);
#976=EDGE_CURVE('',#744,#771,#449,.T.);
#977=EDGE_CURVE('',#772,#745,#450,.T.);
#978=EDGE_CURVE('',#772,#773,#451,.T.);
#979=EDGE_CURVE('',#750,#773,#452,.T.);
#980=EDGE_CURVE('',#771,#772,#453,.T.);
#981=EDGE_CURVE('',#773,#774,#454,.T.);
#982=EDGE_CURVE('',#755,#774,#455,.T.);
#983=EDGE_CURVE('',#775,#759,#456,.T.);
#984=EDGE_CURVE('',#776,#756,#457,.T.);
#985=EDGE_CURVE('',#776,#775,#458,.T.);
#986=EDGE_CURVE('',#777,#777,#103,.T.);
#987=EDGE_CURVE('',#777,#743,#459,.T.);
#988=EDGE_CURVE('',#742,#725,#460,.T.);
#989=EDGE_CURVE('',#726,#741,#461,.T.);
#990=EDGE_CURVE('',#740,#727,#462,.T.);
#991=EDGE_CURVE('',#728,#739,#463,.T.);
#992=EDGE_CURVE('',#774,#776,#464,.T.);
#993=EDGE_CURVE('',#729,#778,#465,.T.);
#994=EDGE_CURVE('',#778,#778,#104,.T.);
#995=EDGE_CURVE('',#778,#710,#466,.T.);
#996=EDGE_CURVE('',#775,#779,#467,.T.);
#997=EDGE_CURVE('',#779,#780,#468,.T.);
#998=EDGE_CURVE('',#781,#780,#15,.F.);
#999=EDGE_CURVE('',#781,#762,#469,.F.);
#1000=EDGE_CURVE('',#779,#770,#470,.T.);
#1001=EDGE_CURVE('',#782,#782,#105,.T.);
#1002=EDGE_CURVE('',#783,#783,#106,.T.);
#1003=EDGE_CURVE('',#784,#784,#107,.T.);
#1004=EDGE_CURVE('',#785,#785,#108,.T.);
#1005=EDGE_CURVE('',#764,#781,#109,.T.);
#1006=EDGE_CURVE('',#785,#658,#471,.T.);
#1007=EDGE_CURVE('',#769,#657,#472,.T.);
#1008=EDGE_CURVE('',#731,#782,#473,.T.);
#1009=EDGE_CURVE('',#737,#784,#474,.T.);
#1010=EDGE_CURVE('',#734,#783,#475,.T.);
#1011=EDGE_CURVE('',#780,#765,#16,.T.);
#1012=ORIENTED_EDGE('',*,*,#786,.T.);
#1013=ORIENTED_EDGE('',*,*,#787,.T.);
#1014=ORIENTED_EDGE('',*,*,#788,.T.);
#1015=ORIENTED_EDGE('',*,*,#789,.T.);
#1016=ORIENTED_EDGE('',*,*,#786,.F.);
#1017=ORIENTED_EDGE('',*,*,#790,.F.);
#1018=ORIENTED_EDGE('',*,*,#791,.F.);
#1019=ORIENTED_EDGE('',*,*,#792,.F.);
#1020=ORIENTED_EDGE('',*,*,#793,.T.);
#1021=ORIENTED_EDGE('',*,*,#794,.F.);
#1022=ORIENTED_EDGE('',*,*,#795,.F.);
#1023=ORIENTED_EDGE('',*,*,#796,.T.);
#1024=ORIENTED_EDGE('',*,*,#797,.T.);
#1025=ORIENTED_EDGE('',*,*,#798,.T.);
#1026=ORIENTED_EDGE('',*,*,#789,.F.);
#1027=ORIENTED_EDGE('',*,*,#799,.F.);
#1028=ORIENTED_EDGE('',*,*,#800,.F.);
#1029=ORIENTED_EDGE('',*,*,#801,.F.);
#1030=ORIENTED_EDGE('',*,*,#802,.F.);
#1031=ORIENTED_EDGE('',*,*,#803,.F.);
#1032=ORIENTED_EDGE('',*,*,#804,.F.);
#1033=ORIENTED_EDGE('',*,*,#805,.F.);
#1034=ORIENTED_EDGE('',*,*,#806,.F.);
#1035=ORIENTED_EDGE('',*,*,#807,.F.);
#1036=ORIENTED_EDGE('',*,*,#808,.F.);
#1037=ORIENTED_EDGE('',*,*,#809,.F.);
#1038=ORIENTED_EDGE('',*,*,#810,.F.);
#1039=ORIENTED_EDGE('',*,*,#811,.F.);
#1040=ORIENTED_EDGE('',*,*,#812,.F.);
#1041=ORIENTED_EDGE('',*,*,#813,.F.);
#1042=ORIENTED_EDGE('',*,*,#814,.F.);
#1043=ORIENTED_EDGE('',*,*,#815,.F.);
#1044=ORIENTED_EDGE('',*,*,#790,.T.);
#1045=ORIENTED_EDGE('',*,*,#816,.F.);
#1046=ORIENTED_EDGE('',*,*,#817,.F.);
#1047=ORIENTED_EDGE('',*,*,#818,.F.);
#1048=ORIENTED_EDGE('',*,*,#819,.F.);
#1049=ORIENTED_EDGE('',*,*,#820,.F.);
#1050=ORIENTED_EDGE('',*,*,#821,.F.);
#1051=ORIENTED_EDGE('',*,*,#822,.F.);
#1052=ORIENTED_EDGE('',*,*,#823,.T.);
#1053=ORIENTED_EDGE('',*,*,#824,.T.);
#1054=ORIENTED_EDGE('',*,*,#811,.T.);
#1055=ORIENTED_EDGE('',*,*,#825,.T.);
#1056=ORIENTED_EDGE('',*,*,#826,.T.);
#1057=ORIENTED_EDGE('',*,*,#812,.T.);
#1058=ORIENTED_EDGE('',*,*,#824,.F.);
#1059=ORIENTED_EDGE('',*,*,#827,.T.);
#1060=ORIENTED_EDGE('',*,*,#828,.T.);
#1061=ORIENTED_EDGE('',*,*,#813,.T.);
#1062=ORIENTED_EDGE('',*,*,#826,.F.);
#1063=ORIENTED_EDGE('',*,*,#829,.T.);
#1064=ORIENTED_EDGE('',*,*,#830,.T.);
#1065=ORIENTED_EDGE('',*,*,#814,.T.);
#1066=ORIENTED_EDGE('',*,*,#828,.F.);
#1067=ORIENTED_EDGE('',*,*,#831,.T.);
#1068=ORIENTED_EDGE('',*,*,#791,.T.);
#1069=ORIENTED_EDGE('',*,*,#815,.T.);
#1070=ORIENTED_EDGE('',*,*,#830,.F.);
#1071=ORIENTED_EDGE('',*,*,#832,.T.);
#1072=ORIENTED_EDGE('',*,*,#833,.T.);
#1073=ORIENTED_EDGE('',*,*,#825,.F.);
#1074=ORIENTED_EDGE('',*,*,#810,.T.);
#1075=ORIENTED_EDGE('',*,*,#834,.T.);
#1076=ORIENTED_EDGE('',*,*,#835,.T.);
#1077=ORIENTED_EDGE('',*,*,#834,.F.);
#1078=ORIENTED_EDGE('',*,*,#809,.T.);
#1079=ORIENTED_EDGE('',*,*,#836,.T.);
#1080=ORIENTED_EDGE('',*,*,#837,.T.);
#1081=ORIENTED_EDGE('',*,*,#836,.F.);
#1082=ORIENTED_EDGE('',*,*,#808,.T.);
#1083=ORIENTED_EDGE('',*,*,#838,.T.);
#1084=ORIENTED_EDGE('',*,*,#839,.T.);
#1085=ORIENTED_EDGE('',*,*,#838,.F.);
#1086=ORIENTED_EDGE('',*,*,#807,.T.);
#1087=ORIENTED_EDGE('',*,*,#840,.T.);
#1088=ORIENTED_EDGE('',*,*,#841,.T.);
#1089=ORIENTED_EDGE('',*,*,#840,.F.);
#1090=ORIENTED_EDGE('',*,*,#806,.T.);
#1091=ORIENTED_EDGE('',*,*,#842,.T.);
#1092=ORIENTED_EDGE('',*,*,#843,.T.);
#1093=ORIENTED_EDGE('',*,*,#842,.F.);
#1094=ORIENTED_EDGE('',*,*,#805,.T.);
#1095=ORIENTED_EDGE('',*,*,#844,.T.);
#1096=ORIENTED_EDGE('',*,*,#845,.T.);
#1097=ORIENTED_EDGE('',*,*,#844,.F.);
#1098=ORIENTED_EDGE('',*,*,#804,.T.);
#1099=ORIENTED_EDGE('',*,*,#846,.T.);
#1100=ORIENTED_EDGE('',*,*,#847,.T.);
#1101=ORIENTED_EDGE('',*,*,#846,.F.);
#1102=ORIENTED_EDGE('',*,*,#803,.T.);
#1103=ORIENTED_EDGE('',*,*,#848,.T.);
#1104=ORIENTED_EDGE('',*,*,#849,.T.);
#1105=ORIENTED_EDGE('',*,*,#848,.F.);
#1106=ORIENTED_EDGE('',*,*,#802,.T.);
#1107=ORIENTED_EDGE('',*,*,#850,.T.);
#1108=ORIENTED_EDGE('',*,*,#851,.T.);
#1109=ORIENTED_EDGE('',*,*,#852,.T.);
#1110=ORIENTED_EDGE('',*,*,#799,.T.);
#1111=ORIENTED_EDGE('',*,*,#788,.F.);
#1112=ORIENTED_EDGE('',*,*,#853,.T.);
#1113=ORIENTED_EDGE('',*,*,#800,.T.);
#1114=ORIENTED_EDGE('',*,*,#852,.F.);
#1115=ORIENTED_EDGE('',*,*,#854,.T.);
#1116=ORIENTED_EDGE('',*,*,#801,.T.);
#1117=ORIENTED_EDGE('',*,*,#853,.F.);
#1118=ORIENTED_EDGE('',*,*,#855,.T.);
#1119=ORIENTED_EDGE('',*,*,#850,.F.);
#1120=ORIENTED_EDGE('',*,*,#832,.F.);
#1121=ORIENTED_EDGE('',*,*,#856,.T.);
#1122=ORIENTED_EDGE('',*,*,#857,.F.);
#1123=ORIENTED_EDGE('',*,*,#792,.T.);
#1124=ORIENTED_EDGE('',*,*,#831,.F.);
#1125=ORIENTED_EDGE('',*,*,#858,.F.);
#1126=ORIENTED_EDGE('',*,*,#859,.F.);
#1127=ORIENTED_EDGE('',*,*,#856,.F.);
#1128=ORIENTED_EDGE('',*,*,#829,.F.);
#1129=ORIENTED_EDGE('',*,*,#860,.F.);
#1130=ORIENTED_EDGE('',*,*,#861,.F.);
#1131=ORIENTED_EDGE('',*,*,#858,.T.);
#1132=ORIENTED_EDGE('',*,*,#827,.F.);
#1133=ORIENTED_EDGE('',*,*,#862,.T.);
#1134=ORIENTED_EDGE('',*,*,#863,.F.);
#1135=ORIENTED_EDGE('',*,*,#860,.T.);
#1136=ORIENTED_EDGE('',*,*,#823,.F.);
#1137=ORIENTED_EDGE('',*,*,#864,.F.);
#1138=ORIENTED_EDGE('',*,*,#865,.F.);
#1139=ORIENTED_EDGE('',*,*,#862,.F.);
#1140=ORIENTED_EDGE('',*,*,#833,.F.);
#1141=ORIENTED_EDGE('',*,*,#866,.F.);
#1142=ORIENTED_EDGE('',*,*,#867,.F.);
#1143=ORIENTED_EDGE('',*,*,#864,.T.);
#1144=ORIENTED_EDGE('',*,*,#835,.F.);
#1145=ORIENTED_EDGE('',*,*,#868,.F.);
#1146=ORIENTED_EDGE('',*,*,#869,.F.);
#1147=ORIENTED_EDGE('',*,*,#866,.T.);
#1148=ORIENTED_EDGE('',*,*,#837,.F.);
#1149=ORIENTED_EDGE('',*,*,#870,.F.);
#1150=ORIENTED_EDGE('',*,*,#871,.T.);
#1151=ORIENTED_EDGE('',*,*,#868,.T.);
#1152=ORIENTED_EDGE('',*,*,#839,.F.);
#1153=ORIENTED_EDGE('',*,*,#872,.F.);
#1154=ORIENTED_EDGE('',*,*,#873,.F.);
#1155=ORIENTED_EDGE('',*,*,#870,.T.);
#1156=ORIENTED_EDGE('',*,*,#841,.F.);
#1157=ORIENTED_EDGE('',*,*,#874,.F.);
#1158=ORIENTED_EDGE('',*,*,#875,.F.);
#1159=ORIENTED_EDGE('',*,*,#876,.F.);
#1160=ORIENTED_EDGE('',*,*,#877,.F.);
#1161=ORIENTED_EDGE('',*,*,#872,.T.);
#1162=ORIENTED_EDGE('',*,*,#878,.F.);
#1163=ORIENTED_EDGE('',*,*,#843,.F.);
#1164=ORIENTED_EDGE('',*,*,#879,.F.);
#1165=ORIENTED_EDGE('',*,*,#880,.T.);
#1166=ORIENTED_EDGE('',*,*,#874,.T.);
#1167=ORIENTED_EDGE('',*,*,#845,.F.);
#1168=ORIENTED_EDGE('',*,*,#881,.F.);
#1169=ORIENTED_EDGE('',*,*,#882,.T.);
#1170=ORIENTED_EDGE('',*,*,#879,.T.);
#1171=ORIENTED_EDGE('',*,*,#847,.F.);
#1172=ORIENTED_EDGE('',*,*,#883,.F.);
#1173=ORIENTED_EDGE('',*,*,#884,.F.);
#1174=ORIENTED_EDGE('',*,*,#881,.T.);
#1175=ORIENTED_EDGE('',*,*,#849,.F.);
#1176=ORIENTED_EDGE('',*,*,#885,.F.);
#1177=ORIENTED_EDGE('',*,*,#886,.F.);
#1178=ORIENTED_EDGE('',*,*,#883,.T.);
#1179=ORIENTED_EDGE('',*,*,#855,.F.);
#1180=ORIENTED_EDGE('',*,*,#887,.F.);
#1181=ORIENTED_EDGE('',*,*,#888,.F.);
#1182=ORIENTED_EDGE('',*,*,#885,.T.);
#1183=ORIENTED_EDGE('',*,*,#854,.F.);
#1184=ORIENTED_EDGE('',*,*,#889,.T.);
#1185=ORIENTED_EDGE('',*,*,#890,.F.);
#1186=ORIENTED_EDGE('',*,*,#887,.T.);
#1187=ORIENTED_EDGE('',*,*,#851,.F.);
#1188=ORIENTED_EDGE('',*,*,#891,.F.);
#1189=ORIENTED_EDGE('',*,*,#892,.F.);
#1190=ORIENTED_EDGE('',*,*,#889,.F.);
#1191=ORIENTED_EDGE('',*,*,#816,.T.);
#1192=ORIENTED_EDGE('',*,*,#893,.T.);
#1193=ORIENTED_EDGE('',*,*,#894,.T.);
#1194=ORIENTED_EDGE('',*,*,#895,.F.);
#1195=ORIENTED_EDGE('',*,*,#819,.T.);
#1196=ORIENTED_EDGE('',*,*,#896,.T.);
#1197=ORIENTED_EDGE('',*,*,#897,.T.);
#1198=ORIENTED_EDGE('',*,*,#893,.F.);
#1199=ORIENTED_EDGE('',*,*,#818,.T.);
#1200=ORIENTED_EDGE('',*,*,#898,.T.);
#1201=ORIENTED_EDGE('',*,*,#899,.T.);
#1202=ORIENTED_EDGE('',*,*,#896,.F.);
#1203=ORIENTED_EDGE('',*,*,#900,.T.);
#1204=ORIENTED_EDGE('',*,*,#898,.F.);
#1205=ORIENTED_EDGE('',*,*,#817,.T.);
#1206=ORIENTED_EDGE('',*,*,#895,.T.);
#1207=ORIENTED_EDGE('',*,*,#900,.F.);
#1208=ORIENTED_EDGE('',*,*,#901,.T.);
#1209=ORIENTED_EDGE('',*,*,#902,.T.);
#1210=ORIENTED_EDGE('',*,*,#903,.F.);
#1211=ORIENTED_EDGE('',*,*,#894,.F.);
#1212=ORIENTED_EDGE('',*,*,#904,.T.);
#1213=ORIENTED_EDGE('',*,*,#905,.T.);
#1214=ORIENTED_EDGE('',*,*,#906,.F.);
#1215=ORIENTED_EDGE('',*,*,#907,.F.);
#1216=ORIENTED_EDGE('',*,*,#908,.F.);
#1217=ORIENTED_EDGE('',*,*,#909,.T.);
#1218=ORIENTED_EDGE('',*,*,#901,.F.);
#1219=ORIENTED_EDGE('',*,*,#910,.T.);
#1220=ORIENTED_EDGE('',*,*,#822,.T.);
#1221=ORIENTED_EDGE('',*,*,#911,.T.);
#1222=ORIENTED_EDGE('',*,*,#912,.T.);
#1223=ORIENTED_EDGE('',*,*,#911,.F.);
#1224=ORIENTED_EDGE('',*,*,#913,.F.);
#1225=ORIENTED_EDGE('',*,*,#914,.F.);
#1226=ORIENTED_EDGE('',*,*,#915,.T.);
#1227=ORIENTED_EDGE('',*,*,#912,.F.);
#1228=ORIENTED_EDGE('',*,*,#915,.F.);
#1229=ORIENTED_EDGE('',*,*,#820,.T.);
#1230=ORIENTED_EDGE('',*,*,#916,.T.);
#1231=ORIENTED_EDGE('',*,*,#917,.T.);
#1232=ORIENTED_EDGE('',*,*,#916,.F.);
#1233=ORIENTED_EDGE('',*,*,#918,.F.);
#1234=ORIENTED_EDGE('',*,*,#919,.T.);
#1235=ORIENTED_EDGE('',*,*,#917,.F.);
#1236=ORIENTED_EDGE('',*,*,#919,.F.);
#1237=ORIENTED_EDGE('',*,*,#821,.T.);
#1238=ORIENTED_EDGE('',*,*,#920,.T.);
#1239=ORIENTED_EDGE('',*,*,#921,.T.);
#1240=ORIENTED_EDGE('',*,*,#920,.F.);
#1241=ORIENTED_EDGE('',*,*,#922,.F.);
#1242=ORIENTED_EDGE('',*,*,#923,.T.);
#1243=ORIENTED_EDGE('',*,*,#921,.F.);
#1244=ORIENTED_EDGE('',*,*,#923,.F.);
#1245=ORIENTED_EDGE('',*,*,#924,.F.);
#1246=ORIENTED_EDGE('',*,*,#787,.F.);
#1247=ORIENTED_EDGE('',*,*,#796,.F.);
#1248=ORIENTED_EDGE('',*,*,#925,.F.);
#1249=ORIENTED_EDGE('',*,*,#891,.T.);
#1250=ORIENTED_EDGE('',*,*,#897,.F.);
#1251=ORIENTED_EDGE('',*,*,#926,.T.);
#1252=ORIENTED_EDGE('',*,*,#927,.T.);
#1253=ORIENTED_EDGE('',*,*,#904,.F.);
#1254=ORIENTED_EDGE('',*,*,#899,.F.);
#1255=ORIENTED_EDGE('',*,*,#903,.T.);
#1256=ORIENTED_EDGE('',*,*,#928,.T.);
#1257=ORIENTED_EDGE('',*,*,#929,.F.);
#1258=ORIENTED_EDGE('',*,*,#930,.F.);
#1259=ORIENTED_EDGE('',*,*,#931,.F.);
#1260=ORIENTED_EDGE('',*,*,#932,.T.);
#1261=ORIENTED_EDGE('',*,*,#926,.F.);
#1262=ORIENTED_EDGE('',*,*,#933,.F.);
#1263=ORIENTED_EDGE('',*,*,#892,.T.);
#1264=ORIENTED_EDGE('',*,*,#925,.T.);
#1265=ORIENTED_EDGE('',*,*,#795,.T.);
#1266=ORIENTED_EDGE('',*,*,#934,.T.);
#1267=ORIENTED_EDGE('',*,*,#935,.F.);
#1268=ORIENTED_EDGE('',*,*,#936,.T.);
#1269=ORIENTED_EDGE('',*,*,#937,.F.);
#1270=ORIENTED_EDGE('',*,*,#938,.F.);
#1271=ORIENTED_EDGE('',*,*,#886,.T.);
#1272=ORIENTED_EDGE('',*,*,#888,.T.);
#1273=ORIENTED_EDGE('',*,*,#890,.T.);
#1274=ORIENTED_EDGE('',*,*,#882,.F.);
#1275=ORIENTED_EDGE('',*,*,#939,.T.);
#1276=ORIENTED_EDGE('',*,*,#940,.T.);
#1277=ORIENTED_EDGE('',*,*,#941,.T.);
#1278=ORIENTED_EDGE('',*,*,#942,.T.);
#1279=ORIENTED_EDGE('',*,*,#943,.F.);
#1280=ORIENTED_EDGE('',*,*,#944,.T.);
#1281=ORIENTED_EDGE('',*,*,#945,.T.);
#1282=ORIENTED_EDGE('',*,*,#946,.T.);
#1283=ORIENTED_EDGE('',*,*,#947,.T.);
#1284=ORIENTED_EDGE('',*,*,#937,.T.);
#1285=ORIENTED_EDGE('',*,*,#948,.F.);
#1286=ORIENTED_EDGE('',*,*,#940,.F.);
#1287=ORIENTED_EDGE('',*,*,#939,.F.);
#1288=ORIENTED_EDGE('',*,*,#884,.T.);
#1289=ORIENTED_EDGE('',*,*,#938,.T.);
#1290=ORIENTED_EDGE('',*,*,#947,.F.);
#1291=ORIENTED_EDGE('',*,*,#949,.T.);
#1292=ORIENTED_EDGE('',*,*,#944,.F.);
#1293=ORIENTED_EDGE('',*,*,#943,.T.);
#1294=ORIENTED_EDGE('',*,*,#950,.F.);
#1295=ORIENTED_EDGE('',*,*,#951,.F.);
#1296=ORIENTED_EDGE('',*,*,#875,.T.);
#1297=ORIENTED_EDGE('',*,*,#880,.F.);
#1298=ORIENTED_EDGE('',*,*,#877,.T.);
#1299=ORIENTED_EDGE('',*,*,#952,.F.);
#1300=ORIENTED_EDGE('',*,*,#953,.F.);
#1301=ORIENTED_EDGE('',*,*,#954,.T.);
#1302=ORIENTED_EDGE('',*,*,#873,.T.);
#1303=ORIENTED_EDGE('',*,*,#955,.T.);
#1304=ORIENTED_EDGE('',*,*,#871,.F.);
#1305=ORIENTED_EDGE('',*,*,#954,.F.);
#1306=ORIENTED_EDGE('',*,*,#956,.F.);
#1307=ORIENTED_EDGE('',*,*,#957,.T.);
#1308=ORIENTED_EDGE('',*,*,#958,.T.);
#1309=ORIENTED_EDGE('',*,*,#959,.T.);
#1310=ORIENTED_EDGE('',*,*,#958,.F.);
#1311=ORIENTED_EDGE('',*,*,#960,.F.);
#1312=ORIENTED_EDGE('',*,*,#961,.T.);
#1313=ORIENTED_EDGE('',*,*,#962,.T.);
#1314=ORIENTED_EDGE('',*,*,#959,.F.);
#1315=ORIENTED_EDGE('',*,*,#963,.F.);
#1316=ORIENTED_EDGE('',*,*,#964,.F.);
#1317=ORIENTED_EDGE('',*,*,#869,.T.);
#1318=ORIENTED_EDGE('',*,*,#955,.F.);
#1319=ORIENTED_EDGE('',*,*,#865,.T.);
#1320=ORIENTED_EDGE('',*,*,#867,.T.);
#1321=ORIENTED_EDGE('',*,*,#965,.F.);
#1322=ORIENTED_EDGE('',*,*,#966,.T.);
#1323=ORIENTED_EDGE('',*,*,#967,.F.);
#1324=ORIENTED_EDGE('',*,*,#793,.F.);
#1325=ORIENTED_EDGE('',*,*,#857,.T.);
#1326=ORIENTED_EDGE('',*,*,#859,.T.);
#1327=ORIENTED_EDGE('',*,*,#861,.T.);
#1328=ORIENTED_EDGE('',*,*,#863,.T.);
#1329=ORIENTED_EDGE('',*,*,#945,.F.);
#1330=ORIENTED_EDGE('',*,*,#949,.F.);
#1331=ORIENTED_EDGE('',*,*,#946,.F.);
#1332=ORIENTED_EDGE('',*,*,#968,.T.);
#1333=ORIENTED_EDGE('',*,*,#969,.T.);
#1334=ORIENTED_EDGE('',*,*,#968,.F.);
#1335=ORIENTED_EDGE('',*,*,#970,.F.);
#1336=ORIENTED_EDGE('',*,*,#971,.F.);
#1337=ORIENTED_EDGE('',*,*,#961,.F.);
#1338=ORIENTED_EDGE('',*,*,#972,.F.);
#1339=ORIENTED_EDGE('',*,*,#962,.F.);
#1340=ORIENTED_EDGE('',*,*,#973,.T.);
#1341=ORIENTED_EDGE('',*,*,#970,.T.);
#1342=ORIENTED_EDGE('',*,*,#973,.F.);
#1343=ORIENTED_EDGE('',*,*,#967,.T.);
#1344=ORIENTED_EDGE('',*,*,#974,.F.);
#1345=ORIENTED_EDGE('',*,*,#975,.T.);
#1346=ORIENTED_EDGE('',*,*,#976,.F.);
#1347=ORIENTED_EDGE('',*,*,#934,.F.);
#1348=ORIENTED_EDGE('',*,*,#794,.T.);
#1349=ORIENTED_EDGE('',*,*,#977,.F.);
#1350=ORIENTED_EDGE('',*,*,#978,.T.);
#1351=ORIENTED_EDGE('',*,*,#979,.F.);
#1352=ORIENTED_EDGE('',*,*,#941,.F.);
#1353=ORIENTED_EDGE('',*,*,#948,.T.);
#1354=ORIENTED_EDGE('',*,*,#936,.F.);
#1355=ORIENTED_EDGE('',*,*,#976,.T.);
#1356=ORIENTED_EDGE('',*,*,#980,.T.);
#1357=ORIENTED_EDGE('',*,*,#977,.T.);
#1358=ORIENTED_EDGE('',*,*,#935,.T.);
#1359=ORIENTED_EDGE('',*,*,#979,.T.);
#1360=ORIENTED_EDGE('',*,*,#981,.T.);
#1361=ORIENTED_EDGE('',*,*,#982,.F.);
#1362=ORIENTED_EDGE('',*,*,#950,.T.);
#1363=ORIENTED_EDGE('',*,*,#942,.F.);
#1364=ORIENTED_EDGE('',*,*,#983,.T.);
#1365=ORIENTED_EDGE('',*,*,#956,.T.);
#1366=ORIENTED_EDGE('',*,*,#953,.T.);
#1367=ORIENTED_EDGE('',*,*,#984,.F.);
#1368=ORIENTED_EDGE('',*,*,#985,.T.);
#1369=ORIENTED_EDGE('',*,*,#986,.F.);
#1370=ORIENTED_EDGE('',*,*,#987,.T.);
#1371=ORIENTED_EDGE('',*,*,#933,.T.);
#1372=ORIENTED_EDGE('',*,*,#987,.F.);
#1373=ORIENTED_EDGE('',*,*,#986,.T.);
#1374=ORIENTED_EDGE('',*,*,#988,.F.);
#1375=ORIENTED_EDGE('',*,*,#931,.T.);
#1376=ORIENTED_EDGE('',*,*,#989,.F.);
#1377=ORIENTED_EDGE('',*,*,#906,.T.);
#1378=ORIENTED_EDGE('',*,*,#988,.T.);
#1379=ORIENTED_EDGE('',*,*,#905,.F.);
#1380=ORIENTED_EDGE('',*,*,#927,.F.);
#1381=ORIENTED_EDGE('',*,*,#932,.F.);
#1382=ORIENTED_EDGE('',*,*,#990,.F.);
#1383=ORIENTED_EDGE('',*,*,#929,.T.);
#1384=ORIENTED_EDGE('',*,*,#991,.F.);
#1385=ORIENTED_EDGE('',*,*,#908,.T.);
#1386=ORIENTED_EDGE('',*,*,#991,.T.);
#1387=ORIENTED_EDGE('',*,*,#928,.F.);
#1388=ORIENTED_EDGE('',*,*,#902,.F.);
#1389=ORIENTED_EDGE('',*,*,#909,.F.);
#1390=ORIENTED_EDGE('',*,*,#952,.T.);
#1391=ORIENTED_EDGE('',*,*,#876,.T.);
#1392=ORIENTED_EDGE('',*,*,#951,.T.);
#1393=ORIENTED_EDGE('',*,*,#982,.T.);
#1394=ORIENTED_EDGE('',*,*,#992,.T.);
#1395=ORIENTED_EDGE('',*,*,#984,.T.);
#1396=ORIENTED_EDGE('',*,*,#910,.F.);
#1397=ORIENTED_EDGE('',*,*,#993,.T.);
#1398=ORIENTED_EDGE('',*,*,#994,.F.);
#1399=ORIENTED_EDGE('',*,*,#993,.F.);
#1400=ORIENTED_EDGE('',*,*,#994,.T.);
#1401=ORIENTED_EDGE('',*,*,#995,.T.);
#1402=ORIENTED_EDGE('',*,*,#878,.T.);
#1403=ORIENTED_EDGE('',*,*,#995,.F.);
#1404=ORIENTED_EDGE('',*,*,#996,.T.);
#1405=ORIENTED_EDGE('',*,*,#997,.T.);
#1406=ORIENTED_EDGE('',*,*,#998,.F.);
#1407=ORIENTED_EDGE('',*,*,#999,.T.);
#1408=ORIENTED_EDGE('',*,*,#960,.T.);
#1409=ORIENTED_EDGE('',*,*,#957,.F.);
#1410=ORIENTED_EDGE('',*,*,#983,.F.);
#1411=ORIENTED_EDGE('',*,*,#978,.F.);
#1412=ORIENTED_EDGE('',*,*,#980,.F.);
#1413=ORIENTED_EDGE('',*,*,#975,.F.);
#1414=ORIENTED_EDGE('',*,*,#1000,.F.);
#1415=ORIENTED_EDGE('',*,*,#996,.F.);
#1416=ORIENTED_EDGE('',*,*,#985,.F.);
#1417=ORIENTED_EDGE('',*,*,#992,.F.);
#1418=ORIENTED_EDGE('',*,*,#981,.F.);
#1419=ORIENTED_EDGE('',*,*,#989,.T.);
#1420=ORIENTED_EDGE('',*,*,#930,.T.);
#1421=ORIENTED_EDGE('',*,*,#990,.T.);
#1422=ORIENTED_EDGE('',*,*,#907,.T.);
#1423=ORIENTED_EDGE('',*,*,#1001,.F.);
#1424=ORIENTED_EDGE('',*,*,#1002,.F.);
#1425=ORIENTED_EDGE('',*,*,#1003,.F.);
#1426=ORIENTED_EDGE('',*,*,#969,.F.);
#1427=ORIENTED_EDGE('',*,*,#1004,.F.);
#1428=ORIENTED_EDGE('',*,*,#972,.T.);
#1429=ORIENTED_EDGE('',*,*,#999,.F.);
#1430=ORIENTED_EDGE('',*,*,#1005,.F.);
#1431=ORIENTED_EDGE('',*,*,#963,.T.);
#1432=ORIENTED_EDGE('',*,*,#1004,.T.);
#1433=ORIENTED_EDGE('',*,*,#1006,.T.);
#1434=ORIENTED_EDGE('',*,*,#798,.F.);
#1435=ORIENTED_EDGE('',*,*,#1006,.F.);
#1436=ORIENTED_EDGE('',*,*,#971,.T.);
#1437=ORIENTED_EDGE('',*,*,#1007,.T.);
#1438=ORIENTED_EDGE('',*,*,#797,.F.);
#1439=ORIENTED_EDGE('',*,*,#1007,.F.);
#1440=ORIENTED_EDGE('',*,*,#913,.T.);
#1441=ORIENTED_EDGE('',*,*,#914,.T.);
#1442=ORIENTED_EDGE('',*,*,#1008,.T.);
#1443=ORIENTED_EDGE('',*,*,#1001,.T.);
#1444=ORIENTED_EDGE('',*,*,#1008,.F.);
#1445=ORIENTED_EDGE('',*,*,#922,.T.);
#1446=ORIENTED_EDGE('',*,*,#1009,.T.);
#1447=ORIENTED_EDGE('',*,*,#1003,.T.);
#1448=ORIENTED_EDGE('',*,*,#1009,.F.);
#1449=ORIENTED_EDGE('',*,*,#924,.T.);
#1450=ORIENTED_EDGE('',*,*,#918,.T.);
#1451=ORIENTED_EDGE('',*,*,#1010,.T.);
#1452=ORIENTED_EDGE('',*,*,#1002,.T.);
#1453=ORIENTED_EDGE('',*,*,#1010,.F.);
#1454=ORIENTED_EDGE('',*,*,#966,.F.);
#1455=ORIENTED_EDGE('',*,*,#1011,.F.);
#1456=ORIENTED_EDGE('',*,*,#997,.F.);
#1457=ORIENTED_EDGE('',*,*,#1000,.T.);
#1458=ORIENTED_EDGE('',*,*,#974,.T.);
#1459=ORIENTED_EDGE('',*,*,#965,.T.);
#1460=ORIENTED_EDGE('',*,*,#964,.T.);
#1461=ORIENTED_EDGE('',*,*,#1005,.T.);
#1462=ORIENTED_EDGE('',*,*,#998,.T.);
#1463=ORIENTED_EDGE('',*,*,#1011,.T.);
#1464=PLANE('',#1680);
#1465=PLANE('',#1681);
#1466=PLANE('',#1686);
#1467=PLANE('',#1693);
#1468=PLANE('',#1696);
#1469=PLANE('',#1699);
#1470=PLANE('',#1700);
#1471=PLANE('',#1701);
#1472=PLANE('',#1702);
#1473=PLANE('',#1703);
#1474=PLANE('',#1704);
#1475=PLANE('',#1705);
#1476=PLANE('',#1706);
#1477=PLANE('',#1707);
#1478=PLANE('',#1708);
#1479=PLANE('',#1709);
#1480=PLANE('',#1712);
#1481=PLANE('',#1713);
#1482=PLANE('',#1716);
#1483=PLANE('',#1718);
#1484=PLANE('',#1720);
#1485=PLANE('',#1721);
#1486=PLANE('',#1722);
#1487=PLANE('',#1723);
#1488=PLANE('',#1724);
#1489=PLANE('',#1726);
#1490=PLANE('',#1727);
#1491=PLANE('',#1728);
#1492=PLANE('',#1729);
#1493=PLANE('',#1730);
#1494=PLANE('',#1733);
#1495=PLANE('',#1735);
#1496=PLANE('',#1736);
#1497=PLANE('',#1737);
#1498=PLANE('',#1738);
#1499=PLANE('',#1739);
#1500=PLANE('',#1740);
#1501=PLANE('',#1756);
#1502=PLANE('',#1757);
#1503=PLANE('',#1758);
#1504=PLANE('',#1765);
#1505=PLANE('',#1766);
#1506=PLANE('',#1769);
#1507=PLANE('',#1771);
#1508=PLANE('',#1772);
#1509=PLANE('',#1773);
#1510=PLANE('',#1774);
#1511=PLANE('',#1777);
#1512=PLANE('',#1783);
#1513=PLANE('',#1788);
#1514=PLANE('',#1789);
#1515=PLANE('',#1790);
#1516=PLANE('',#1791);
#1517=PLANE('',#1792);
#1518=PLANE('',#1795);
#1519=PLANE('',#1796);
#1520=PLANE('',#1797);
#1521=PLANE('',#1798);
#1522=PLANE('',#1799);
#1523=PLANE('',#1800);
#1524=PLANE('',#1804);
#1525=PLANE('',#1805);
#1526=PLANE('',#1809);
#1527=PLANE('',#1811);
#1528=PLANE('',#1818);
#1529=ADVANCED_FACE('',(#110),#1464,.T.);
#1530=ADVANCED_FACE('',(#111,#53,#54),#1465,.F.);
#1531=ADVANCED_FACE('',(#112,#55,#56,#57,#58),#1466,.T.);
#1532=ADVANCED_FACE('',(#113),#1467,.T.);
#1533=ADVANCED_FACE('',(#114),#42,.T.);
#1534=ADVANCED_FACE('',(#115),#1468,.T.);
#1535=ADVANCED_FACE('',(#116),#43,.T.);
#1536=ADVANCED_FACE('',(#117),#1469,.T.);
#1537=ADVANCED_FACE('',(#118),#1470,.T.);
#1538=ADVANCED_FACE('',(#119),#1471,.T.);
#1539=ADVANCED_FACE('',(#120),#1472,.T.);
#1540=ADVANCED_FACE('',(#121),#1473,.T.);
#1541=ADVANCED_FACE('',(#122),#1474,.T.);
#1542=ADVANCED_FACE('',(#123),#1475,.T.);
#1543=ADVANCED_FACE('',(#124),#1476,.T.);
#1544=ADVANCED_FACE('',(#125),#1477,.T.);
#1545=ADVANCED_FACE('',(#126),#1478,.T.);
#1546=ADVANCED_FACE('',(#127),#1479,.T.);
#1547=ADVANCED_FACE('',(#128),#44,.T.);
#1548=ADVANCED_FACE('',(#129),#1480,.T.);
#1549=ADVANCED_FACE('',(#130),#1481,.T.);
#1550=ADVANCED_FACE('',(#131),#20,.T.);
#1551=ADVANCED_FACE('',(#132),#1482,.T.);
#1552=ADVANCED_FACE('',(#133),#21,.T.);
#1553=ADVANCED_FACE('',(#134),#1483,.T.);
#1554=ADVANCED_FACE('',(#135),#1484,.T.);
#1555=ADVANCED_FACE('',(#136),#1485,.T.);
#1556=ADVANCED_FACE('',(#137),#1486,.T.);
#1557=ADVANCED_FACE('',(#138),#1487,.T.);
#1558=ADVANCED_FACE('',(#139,#59),#1488,.T.);
#1559=ADVANCED_FACE('',(#140),#1489,.T.);
#1560=ADVANCED_FACE('',(#141),#1490,.T.);
#1561=ADVANCED_FACE('',(#142),#1491,.T.);
#1562=ADVANCED_FACE('',(#143),#1492,.T.);
#1563=ADVANCED_FACE('',(#144),#1493,.T.);
#1564=ADVANCED_FACE('',(#145),#22,.T.);
#1565=ADVANCED_FACE('',(#146),#1494,.T.);
#1566=ADVANCED_FACE('',(#147),#1495,.T.);
#1567=ADVANCED_FACE('',(#148),#1496,.T.);
#1568=ADVANCED_FACE('',(#149),#1497,.T.);
#1569=ADVANCED_FACE('',(#150),#1498,.T.);
#1570=ADVANCED_FACE('',(#151),#1499,.F.);
#1571=ADVANCED_FACE('',(#152,#60),#1500,.F.);
#1572=ADVANCED_FACE('',(#153),#45,.F.);
#1573=ADVANCED_FACE('',(#154),#23,.F.);
#1574=ADVANCED_FACE('',(#155),#46,.F.);
#1575=ADVANCED_FACE('',(#156),#24,.F.);
#1576=ADVANCED_FACE('',(#157),#47,.F.);
#1577=ADVANCED_FACE('',(#158),#25,.F.);
#1578=ADVANCED_FACE('',(#159),#1501,.T.);
#1579=ADVANCED_FACE('',(#160),#1502,.F.);
#1580=ADVANCED_FACE('',(#161,#61),#1503,.F.);
#1581=ADVANCED_FACE('',(#162),#26,.T.);
#1582=ADVANCED_FACE('',(#163),#1504,.T.);
#1583=ADVANCED_FACE('',(#164),#1505,.F.);
#1584=ADVANCED_FACE('',(#165),#1506,.T.);
#1585=ADVANCED_FACE('',(#166),#1507,.T.);
#1586=ADVANCED_FACE('',(#167),#1508,.T.);
#1587=ADVANCED_FACE('',(#168),#1509,.T.);
#1588=ADVANCED_FACE('',(#169),#1510,.F.);
#1589=ADVANCED_FACE('',(#170),#1511,.T.);
#1590=ADVANCED_FACE('',(#171),#27,.T.);
#1591=ADVANCED_FACE('',(#172),#28,.F.);
#1592=ADVANCED_FACE('',(#173,#62),#1512,.T.);
#1593=ADVANCED_FACE('',(#174),#29,.F.);
#1594=ADVANCED_FACE('',(#175),#1513,.T.);
#1595=ADVANCED_FACE('',(#176),#1514,.T.);
#1596=ADVANCED_FACE('',(#177),#1515,.T.);
#1597=ADVANCED_FACE('',(#178),#1516,.T.);
#1598=ADVANCED_FACE('',(#179),#1517,.T.);
#1599=ADVANCED_FACE('',(#180),#30,.F.);
#1600=ADVANCED_FACE('',(#181),#1518,.T.);
#1601=ADVANCED_FACE('',(#182),#1519,.T.);
#1602=ADVANCED_FACE('',(#183),#1520,.F.);
#1603=ADVANCED_FACE('',(#184),#1521,.T.);
#1604=ADVANCED_FACE('',(#185),#1522,.F.);
#1605=ADVANCED_FACE('',(#186),#1523,.T.);
#1606=ADVANCED_FACE('',(#187),#31,.F.);
#1607=ADVANCED_FACE('',(#188),#48,.F.);
#1608=ADVANCED_FACE('',(#189),#1524,.T.);
#1609=ADVANCED_FACE('',(#190,#63,#64,#65,#66),#1525,.F.);
#1610=ADVANCED_FACE('',(#191,#67),#1526,.T.);
#1611=ADVANCED_FACE('',(#192),#1527,.F.);
#1612=ADVANCED_FACE('',(#193),#32,.F.);
#1613=ADVANCED_FACE('',(#194),#33,.F.);
#1614=ADVANCED_FACE('',(#195),#49,.F.);
#1615=ADVANCED_FACE('',(#196),#50,.F.);
#1616=ADVANCED_FACE('',(#197),#51,.F.);
#1617=ADVANCED_FACE('',(#198),#1528,.T.);
#1618=ADVANCED_FACE('',(#199),#52,.T.);
#1619=CLOSED_SHELL('',(#1529,#1530,#1531,#1532,#1533,#1534,#1535,#1536,
#1537,#1538,#1539,#1540,#1541,#1542,#1543,#1544,#1545,#1546,#1547,#1548,
#1549,#1550,#1551,#1552,#1553,#1554,#1555,#1556,#1557,#1558,#1559,#1560,
#1561,#1562,#1563,#1564,#1565,#1566,#1567,#1568,#1569,#1570,#1571,#1572,
#1573,#1574,#1575,#1576,#1577,#1578,#1579,#1580,#1581,#1582,#1583,#1584,
#1585,#1586,#1587,#1588,#1589,#1590,#1591,#1592,#1593,#1594,#1595,#1596,
#1597,#1598,#1599,#1600,#1601,#1602,#1603,#1604,#1605,#1606,#1607,#1608,
#1609,#1610,#1611,#1612,#1613,#1614,#1615,#1616,#1617,#1618));
#1620=ITEM_DEFINED_TRANSFORMATION($,$,#1676,#1677);
#1621=ITEM_DEFINED_TRANSFORMATION($,$,#1679,#1821);
#1622=ITEM_DEFINED_TRANSFORMATION($,$,#1820,#1822);
#1623=ITEM_DEFINED_TRANSFORMATION($,$,#1675,#1823);
#1624=ITEM_DEFINED_TRANSFORMATION($,$,#1678,#1824);
#1625=(
REPRESENTATION_RELATIONSHIP($,$,#2840,#2839)
REPRESENTATION_RELATIONSHIP_WITH_TRANSFORMATION(#1620)
SHAPE_REPRESENTATION_RELATIONSHIP()
);
#1626=(
REPRESENTATION_RELATIONSHIP($,$,#2842,#2841)
REPRESENTATION_RELATIONSHIP_WITH_TRANSFORMATION(#1621)
SHAPE_REPRESENTATION_RELATIONSHIP()
);
#1627=(
REPRESENTATION_RELATIONSHIP($,$,#2843,#2841)
REPRESENTATION_RELATIONSHIP_WITH_TRANSFORMATION(#1622)
SHAPE_REPRESENTATION_RELATIONSHIP()
);
#1628=(
REPRESENTATION_RELATIONSHIP($,$,#2839,#2838)
REPRESENTATION_RELATIONSHIP_WITH_TRANSFORMATION(#1623)
SHAPE_REPRESENTATION_RELATIONSHIP()
);
#1629=(
REPRESENTATION_RELATIONSHIP($,$,#2841,#2838)
REPRESENTATION_RELATIONSHIP_WITH_TRANSFORMATION(#1624)
SHAPE_REPRESENTATION_RELATIONSHIP()
);
#1630=CONTEXT_DEPENDENT_SHAPE_REPRESENTATION(#1625,#2830);
#1631=CONTEXT_DEPENDENT_SHAPE_REPRESENTATION(#1626,#2834);
#1632=CONTEXT_DEPENDENT_SHAPE_REPRESENTATION(#1627,#2835);
#1633=CONTEXT_DEPENDENT_SHAPE_REPRESENTATION(#1628,#2836);
#1634=CONTEXT_DEPENDENT_SHAPE_REPRESENTATION(#1629,#2837);
#1635=NEXT_ASSEMBLY_USAGE_OCCURRENCE('RapidoHF_Mount:1',
'RapidoHF_Mount:1','RapidoHF_Mount:1',#2846,#2847,'RapidoHF_Mount:1');
#1636=NEXT_ASSEMBLY_USAGE_OCCURRENCE('Orbiter2_Mount (4):1',
'Orbiter2_Mount (4):1','Orbiter2_Mount (4):1',#2848,#2849,
'Orbiter2_Mount (4):1');
#1637=NEXT_ASSEMBLY_USAGE_OCCURRENCE('RapidoHF_Mount (3):1',
'RapidoHF_Mount (3):1','RapidoHF_Mount (3):1',#2848,#2850,
'RapidoHF_Mount (3):1');
#1638=NEXT_ASSEMBLY_USAGE_OCCURRENCE('Hotend_Mounts:1',
'Hotend_Mounts:1','Hotend_Mounts:1',#2845,#2846,'Hotend_Mounts:1');
#1639=NEXT_ASSEMBLY_USAGE_OCCURRENCE('Orbiter2_Mounts:1',
'Orbiter2_Mounts:1','Orbiter2_Mounts:1',#2845,#2848,'Orbiter2_Mounts:1');
#1640=DERIVED_UNIT_ELEMENT(#1646,1.);
#1641=DERIVED_UNIT_ELEMENT(#2818,-3.);
#1642=DERIVED_UNIT_ELEMENT(#1646,1.);
#1643=DERIVED_UNIT_ELEMENT(#2818,-3.);
#1644=DERIVED_UNIT_ELEMENT(#1646,1.);
#1645=DERIVED_UNIT_ELEMENT(#2818,-3.);
#1646=(
MASS_UNIT()
NAMED_UNIT(*)
SI_UNIT(.KILO.,.GRAM.)
);
#1647=DERIVED_UNIT((#1640,#1641));
#1648=DERIVED_UNIT((#1642,#1643));
#1649=DERIVED_UNIT((#1644,#1645));
#1650=MEASURE_REPRESENTATION_ITEM('density measure',
POSITIVE_RATIO_MEASURE(7850.),#1647);
#1651=MEASURE_REPRESENTATION_ITEM('density measure',
POSITIVE_RATIO_MEASURE(8000.),#1648);
#1652=MEASURE_REPRESENTATION_ITEM('density measure',
POSITIVE_RATIO_MEASURE(7850.),#1649);
#1653=PROPERTY_DEFINITION_REPRESENTATION(#1668,#1659);
#1654=PROPERTY_DEFINITION_REPRESENTATION(#1669,#1660);
#1655=PROPERTY_DEFINITION_REPRESENTATION(#1670,#1661);
#1656=PROPERTY_DEFINITION_REPRESENTATION(#1671,#1662);
#1657=PROPERTY_DEFINITION_REPRESENTATION(#1672,#1663);
#1658=PROPERTY_DEFINITION_REPRESENTATION(#1673,#1664);
#1659=REPRESENTATION('material name',(#1665),#2812);
#1660=REPRESENTATION('density',(#1650),#2812);
#1661=REPRESENTATION('material name',(#1666),#2814);
#1662=REPRESENTATION('density',(#1651),#2814);
#1663=REPRESENTATION('material name',(#1667),#2815);
#1664=REPRESENTATION('density',(#1652),#2815);
#1665=DESCRIPTIVE_REPRESENTATION_ITEM('Steel','Steel');
#1666=DESCRIPTIVE_REPRESENTATION_ITEM('Stainless Steel',
'Stainless Steel');
#1667=DESCRIPTIVE_REPRESENTATION_ITEM('Steel','Steel');
#1668=PROPERTY_DEFINITION('material property','material name',#2847);
#1669=PROPERTY_DEFINITION('material property','density of part',#2847);
#1670=PROPERTY_DEFINITION('material property','material name',#2849);
#1671=PROPERTY_DEFINITION('material property','density of part',#2849);
#1672=PROPERTY_DEFINITION('material property','material name',#2850);
#1673=PROPERTY_DEFINITION('material property','density of part',#2850);
#1674=AXIS2_PLACEMENT_3D('',#2298,#1825,#1826);
#1675=AXIS2_PLACEMENT_3D('',#2299,#1827,#1828);
#1676=AXIS2_PLACEMENT_3D('',#2300,#1829,#1830);
#1677=AXIS2_PLACEMENT_3D('',#2301,#1831,#1832);
#1678=AXIS2_PLACEMENT_3D('',#2302,#1833,#1834);
#1679=AXIS2_PLACEMENT_3D('',#2303,#1835,#1836);
#1680=AXIS2_PLACEMENT_3D('',#2304,#1837,#1838);
#1681=AXIS2_PLACEMENT_3D('',#2313,#1843,#1844);
#1682=AXIS2_PLACEMENT_3D('',#2321,#1848,#1849);
#1683=AXIS2_PLACEMENT_3D('',#2325,#1851,#1852);
#1684=AXIS2_PLACEMENT_3D('',#2328,#1854,#1855);
#1685=AXIS2_PLACEMENT_3D('',#2330,#1856,#1857);
#1686=AXIS2_PLACEMENT_3D('',#2331,#1858,#1859);
#1687=AXIS2_PLACEMENT_3D('',#2335,#1861,#1862);
#1688=AXIS2_PLACEMENT_3D('',#2359,#1874,#1875);
#1689=AXIS2_PLACEMENT_3D('',#2363,#1877,#1878);
#1690=AXIS2_PLACEMENT_3D('',#2374,#1884,#1885);
#1691=AXIS2_PLACEMENT_3D('',#2376,#1886,#1887);
#1692=AXIS2_PLACEMENT_3D('',#2378,#1888,#1889);
#1693=AXIS2_PLACEMENT_3D('',#2379,#1890,#1891);
#1694=AXIS2_PLACEMENT_3D('',#2385,#1895,#1896);
#1695=AXIS2_PLACEMENT_3D('',#2388,#1898,#1899);
#1696=AXIS2_PLACEMENT_3D('',#2389,#1900,#1901);
#1697=AXIS2_PLACEMENT_3D('',#2393,#1904,#1905);
#1698=AXIS2_PLACEMENT_3D('',#2396,#1907,#1908);
#1699=AXIS2_PLACEMENT_3D('',#2397,#1909,#1910);
#1700=AXIS2_PLACEMENT_3D('',#2399,#1912,#1913);
#1701=AXIS2_PLACEMENT_3D('',#2403,#1916,#1917);
#1702=AXIS2_PLACEMENT_3D('',#2407,#1920,#1921);
#1703=AXIS2_PLACEMENT_3D('',#2411,#1924,#1925);
#1704=AXIS2_PLACEMENT_3D('',#2415,#1928,#1929);
#1705=AXIS2_PLACEMENT_3D('',#2419,#1932,#1933);
#1706=AXIS2_PLACEMENT_3D('',#2423,#1936,#1937);
#1707=AXIS2_PLACEMENT_3D('',#2427,#1940,#1941);
#1708=AXIS2_PLACEMENT_3D('',#2431,#1944,#1945);
#1709=AXIS2_PLACEMENT_3D('',#2435,#1948,#1949);
#1710=AXIS2_PLACEMENT_3D('',#2439,#1952,#1953);
#1711=AXIS2_PLACEMENT_3D('',#2442,#1955,#1956);
#1712=AXIS2_PLACEMENT_3D('',#2443,#1957,#1958);
#1713=AXIS2_PLACEMENT_3D('',#2445,#1960,#1961);
#1714=AXIS2_PLACEMENT_3D('',#2448,#1963,#1964);
#1715=AXIS2_PLACEMENT_3D('',#2449,#1965,#1966);
#1716=AXIS2_PLACEMENT_3D('',#2462,#1968,#1969);
#1717=AXIS2_PLACEMENT_3D('',#2466,#1972,#1973);
#1718=AXIS2_PLACEMENT_3D('',#2481,#1975,#1976);
#1719=AXIS2_PLACEMENT_3D('',#2484,#1978,#1979);
#1720=AXIS2_PLACEMENT_3D('',#2485,#1980,#1981);
#1721=AXIS2_PLACEMENT_3D('',#2489,#1984,#1985);
#1722=AXIS2_PLACEMENT_3D('',#2493,#1988,#1989);
#1723=AXIS2_PLACEMENT_3D('',#2497,#1992,#1993);
#1724=AXIS2_PLACEMENT_3D('',#2501,#1996,#1997);
#1725=AXIS2_PLACEMENT_3D('',#2510,#2002,#2003);
#1726=AXIS2_PLACEMENT_3D('',#2511,#2004,#2005);
#1727=AXIS2_PLACEMENT_3D('',#2515,#2008,#2009);
#1728=AXIS2_PLACEMENT_3D('',#2519,#2012,#2013);
#1729=AXIS2_PLACEMENT_3D('',#2523,#2016,#2017);
#1730=AXIS2_PLACEMENT_3D('',#2527,#2020,#2021);
#1731=AXIS2_PLACEMENT_3D('',#2530,#2023,#2024);
#1732=AXIS2_PLACEMENT_3D('',#2531,#2025,#2026);
#1733=AXIS2_PLACEMENT_3D('',#2550,#2028,#2029);
#1734=AXIS2_PLACEMENT_3D('',#2553,#2031,#2032);
#1735=AXIS2_PLACEMENT_3D('',#2554,#2033,#2034);
#1736=AXIS2_PLACEMENT_3D('',#2560,#2038,#2039);
#1737=AXIS2_PLACEMENT_3D('',#2564,#2042,#2043);
#1738=AXIS2_PLACEMENT_3D('',#2568,#2046,#2047);
#1739=AXIS2_PLACEMENT_3D('',#2570,#2049,#2050);
#1740=AXIS2_PLACEMENT_3D('',#2576,#2054,#2055);
#1741=AXIS2_PLACEMENT_3D('',#2589,#2062,#2063);
#1742=AXIS2_PLACEMENT_3D('',#2590,#2064,#2065);
#1743=AXIS2_PLACEMENT_3D('',#2593,#2067,#2068);
#1744=AXIS2_PLACEMENT_3D('',#2594,#2069,#2070);
#1745=AXIS2_PLACEMENT_3D('',#2597,#2071,#2072);
#1746=AXIS2_PLACEMENT_3D('',#2598,#2073,#2074);
#1747=AXIS2_PLACEMENT_3D('',#2600,#2076,#2077);
#1748=AXIS2_PLACEMENT_3D('',#2603,#2079,#2080);
#1749=AXIS2_PLACEMENT_3D('',#2604,#2081,#2082);
#1750=AXIS2_PLACEMENT_3D('',#2606,#2083,#2084);
#1751=AXIS2_PLACEMENT_3D('',#2608,#2086,#2087);
#1752=AXIS2_PLACEMENT_3D('',#2611,#2089,#2090);
#1753=AXIS2_PLACEMENT_3D('',#2612,#2091,#2092);
#1754=AXIS2_PLACEMENT_3D('',#2615,#2093,#2094);
#1755=AXIS2_PLACEMENT_3D('',#2617,#2096,#2097);
#1756=AXIS2_PLACEMENT_3D('',#2618,#2098,#2099);
#1757=AXIS2_PLACEMENT_3D('',#2620,#2101,#2102);
#1758=AXIS2_PLACEMENT_3D('',#2624,#2105,#2106);
#1759=AXIS2_PLACEMENT_3D('',#2635,#2112,#2113);
#1760=AXIS2_PLACEMENT_3D('',#2636,#2114,#2115);
#1761=AXIS2_PLACEMENT_3D('',#2638,#2116,#2117);
#1762=AXIS2_PLACEMENT_3D('',#2642,#2119,#2120);
#1763=AXIS2_PLACEMENT_3D('',#2644,#2121,#2122);
#1764=AXIS2_PLACEMENT_3D('',#2645,#2123,#2124);
#1765=AXIS2_PLACEMENT_3D('',#2646,#2125,#2126);
#1766=AXIS2_PLACEMENT_3D('',#2656,#2132,#2133);
#1767=AXIS2_PLACEMENT_3D('',#2660,#2135,#2136);
#1768=AXIS2_PLACEMENT_3D('',#2662,#2137,#2138);
#1769=AXIS2_PLACEMENT_3D('',#2665,#2141,#2142);
#1770=AXIS2_PLACEMENT_3D('',#2666,#2143,#2144);
#1771=AXIS2_PLACEMENT_3D('',#2667,#2145,#2146);
#1772=AXIS2_PLACEMENT_3D('',#2671,#2149,#2150);
#1773=AXIS2_PLACEMENT_3D('',#2677,#2154,#2155);
#1774=AXIS2_PLACEMENT_3D('',#2685,#2160,#2161);
#1775=AXIS2_PLACEMENT_3D('',#2691,#2164,#2165);
#1776=AXIS2_PLACEMENT_3D('',#2692,#2166,#2167);
#1777=AXIS2_PLACEMENT_3D('',#2693,#2168,#2169);
#1778=AXIS2_PLACEMENT_3D('',#2697,#2172,#2173);
#1779=AXIS2_PLACEMENT_3D('',#2699,#2174,#2175);
#1780=AXIS2_PLACEMENT_3D('',#2702,#2177,#2178);
#1781=AXIS2_PLACEMENT_3D('',#2703,#2179,#2180);
#1782=AXIS2_PLACEMENT_3D('',#2706,#2182,#2183);
#1783=AXIS2_PLACEMENT_3D('',#2707,#2184,#2185);
#1784=AXIS2_PLACEMENT_3D('',#2709,#2186,#2187);
#1785=AXIS2_PLACEMENT_3D('',#2711,#2188,#2189);
#1786=AXIS2_PLACEMENT_3D('',#2712,#2190,#2191);
#1787=AXIS2_PLACEMENT_3D('',#2713,#2192,#2193);
#1788=AXIS2_PLACEMENT_3D('',#2715,#2195,#2196);
#1789=AXIS2_PLACEMENT_3D('',#2721,#2200,#2201);
#1790=AXIS2_PLACEMENT_3D('',#2727,#2205,#2206);
#1791=AXIS2_PLACEMENT_3D('',#2729,#2208,#2209);
#1792=AXIS2_PLACEMENT_3D('',#2733,#2212,#2213);
#1793=AXIS2_PLACEMENT_3D('',#2739,#2217,#2218);
#1794=AXIS2_PLACEMENT_3D('',#2741,#2219,#2220);
#1795=AXIS2_PLACEMENT_3D('',#2743,#2222,#2223);
#1796=AXIS2_PLACEMENT_3D('',#2744,#2224,#2225);
#1797=AXIS2_PLACEMENT_3D('',#2747,#2228,#2229);
#1798=AXIS2_PLACEMENT_3D('',#2748,#2230,#2231);
#1799=AXIS2_PLACEMENT_3D('',#2751,#2234,#2235);
#1800=AXIS2_PLACEMENT_3D('',#2752,#2236,#2237);
#1801=AXIS2_PLACEMENT_3D('',#2754,#2239,#2240);
#1802=AXIS2_PLACEMENT_3D('',#2757,#2242,#2243);
#1803=AXIS2_PLACEMENT_3D('',#2758,#2244,#2245);
#1804=AXIS2_PLACEMENT_3D('',#2760,#2247,#2248);
#1805=AXIS2_PLACEMENT_3D('',#2770,#2252,#2253);
#1806=AXIS2_PLACEMENT_3D('',#2773,#2255,#2256);
#1807=AXIS2_PLACEMENT_3D('',#2775,#2257,#2258);
#1808=AXIS2_PLACEMENT_3D('',#2777,#2259,#2260);
#1809=AXIS2_PLACEMENT_3D('',#2778,#2261,#2262);
#1810=AXIS2_PLACEMENT_3D('',#2780,#2263,#2264);
#1811=AXIS2_PLACEMENT_3D('',#2781,#2265,#2266);
#1812=AXIS2_PLACEMENT_3D('',#2782,#2267,#2268);
#1813=AXIS2_PLACEMENT_3D('',#2783,#2269,#2270);
#1814=AXIS2_PLACEMENT_3D('',#2785,#2272,#2273);
#1815=AXIS2_PLACEMENT_3D('',#2787,#2275,#2276);
#1816=AXIS2_PLACEMENT_3D('',#2789,#2278,#2279);
#1817=AXIS2_PLACEMENT_3D('',#2791,#2281,#2282);
#1818=AXIS2_PLACEMENT_3D('',#2793,#2284,#2285);
#1819=AXIS2_PLACEMENT_3D('',#2797,#2286,#2287);
#1820=AXIS2_PLACEMENT_3D('',#2798,#2288,#2289);
#1821=AXIS2_PLACEMENT_3D('',#2799,#2290,#2291);
#1822=AXIS2_PLACEMENT_3D('',#2800,#2292,#2293);
#1823=AXIS2_PLACEMENT_3D('',#2801,#2294,#2295);
#1824=AXIS2_PLACEMENT_3D('',#2802,#2296,#2297);
#1825=DIRECTION('axis',(0.,0.,1.));
#1826=DIRECTION('refdir',(1.,0.,0.));
#1827=DIRECTION('axis',(0.,0.,1.));
#1828=DIRECTION('refdir',(1.,0.,0.));
#1829=DIRECTION('axis',(0.,0.,1.));
#1830=DIRECTION('refdir',(1.,0.,0.));
#1831=DIRECTION('',(-2.81801299630598E-15,5.00643295510949E-15,1.));
#1832=DIRECTION('',(-1.,-2.56733434461339E-29,-2.81801299630598E-15));
#1833=DIRECTION('axis',(0.,0.,1.));
#1834=DIRECTION('refdir',(1.,0.,0.));
#1835=DIRECTION('axis',(0.,0.,1.));
#1836=DIRECTION('refdir',(1.,0.,0.));
#1837=DIRECTION('center_axis',(0.707106781186563,2.80737671982327E-17,0.707106781186532));
#1838=DIRECTION('ref_axis',(0.707106781186532,0.,-0.707106781186563));
#1839=DIRECTION('',(0.707106781186532,-2.69723094799455E-15,-0.707106781186563));
#1840=DIRECTION('',(1.8873791425938E-15,1.,-1.92708144491253E-15));
#1841=DIRECTION('',(0.673435881820422,-0.304906913915479,-0.673435881820452));
#1842=DIRECTION('',(-1.8873791425938E-15,-1.,1.92708144491253E-15));
#1843=DIRECTION('center_axis',(1.8873791425938E-15,1.,-1.92708144491253E-15));
#1844=DIRECTION('ref_axis',(-1.,1.8873791425938E-15,2.06093635739552E-16));
#1845=DIRECTION('',(1.,-1.8873791425938E-15,-2.06093635739552E-16));
#1846=DIRECTION('',(0.806837534607394,-3.843399053692E-16,0.590773385274474));
#1847=DIRECTION('',(9.61345817937182E-16,1.92708144491253E-15,1.));
#1848=DIRECTION('center_axis',(-1.8873791425938E-15,-1.,1.92708144491253E-15));
#1849=DIRECTION('ref_axis',(5.0752096368187E-15,1.92708144491252E-15,1.));
#1850=DIRECTION('',(-1.,1.8873791425938E-15,2.06093635739552E-16));
#1851=DIRECTION('center_axis',(1.8873791425938E-15,1.,-1.92708144491253E-15));
#1852=DIRECTION('ref_axis',(0.999981160320639,-1.87551453747736E-15,0.00613832255496613));
#1853=DIRECTION('',(0.,2.22044604925031E-15,1.));
#1854=DIRECTION('center_axis',(1.8873791425938E-15,1.,-1.92708144491253E-15));
#1855=DIRECTION('ref_axis',(-1.,1.8873791425938E-15,-2.61698973434609E-31));
#1856=DIRECTION('center_axis',(1.8873791425938E-15,1.,-1.92708144491253E-15));
#1857=DIRECTION('ref_axis',(-1.,1.8873791425938E-15,-2.61698973434609E-31));
#1858=DIRECTION('center_axis',(2.06093635739556E-16,1.92708144491253E-15,
1.));
#1859=DIRECTION('ref_axis',(1.,3.71178895172498E-31,-2.06093635739556E-16));
#1860=DIRECTION('',(-0.751477495986948,-0.659758723341485,1.42628352319496E-15));
#1861=DIRECTION('center_axis',(-2.06093635739556E-16,-1.92708144491253E-15,
-1.));
#1862=DIRECTION('ref_axis',(0.659758707660403,-0.751477509754134,1.3121862945437E-15));
#1863=DIRECTION('',(0.951207133658691,-0.308553056826241,3.98569134063769E-16));
#1864=DIRECTION('',(-1.8873791425938E-15,-1.,1.92708144491253E-15));
#1865=DIRECTION('',(1.,-1.88737914259382E-15,-2.06093635739552E-16));
#1866=DIRECTION('',(-9.63364303400073E-15,-1.,1.92708144491253E-15));
#1867=DIRECTION('',(0.755883276284593,-0.654706401857557,1.10588982628093E-15));
#1868=DIRECTION('',(1.,3.06268420513146E-15,-2.06093635739562E-16));
#1869=DIRECTION('',(0.755974636806416,0.654600907809795,-1.41727082468948E-15));
#1870=DIRECTION('',(1.75930315372904E-15,1.,-1.92708144491253E-15));
#1871=DIRECTION('',(1.,-1.88737914259382E-15,-2.06093635739552E-16));
#1872=DIRECTION('',(1.8873791425938E-15,1.,-1.92708144491253E-15));
#1873=DIRECTION('',(1.,-6.0556002522703E-16,-2.06093635739555E-16));
#1874=DIRECTION('center_axis',(-2.06093635739556E-16,-1.92708144491253E-15,
-1.));
#1875=DIRECTION('ref_axis',(-5.55337605530974E-31,1.,-1.92708144491253E-15));
#1876=DIRECTION('',(2.41588322169288E-15,1.,-1.92708144491253E-15));
#1877=DIRECTION('center_axis',(-2.06093635739556E-16,-1.92708144491253E-15,
-1.));
#1878=DIRECTION('ref_axis',(-1.,-7.89491928572153E-15,2.06093635739571E-16));
#1879=DIRECTION('',(-0.681080435406597,0.732208604501723,-1.27065927237654E-15));
#1880=DIRECTION('',(-1.,7.3103628931926E-25,2.06093635739556E-16));
#1881=DIRECTION('',(7.3103579790731E-25,1.,-1.92708144491253E-15));
#1882=DIRECTION('',(1.,-7.3103628931926E-25,-2.06093635739556E-16));
#1883=DIRECTION('',(-7.3103579790731E-25,-1.,1.92708144491253E-15));
#1884=DIRECTION('center_axis',(2.06093635739556E-16,1.92708144491253E-15,
1.));
#1885=DIRECTION('ref_axis',(-1.,1.8873791425938E-15,2.06093635739552E-16));
#1886=DIRECTION('center_axis',(2.06093635739556E-16,1.92708144491253E-15,
1.));
#1887=DIRECTION('ref_axis',(1.,4.31639470137866E-31,-2.06093635739556E-16));
#1888=DIRECTION('center_axis',(2.06093635739556E-16,1.92708144491253E-15,
1.));
#1889=DIRECTION('ref_axis',(1.,4.31639470137865E-31,-2.06093635739556E-16));
#1890=DIRECTION('center_axis',(5.73925807644346E-16,0.707106781186516,0.707106781186579));
#1891=DIRECTION('ref_axis',(1.,0.,-8.11653660966531E-16));
#1892=DIRECTION('',(-1.,6.0556002522703E-16,2.06093635739555E-16));
#1893=DIRECTION('',(0.,-0.707106781186579,0.707106781186516));
#1894=DIRECTION('',(-0.577350269189617,0.577350269189643,-0.577350269189617));
#1895=DIRECTION('center_axis',(0.,0.,-1.));
#1896=DIRECTION('ref_axis',(-6.88462924899586E-31,1.,-2.57302724955079E-15));
#1897=DIRECTION('',(0.707106781186532,0.,0.707106781186563));
#1898=DIRECTION('center_axis',(2.06093635739556E-16,1.92708144491253E-15,
1.));
#1899=DIRECTION('ref_axis',(-7.68338116520754E-31,1.,-2.96059473233375E-15));
#1900=DIRECTION('center_axis',(-0.707106781186563,3.07093976621027E-15,
0.707106781186532));
#1901=DIRECTION('ref_axis',(0.707106781186532,0.,0.707106781186563));
#1902=DIRECTION('',(0.707106781186532,0.,0.707106781186563));
#1903=DIRECTION('',(-2.41588322169288E-15,-1.,1.92708144491253E-15));
#1904=DIRECTION('center_axis',(0.,0.,-1.));
#1905=DIRECTION('ref_axis',(-1.,-7.89491928572153E-15,9.82539426203591E-17));
#1906=DIRECTION('',(0.517755098839395,0.481590757413086,0.707106781186617));
#1907=DIRECTION('center_axis',(2.06093635739556E-16,1.92708144491253E-15,
1.));
#1908=DIRECTION('ref_axis',(-1.,-7.89491928572153E-15,2.29792259968968E-29));
#1909=DIRECTION('center_axis',(-0.5177496694863,-0.481596594409483,0.707106781186558));
#1910=DIRECTION('ref_axis',(0.806837534607394,0.,0.590773385274474));
#1911=DIRECTION('',(0.681080435406597,-0.732208604501723,1.27065927237654E-15));
#1912=DIRECTION('center_axis',(-0.707106781186563,2.69723094799455E-15,
0.707106781186532));
#1913=DIRECTION('ref_axis',(0.707106781186532,0.,0.707106781186563));
#1914=DIRECTION('',(-1.8873791425938E-15,-1.,1.92708144491253E-15));
#1915=DIRECTION('',(-0.577350269189677,0.5773502691896,-0.5773502691896));
#1916=DIRECTION('center_axis',(1.48030879778897E-15,0.707106781186548,0.707106781186548));
#1917=DIRECTION('ref_axis',(1.,0.,-2.09347277833337E-15));
#1918=DIRECTION('',(-1.,1.88737914259382E-15,2.06093635739552E-16));
#1919=DIRECTION('',(-0.577350269189626,0.577350269189626,-0.577350269189626));
#1920=DIRECTION('center_axis',(-0.707106781186548,2.6066675477611E-15,0.707106781186548));
#1921=DIRECTION('ref_axis',(0.707106781186548,0.,0.707106781186548));
#1922=DIRECTION('',(-1.75930315372904E-15,-1.,1.92708144491253E-15));
#1923=DIRECTION('',(-0.672863004139733,0.3074260160104,-0.672863004139793));
#1924=DIRECTION('center_axis',(-0.462872740883177,0.534554792090857,0.707106781186545));
#1925=DIRECTION('ref_axis',(0.836680256053196,0.,0.547691655158957));
#1926=DIRECTION('',(-0.755974636806416,-0.654600907809795,1.41727082468948E-15));
#1927=DIRECTION('',(-0.254891972690047,0.683750715633313,-0.683750715633343));
#1928=DIRECTION('center_axis',(-2.01991456269065E-15,0.707106781186579,
0.707106781186516));
#1929=DIRECTION('ref_axis',(1.,0.,2.85659056939217E-15));
#1930=DIRECTION('',(-1.,-3.06268420513146E-15,2.06093635739562E-16));
#1931=DIRECTION('',(0.254942783297379,0.683741243909033,-0.683741243909064));
#1932=DIRECTION('center_axis',(0.462947336439731,0.53449019044635,0.707106781186536));
#1933=DIRECTION('ref_axis',(0.836639809024597,0.,-0.547753439017306));
#1934=DIRECTION('',(-0.755883276284593,0.654706401857557,-1.10588982628093E-15));
#1935=DIRECTION('',(0.67287474243603,0.307374628073454,-0.67287474243603));
#1936=DIRECTION('center_axis',(0.707106781186548,-5.44936195927604E-15,
0.707106781186548));
#1937=DIRECTION('ref_axis',(0.707106781186548,0.,-0.707106781186548));
#1938=DIRECTION('',(9.63364303400073E-15,1.,-1.92708144491253E-15));
#1939=DIRECTION('',(0.577350269189651,0.577350269189626,-0.5773502691896));
#1940=DIRECTION('center_axis',(1.48030879778894E-15,0.707106781186532,0.707106781186563));
#1941=DIRECTION('ref_axis',(1.,0.,-2.09347277833329E-15));
#1942=DIRECTION('',(-1.,1.88737914259382E-15,2.06093635739552E-16));
#1943=DIRECTION('',(0.577350269189575,0.577350269189703,-0.5773502691896));
#1944=DIRECTION('center_axis',(0.707106781186563,2.80737671982327E-17,0.707106781186532));
#1945=DIRECTION('ref_axis',(0.707106781186532,0.,-0.707106781186563));
#1946=DIRECTION('',(1.8873791425938E-15,1.,-1.92708144491253E-15));
#1947=DIRECTION('',(0.628892790958397,0.457151741723851,-0.628892790958369));
#1948=DIRECTION('center_axis',(0.466519867221727,-0.531374833321437,0.707106781186574));
#1949=DIRECTION('ref_axis',(0.834701983312824,0.,-0.550701914881035));
#1950=DIRECTION('',(0.751477495986948,0.659758723341485,-1.42628352319496E-15));
#1951=DIRECTION('',(-0.466519867221745,0.531374833321491,0.707106781186521));
#1952=DIRECTION('center_axis',(0.,0.,-1.));
#1953=DIRECTION('ref_axis',(0.659758707660403,-0.751477509754134,1.78972737365504E-15));
#1954=DIRECTION('',(-0.218172267614741,-0.672607509357319,0.707106781186537));
#1955=DIRECTION('center_axis',(2.06093635739556E-16,1.92708144491253E-15,
1.));
#1956=DIRECTION('ref_axis',(0.659758707660403,-0.751477509754134,2.22482035684537E-15));
#1957=DIRECTION('center_axis',(0.218179958837667,0.672605014523062,0.707106781186566));
#1958=DIRECTION('ref_axis',(0.955547527944078,0.,-0.294837110689888));
#1959=DIRECTION('',(-0.951207133658691,0.308553056826241,-3.98569134063769E-16));
#1960=DIRECTION('center_axis',(-0.732208604501723,-0.681080435406597,2.01640314936035E-15));
#1961=DIRECTION('ref_axis',(-0.681080435406597,0.732208604501723,-1.27065927237653E-15));
#1962=DIRECTION('',(3.94430452610507E-31,-2.96059473233375E-15,-1.));
#1963=DIRECTION('center_axis',(-0.732208604501723,-0.681080435406597,2.01640314936035E-15));
#1964=DIRECTION('ref_axis',(0.681080435406597,-0.732208604501723,-2.05939294070276E-15));
#1965=DIRECTION('center_axis',(3.94430452610507E-31,-2.96059473233375E-15,
-1.));
#1966=DIRECTION('ref_axis',(-1.,-7.89491928572153E-15,2.29792259968968E-29));
#1967=DIRECTION('',(0.,2.22044604925031E-15,1.));
#1968=DIRECTION('center_axis',(-1.,2.41588322169288E-15,-7.54688159268795E-30));
#1969=DIRECTION('ref_axis',(2.41588322169288E-15,1.,-1.92708144491252E-15));
#1970=DIRECTION('',(0.,2.22044604925031E-15,1.));
#1971=DIRECTION('',(1.8873791425938E-15,1.,-1.90824450836974E-15));
#1972=DIRECTION('center_axis',(3.94430452610507E-31,-2.96059473233375E-15,
-1.));
#1973=DIRECTION('ref_axis',(-7.68338116520754E-31,1.,-2.96059473233375E-15));
#1974=DIRECTION('',(3.94430452610507E-31,-2.96059473233375E-15,-1.));
#1975=DIRECTION('center_axis',(6.05560025227029E-16,1.,-2.96059473233375E-15));
#1976=DIRECTION('ref_axis',(1.,-6.05560025227029E-16,-1.30398632586181E-16));
#1977=DIRECTION('',(0.,2.22044604925031E-15,1.));
#1978=DIRECTION('center_axis',(6.05560025227029E-16,1.,-2.96059473233375E-15));
#1979=DIRECTION('ref_axis',(5.0752096368187E-15,2.96059473233375E-15,1.));
#1980=DIRECTION('center_axis',(-1.,1.8873791425938E-15,-4.19082356060984E-30));
#1981=DIRECTION('ref_axis',(-1.8873791425938E-15,-1.,1.90824450836974E-15));
#1982=DIRECTION('',(0.,2.22044604925031E-15,1.));
#1983=DIRECTION('',(1.8873791425938E-15,1.,-1.90824450836974E-15));
#1984=DIRECTION('center_axis',(1.88737914259382E-15,1.,-2.22044604925031E-15));
#1985=DIRECTION('ref_axis',(-1.,1.88737914259382E-15,2.06093635739552E-16));
#1986=DIRECTION('',(0.,2.22044604925031E-15,1.));
#1987=DIRECTION('',(1.,-1.88737914259382E-15,-2.06093635739552E-16));
#1988=DIRECTION('center_axis',(-1.,1.75930315372904E-15,-3.90643773713126E-30));
#1989=DIRECTION('ref_axis',(-1.75930315372904E-15,-1.,1.92708144491253E-15));
#1990=DIRECTION('',(0.,2.22044604925031E-15,1.));
#1991=DIRECTION('',(-1.75930315372904E-15,-1.,1.92708144491253E-15));
#1992=DIRECTION('center_axis',(-0.654600907809795,0.755974636806416,-1.67860089563024E-15));
#1993=DIRECTION('ref_axis',(-0.755974636806416,-0.654600907809795,1.41727082468948E-15));
#1994=DIRECTION('',(0.,2.22044604925031E-15,1.));
#1995=DIRECTION('',(0.755974636806416,0.654600907809795,-1.41727082468948E-15));
#1996=DIRECTION('center_axis',(-3.06268420513146E-15,1.,-2.14879053741739E-15));
#1997=DIRECTION('ref_axis',(1.,3.06268420513146E-15,-2.06093633674744E-16));
#1998=DIRECTION('',(0.,2.22044604925031E-15,1.));
#1999=DIRECTION('',(0.499788482269173,3.39186381928327E-15,0.866147489167449));
#2000=DIRECTION('',(1.,3.06268420513145E-15,-2.06093635739561E-16));
#2001=DIRECTION('',(0.500211487403094,-3.28654924838893E-16,-0.865903267039676));
#2002=DIRECTION('center_axis',(-3.06268420513146E-15,1.,-2.14879053741739E-15));
#2003=DIRECTION('ref_axis',(-1.,-3.06268420513146E-15,4.56647160909208E-31));
#2004=DIRECTION('center_axis',(0.654706401857557,0.755883276284593,-1.67839803452051E-15));
#2005=DIRECTION('ref_axis',(-0.755883276284593,0.654706401857557,-1.10588982628093E-15));
#2006=DIRECTION('',(0.,2.22044604925031E-15,1.));
#2007=DIRECTION('',(-0.755883276284593,0.654706401857557,-1.10588982628093E-15));
#2008=DIRECTION('center_axis',(1.,-9.63364303400073E-15,2.13909846147347E-29));
#2009=DIRECTION('ref_axis',(9.63364303400073E-15,1.,-1.92708144491253E-15));
#2010=DIRECTION('',(0.,2.22044604925031E-15,1.));
#2011=DIRECTION('',(9.63364303400073E-15,1.,-1.92708144491253E-15));
#2012=DIRECTION('center_axis',(1.88737914259382E-15,1.,-2.22044604925031E-15));
#2013=DIRECTION('ref_axis',(-1.,1.88737914259382E-15,2.06093635739552E-16));
#2014=DIRECTION('',(0.,2.22044604925031E-15,1.));
#2015=DIRECTION('',(1.,-1.88737914259382E-15,-2.06093635739552E-16));
#2016=DIRECTION('center_axis',(1.,-1.8873791425938E-15,4.19082356060984E-30));
#2017=DIRECTION('ref_axis',(1.8873791425938E-15,1.,-1.9270814080679E-15));
#2018=DIRECTION('',(0.,2.22044604925031E-15,1.));
#2019=DIRECTION('',(-1.8873791425938E-15,-1.,1.9270814080679E-15));
#2020=DIRECTION('center_axis',(0.308553056826241,0.951207133658691,-2.81613882926821E-15));
#2021=DIRECTION('ref_axis',(0.951207133658691,-0.308553056826241,2.30331938932232E-16));
#2022=DIRECTION('',(0.,2.22044604925031E-15,1.));
#2023=DIRECTION('center_axis',(0.308553056826241,0.951207133658691,-2.81613882926821E-15));
#2024=DIRECTION('ref_axis',(0.951207133658691,-0.308553056826241,-2.43853851502663E-15));
#2025=DIRECTION('center_axis',(3.94430452610507E-31,-2.96059473233375E-15,
-1.));
#2026=DIRECTION('ref_axis',(0.659758707660403,-0.751477509754134,2.22482035684537E-15));
#2027=DIRECTION('',(3.94430452610507E-31,-2.96059473233375E-15,-1.));
#2028=DIRECTION('center_axis',(0.659758723341485,-0.751477495986948,2.22482031608632E-15));
#2029=DIRECTION('ref_axis',(-0.751477495986948,-0.659758723341485,1.42628352319496E-15));
#2030=DIRECTION('',(0.,2.22044604925031E-15,1.));
#2031=DIRECTION('center_axis',(0.659758723341485,-0.751477495986948,2.22482031608632E-15));
#2032=DIRECTION('ref_axis',(0.751477495986948,0.659758723341485,-3.84556415727958E-16));
#2033=DIRECTION('center_axis',(1.45730206873903E-16,-0.707106781186579,
0.707106781186516));
#2034=DIRECTION('ref_axis',(1.,0.,-2.0609363500852E-16));
#2035=DIRECTION('',(0.577350269189626,-0.577350269189626,-0.577350269189626));
#2036=DIRECTION('',(1.,-7.3103628931926E-25,-2.06093635739556E-16));
#2037=DIRECTION('',(-0.577350269189617,-0.577350269189617,-0.577350269189643));
#2038=DIRECTION('center_axis',(0.707106781186548,1.3626523570795E-15,0.707106781186548));
#2039=DIRECTION('ref_axis',(0.707106781186548,0.,-0.707106781186548));
#2040=DIRECTION('',(0.577350269189643,0.577350269189643,-0.577350269189592));
#2041=DIRECTION('',(7.3103579790731E-25,1.,-1.92708144491253E-15));
#2042=DIRECTION('center_axis',(1.45730207907757E-16,0.707106781186516,0.707106781186579));
#2043=DIRECTION('ref_axis',(1.,0.,-2.06093636470592E-16));
#2044=DIRECTION('',(-0.577350269189643,0.577350269189643,-0.577350269189592));
#2045=DIRECTION('',(-1.,7.3103628931926E-25,2.06093635739556E-16));
#2046=DIRECTION('center_axis',(-0.707106781186548,1.36265235811334E-15,
0.707106781186548));
#2047=DIRECTION('ref_axis',(0.707106781186548,0.,0.707106781186548));
#2048=DIRECTION('',(-7.3103579790731E-25,-1.,1.92708144491253E-15));
#2049=DIRECTION('center_axis',(1.,-7.3103579790731E-25,3.94430452610506E-31));
#2050=DIRECTION('ref_axis',(-7.3103579790731E-25,-1.,1.92674589548018E-15));
#2051=DIRECTION('',(3.6977854932235E-31,-3.22973970800045E-15,-1.));
#2052=DIRECTION('',(-7.31035892229193E-25,-1.,1.92674589548018E-15));
#2053=DIRECTION('',(3.6977854932235E-31,-3.22973970800045E-15,-1.));
#2054=DIRECTION('center_axis',(7.31035623690461E-25,1.,-3.22973970800045E-15));
#2055=DIRECTION('ref_axis',(1.,-7.31036289319253E-25,-2.06093633674745E-16));
#2056=DIRECTION('',(3.6977854932235E-31,-3.22973970800045E-15,-1.));
#2057=DIRECTION('',(1.,-7.31036240828507E-25,-2.06093633674745E-16));
#2058=DIRECTION('',(-0.866025403784438,1.61486985463332E-15,0.500000000000001));
#2059=DIRECTION('',(-1.,7.31036240828511E-25,2.06093635739556E-16));
#2060=DIRECTION('',(-0.866025403784439,-1.61486985336713E-15,-0.5));
#2061=DIRECTION('',(1.,-7.31036240828507E-25,-2.06093633674745E-16));
#2062=DIRECTION('center_axis',(7.31035623690461E-25,1.,-3.22973970800045E-15));
#2063=DIRECTION('ref_axis',(-1.,7.31035623690461E-25,-9.6293066709518E-30));
#2064=DIRECTION('center_axis',(0.,0.,1.));
#2065=DIRECTION('ref_axis',(1.,6.10845460258422E-31,-1.13100165954634E-16));
#2066=DIRECTION('',(0.707106781186547,8.65956056235497E-17,-0.707106781186548));
#2067=DIRECTION('center_axis',(-2.06093635739556E-16,-1.92708144491253E-15,
-1.));
#2068=DIRECTION('ref_axis',(1.,8.28798691486126E-31,3.94430452610505E-31));
#2069=DIRECTION('center_axis',(-3.94430452610507E-31,2.22044604925031E-15,
1.));
#2070=DIRECTION('ref_axis',(1.,8.28798691486126E-31,3.94430452610505E-31));
#2071=DIRECTION('center_axis',(2.06093635739556E-16,1.92708144491253E-15,
1.));
#2072=DIRECTION('ref_axis',(-1.,-4.31639470137865E-31,2.06093635739556E-16));
#2073=DIRECTION('center_axis',(2.06093635739556E-16,1.92708144491253E-15,
1.));
#2074=DIRECTION('ref_axis',(-1.,-4.31639470137865E-31,2.06093635739556E-16));
#2075=DIRECTION('',(-3.94430452610507E-31,2.22044604925031E-15,1.));
#2076=DIRECTION('center_axis',(0.,0.,1.));
#2077=DIRECTION('ref_axis',(-1.,1.8873791425938E-15,2.06093635739552E-16));
#2078=DIRECTION('',(-0.707106781186548,1.24798298477458E-15,-0.707106781186547));
#2079=DIRECTION('center_axis',(-2.06093635739556E-16,-1.92708144491253E-15,
-1.));
#2080=DIRECTION('ref_axis',(-1.,1.8873791425938E-15,2.06093635739552E-16));
#2081=DIRECTION('center_axis',(2.06093635739556E-16,1.97653808353204E-15,
1.));
#2082=DIRECTION('ref_axis',(-1.,1.8873791425938E-15,2.06093635739552E-16));
#2083=DIRECTION('center_axis',(2.06093635739556E-16,1.92708144491253E-15,
1.));
#2084=DIRECTION('ref_axis',(-1.,1.8873791425938E-15,2.06093635739552E-16));
#2085=DIRECTION('',(2.06093635739556E-16,1.97653808353204E-15,1.));
#2086=DIRECTION('center_axis',(0.,0.,1.));
#2087=DIRECTION('ref_axis',(1.,6.10845460258423E-31,-1.13100165954634E-16));
#2088=DIRECTION('',(0.707106781186547,8.65956056235498E-17,-0.707106781186548));
#2089=DIRECTION('center_axis',(-2.06093635739556E-16,-1.92708144491253E-15,
-1.));
#2090=DIRECTION('ref_axis',(1.,8.28798691486127E-31,3.94430452610505E-31));
#2091=DIRECTION('center_axis',(-3.94430452610507E-31,2.22044604925031E-15,
1.));
#2092=DIRECTION('ref_axis',(1.,8.28798691486127E-31,3.94430452610505E-31));
#2093=DIRECTION('center_axis',(2.06093635739556E-16,1.92708144491253E-15,
1.));
#2094=DIRECTION('ref_axis',(-1.,-4.31639470137865E-31,2.06093635739556E-16));
#2095=DIRECTION('',(-3.94430452610507E-31,2.22044604925031E-15,1.));
#2096=DIRECTION('center_axis',(2.06093635739556E-16,1.92708144491253E-15,
1.));
#2097=DIRECTION('ref_axis',(-1.,-4.31639470137865E-31,2.06093635739556E-16));
#2098=DIRECTION('center_axis',(1.,-1.8873791425938E-15,4.19082356060984E-30));
#2099=DIRECTION('ref_axis',(1.8873791425938E-15,1.,-1.9270814080679E-15));
#2100=DIRECTION('',(-1.8873791425938E-15,-1.,1.9270814080679E-15));
#2101=DIRECTION('center_axis',(-1.,7.3103579790731E-25,-3.94430452610506E-31));
#2102=DIRECTION('ref_axis',(7.3103579790731E-25,1.,-1.92674588392096E-15));
#2103=DIRECTION('',(3.6977854932235E-31,-3.22973970800045E-15,-1.));
#2104=DIRECTION('',(7.31035892229196E-25,1.,-1.92674588392096E-15));
#2105=DIRECTION('center_axis',(-7.31035623690461E-25,-1.,3.22973970800045E-15));
#2106=DIRECTION('ref_axis',(-1.,7.31036289319253E-25,2.06093633674745E-16));
#2107=DIRECTION('',(-1.,7.31036240828507E-25,2.06093633674745E-16));
#2108=DIRECTION('',(0.866025403784439,1.61486985336713E-15,0.5));
#2109=DIRECTION('',(1.,-7.31036240828511E-25,-2.06093635739556E-16));
#2110=DIRECTION('',(0.866025403784438,-1.61486985463332E-15,-0.500000000000001));
#2111=DIRECTION('',(-1.,7.31036240828507E-25,2.06093633674745E-16));
#2112=DIRECTION('center_axis',(7.31035623690461E-25,1.,-3.22973970800045E-15));
#2113=DIRECTION('ref_axis',(-1.,7.31035623690461E-25,-1.01648893437508E-29));
#2114=DIRECTION('center_axis',(1.8873791425938E-15,1.,-1.9270814080679E-15));
#2115=DIRECTION('ref_axis',(0.999981160320639,-1.87551453770352E-15,0.00613832255496613));
#2116=DIRECTION('center_axis',(1.4803087977889E-15,0.707106781186515,0.70710678118658));
#2117=DIRECTION('ref_axis',(-1.17491868371056E-15,-0.70710678118658,0.707106781186515));
#2118=DIRECTION('',(-1.8873791425938E-15,-1.,1.9270814080679E-15));
#2119=DIRECTION('center_axis',(-1.1888483830073E-15,-0.707106781186538,
0.707106781186557));
#2120=DIRECTION('ref_axis',(1.49383770001982E-15,0.707106781186557,0.707106781186538));
#2121=DIRECTION('center_axis',(1.88737914259382E-15,1.,-2.14912604983756E-15));
#2122=DIRECTION('ref_axis',(0.999981160320639,-1.87415155607076E-15,0.00613832255496613));
#2123=DIRECTION('center_axis',(1.48030879778897E-15,0.707106781186549,0.707106781186546));
#2124=DIRECTION('ref_axis',(-1.17491868371061E-15,-0.707106781186546,0.707106781186549));
#2125=DIRECTION('center_axis',(0.866147489167449,-9.30728883599714E-15,
-0.499788482269173));
#2126=DIRECTION('ref_axis',(-0.499788482269173,2.66255233958261E-15,-0.866147489167449));
#2127=DIRECTION('',(-0.377781755426919,0.654706401857563,-0.654706401857565));
#2128=DIRECTION('',(-0.499788482269173,-9.18169774827699E-16,-0.866147489167449));
#2129=DIRECTION('',(-0.377781755426926,-0.65470640185757,-0.654706401857553));
#2130=DIRECTION('',(9.63383663294936E-15,1.,-1.92674593249237E-15));
#2131=DIRECTION('',(-0.499788482269173,-3.39186381928327E-15,-0.866147489167449));
#2132=DIRECTION('center_axis',(-1.88737914259382E-15,-1.,2.14912604983756E-15));
#2133=DIRECTION('ref_axis',(1.,-1.88737914259362E-15,9.52416214876629E-14));
#2134=DIRECTION('',(-1.,1.88737914259382E-15,2.06093635739551E-16));
#2135=DIRECTION('center_axis',(-1.88737914259382E-15,-1.,2.14912604983756E-15));
#2136=DIRECTION('ref_axis',(-1.,1.88737914259382E-15,-4.45064613387896E-30));
#2137=DIRECTION('center_axis',(-1.88737914259382E-15,-1.,2.14912604983756E-15));
#2138=DIRECTION('ref_axis',(-1.,1.88737914259382E-15,-4.45064613387896E-30));
#2139=DIRECTION('',(-1.,1.88737914259382E-15,2.06093635739551E-16));
#2140=DIRECTION('',(-1.,1.88737914259382E-15,2.06093635739553E-16));
#2141=DIRECTION('center_axis',(1.48030879778897E-15,0.707106781186549,0.707106781186546));
#2142=DIRECTION('ref_axis',(-1.,1.8873791425938E-15,2.06093635739571E-16));
#2143=DIRECTION('center_axis',(-1.48030879778897E-15,-0.707106781186549,
-0.707106781186546));
#2144=DIRECTION('ref_axis',(0.,0.707106781186546,-0.707106781186549));
#2145=DIRECTION('center_axis',(0.612458763098001,0.707106781186551,-0.353403824971465));
#2146=DIRECTION('ref_axis',(0.499788482269175,8.60422844084496E-16,0.866147489167448));
#2147=DIRECTION('',(0.774509289876294,-0.447289257581325,0.44728925758134));
#2148=DIRECTION('',(0.378055834560874,-0.654627293180816,-0.654627293180814));
#2149=DIRECTION('center_axis',(-0.612286071975335,0.707106781186554,-0.353702934770134));
#2150=DIRECTION('ref_axis',(0.500211487403092,-2.69229083471601E-15,-0.865903267039677));
#2151=DIRECTION('',(0.377873113516245,0.654680040203436,0.654680040203431));
#2152=DIRECTION('',(0.774684041005781,0.447137918662102,-0.447137918662103));
#2153=DIRECTION('',(-0.500211487403094,3.28654924838893E-16,0.865903267039676));
#2154=DIRECTION('center_axis',(-0.865903267039676,5.5943807262058E-16,-0.500211487403094));
#2155=DIRECTION('ref_axis',(-0.500211487403094,-7.73490901200763E-16,0.865903267039676));
#2156=DIRECTION('',(-0.378147197515949,-0.6546009078098,0.654600907809804));
#2157=DIRECTION('',(1.75910933627492E-15,1.,-1.92674593249236E-15));
#2158=DIRECTION('',(-0.378147197515944,0.654600907809812,0.654600907809795));
#2159=DIRECTION('',(-0.500211487403094,2.80502399604485E-15,0.865903267039676));
#2160=DIRECTION('center_axis',(-1.88737914259382E-15,-1.,2.14912604983756E-15));
#2161=DIRECTION('ref_axis',(1.,-1.88737914259362E-15,9.52416214876629E-14));
#2162=DIRECTION('',(-1.,1.88737914259382E-15,2.06093635739551E-16));
#2163=DIRECTION('',(1.,-1.88737914259382E-15,-2.06093635739552E-16));
#2164=DIRECTION('center_axis',(-1.88737914259382E-15,-1.,2.14912604983756E-15));
#2165=DIRECTION('ref_axis',(-1.,1.88737914259382E-15,-4.45064613387896E-30));
#2166=DIRECTION('center_axis',(-1.88737914259382E-15,-1.,2.14912604983756E-15));
#2167=DIRECTION('ref_axis',(-1.,1.88737914259382E-15,-4.45064613387896E-30));
#2168=DIRECTION('center_axis',(1.48030879778897E-15,0.707106781186549,0.707106781186546));
#2169=DIRECTION('ref_axis',(-1.,1.8873791425938E-15,2.06093635739571E-16));
#2170=DIRECTION('',(-1.,1.88737914259382E-15,2.06093635739551E-16));
#2171=DIRECTION('',(1.18884838300674E-15,0.707106781186277,-0.707106781186818));
#2172=DIRECTION('center_axis',(1.8873791425938E-15,1.,-1.90824450836974E-15));
#2173=DIRECTION('ref_axis',(5.0752096368187E-15,1.90824450836973E-15,1.));
#2174=DIRECTION('center_axis',(1.88737914259382E-15,1.,-2.14912604983756E-15));
#2175=DIRECTION('ref_axis',(5.0752096368187E-15,2.14912604983755E-15,1.));
#2176=DIRECTION('',(1.8873791425938E-15,1.,-1.90824450836974E-15));
#2177=DIRECTION('center_axis',(-1.4803087977889E-15,-0.707106781186515,
-0.70710678118658));
#2178=DIRECTION('ref_axis',(2.25413655973946E-15,-0.70710678118658,0.707106781186515));
#2179=DIRECTION('center_axis',(3.71178895172498E-31,-1.,-6.04690302028705E-49));
#2180=DIRECTION('ref_axis',(-1.,-3.71178895172498E-31,-3.94430452610506E-31));
#2181=DIRECTION('',(3.71178895172498E-31,-1.,-6.04690302028705E-49));
#2182=DIRECTION('center_axis',(-1.88737914259382E-15,-1.,2.14912604983756E-15));
#2183=DIRECTION('ref_axis',(-1.,1.88737914259382E-15,-3.94430452610506E-31));
#2184=DIRECTION('center_axis',(1.88737914259382E-15,1.,-2.14912604983756E-15));
#2185=DIRECTION('ref_axis',(-1.,1.88737914259382E-15,-3.94430452610506E-31));
#2186=DIRECTION('center_axis',(-1.88737914259382E-15,-1.,2.14912604983756E-15));
#2187=DIRECTION('ref_axis',(-1.,1.88737914259382E-15,-3.94430452610506E-31));
#2188=DIRECTION('center_axis',(1.88737914259382E-15,1.,-2.14912604983756E-15));
#2189=DIRECTION('ref_axis',(-1.,1.88737914259382E-15,-3.39283102127235E-31));
#2190=DIRECTION('center_axis',(3.71178895172498E-31,-1.,-6.04690302028705E-49));
#2191=DIRECTION('ref_axis',(-1.,-3.71178895172498E-31,-3.94430452610506E-31));
#2192=DIRECTION('center_axis',(-1.88737914259382E-15,-1.,2.14912604983756E-15));
#2193=DIRECTION('ref_axis',(-1.,1.88737914259382E-15,-4.45064613387896E-30));
#2194=DIRECTION('',(3.71178895172498E-31,-1.,-6.04690302028705E-49));
#2195=DIRECTION('center_axis',(-1.4803087977889E-15,-0.707106781186515,
-0.70710678118658));
#2196=DIRECTION('ref_axis',(1.,-1.8873791425938E-15,-2.06093635739551E-16));
#2197=DIRECTION('',(-0.369531276921065,-0.65705655592847,0.657056555928411));
#2198=DIRECTION('',(1.,-1.8873791425938E-15,-2.06093635739552E-16));
#2199=DIRECTION('',(-0.369531273035718,0.657056557021038,-0.657056557020977));
#2200=DIRECTION('center_axis',(1.1888483830073E-15,0.707106781186538,-0.707106781186557));
#2201=DIRECTION('ref_axis',(1.,-1.8873791425938E-15,-2.06093635739528E-16));
#2202=DIRECTION('',(0.369531273035732,0.657056557021013,0.657056557020995));
#2203=DIRECTION('',(-1.,-3.71178895172498E-31,-3.94430452610506E-31));
#2204=DIRECTION('',(-0.774509289876289,-0.447289257581342,-0.447289257581331));
#2205=DIRECTION('center_axis',(0.871611267923597,-2.58971184419291E-15,
-0.490197712794154));
#2206=DIRECTION('ref_axis',(0.490197712794154,9.4801354235167E-16,0.871611267923597));
#2207=DIRECTION('',(1.8873791425938E-15,1.,-1.92708144491253E-15));
#2208=DIRECTION('center_axis',(0.500105747682842,-6.48643034547242E-15,
-0.865964341722328));
#2209=DIRECTION('ref_axis',(0.865964341722328,-5.59780538467751E-16,0.500105747682842));
#2210=DIRECTION('',(9.63383663294936E-15,1.,-1.92674593249237E-15));
#2211=DIRECTION('',(-0.774509289876291,-0.447289257581337,-0.447289257581332));
#2212=DIRECTION('center_axis',(-0.499894245114353,-7.89359916363758E-16,
-0.866086452787221));
#2213=DIRECTION('ref_axis',(0.866086452787221,-2.70880153028479E-15,-0.499894245114353));
#2214=DIRECTION('',(-0.774684041005777,0.447137918662111,0.4471379186621));
#2215=DIRECTION('',(-0.774684041005781,0.447137918662102,0.447137918662102));
#2216=DIRECTION('',(-1.75910933627492E-15,-1.,1.92674593249236E-15));
#2217=DIRECTION('center_axis',(-3.5527136788005E-15,1.,-3.5527136788005E-15));
#2218=DIRECTION('ref_axis',(-1.,-3.5527136788005E-15,1.30945109818856E-30));
#2219=DIRECTION('center_axis',(-3.0626842051316E-15,1.,-2.14879053741739E-15));
#2220=DIRECTION('ref_axis',(-1.,-3.0626842051316E-15,2.56480402113203E-31));
#2221=DIRECTION('',(-3.5527136788005E-15,1.,-3.5527136788005E-15));
#2222=DIRECTION('center_axis',(-3.0626842051316E-15,1.,-2.14879053741739E-15));
#2223=DIRECTION('ref_axis',(-1.,-3.0626842051316E-15,-3.94430452610506E-31));
#2224=DIRECTION('center_axis',(0.500000000000001,-1.3223891137207E-16,0.866025403784438));
#2225=DIRECTION('ref_axis',(0.866025403784438,-4.28236725307966E-15,-0.500000000000001));
#2226=DIRECTION('',(7.1742306101115E-32,1.,-3.94430452610506E-31));
#2227=DIRECTION('',(-3.33722184835344E-15,-1.,1.92674593249236E-15));
#2228=DIRECTION('center_axis',(3.94430452610506E-31,6.04690302028852E-49,
-1.));
#2229=DIRECTION('ref_axis',(-1.,-4.19669643835605E-31,-3.94430452610506E-31));
#2230=DIRECTION('center_axis',(-0.5,3.64251937381554E-15,0.866025403784439));
#2231=DIRECTION('ref_axis',(0.866025403784439,-2.25570588315684E-15,0.5));
#2232=DIRECTION('',(-3.33722184835345E-15,1.,-1.92674593249236E-15));
#2233=DIRECTION('',(-7.28503874763107E-15,-1.,-2.87404582081523E-45));
#2234=DIRECTION('center_axis',(3.94430452610506E-31,6.04690302028852E-49,
-1.));
#2235=DIRECTION('ref_axis',(-1.,-4.19669643835605E-31,-3.94430452610506E-31));
#2236=DIRECTION('center_axis',(-2.31137497747221E-15,0.707106781186546,
-0.707106781186549));
#2237=DIRECTION('ref_axis',(1.,-1.88737914259381E-15,-5.1561569834648E-15));
#2238=DIRECTION('',(-1.,-3.06268420513145E-15,2.06093635739561E-16));
#2239=DIRECTION('center_axis',(-3.22973970800047E-15,1.,-1.61486985400023E-15));
#2240=DIRECTION('ref_axis',(-1.,-3.22973970800047E-15,8.01911912844154E-31));
#2241=DIRECTION('',(-3.22973970800047E-15,1.,-1.61486985400023E-15));
#2242=DIRECTION('center_axis',(3.06268420513146E-15,-1.,2.14879053741739E-15));
#2243=DIRECTION('ref_axis',(-1.,-3.06268420513146E-15,4.42944629055723E-31));
#2244=DIRECTION('center_axis',(1.8873791425938E-15,1.,-2.14912604983756E-15));
#2245=DIRECTION('ref_axis',(-1.,1.8873791425938E-15,-1.01878180827133E-29));
#2246=DIRECTION('',(0.707106781186557,0.707106781186538,-1.60625720908832E-15));
#2247=DIRECTION('center_axis',(1.18884838300727E-15,0.707106781186527,-0.707106781186568));
#2248=DIRECTION('ref_axis',(1.,-1.8873791425938E-15,-2.06093635739533E-16));
#2249=DIRECTION('',(-1.,1.88737914259382E-15,2.06093635739552E-16));
#2250=DIRECTION('',(-0.369531276921065,0.657056555928467,0.657056555928414));
#2251=DIRECTION('',(-1.,1.88737914259382E-15,2.06093635739553E-16));
#2252=DIRECTION('center_axis',(2.06093635739556E-16,1.92708144491253E-15,
1.));
#2253=DIRECTION('ref_axis',(1.8873791425938E-15,1.,-1.92708144491253E-15));
#2254=DIRECTION('',(-1.8873791425938E-15,-1.,1.92708144491253E-15));
#2255=DIRECTION('center_axis',(-2.06093635739556E-16,-1.92708144491253E-15,
-1.));
#2256=DIRECTION('ref_axis',(-1.,-4.31639470137867E-31,2.06093635739556E-16));
#2257=DIRECTION('center_axis',(-2.06093635739556E-16,-1.92708144491253E-15,
-1.));
#2258=DIRECTION('ref_axis',(-1.,1.8873791425938E-15,2.06093635739552E-16));
#2259=DIRECTION('center_axis',(-2.06093635739556E-16,-1.92708144491253E-15,
-1.));
#2260=DIRECTION('ref_axis',(-1.,-4.31639470137867E-31,2.06093635739556E-16));
#2261=DIRECTION('center_axis',(1.88737914259382E-15,1.,-2.14912604983756E-15));
#2262=DIRECTION('ref_axis',(-1.,1.88737914259382E-15,-3.94430452610506E-31));
#2263=DIRECTION('center_axis',(1.88737914259382E-15,1.,-2.14912604983756E-15));
#2264=DIRECTION('ref_axis',(-1.,1.88737914259382E-15,-3.39283102127235E-31));
#2265=DIRECTION('center_axis',(-1.88737914259382E-15,-1.,2.14912604983756E-15));
#2266=DIRECTION('ref_axis',(1.,-1.88737914259362E-15,9.52416214876629E-14));
#2267=DIRECTION('center_axis',(-1.88737914259382E-15,-1.,2.14912604983756E-15));
#2268=DIRECTION('ref_axis',(5.0752096368187E-15,2.14912604983755E-15,1.));
#2269=DIRECTION('center_axis',(-1.53797128952402E-15,-1.,2.30695693428604E-15));
#2270=DIRECTION('ref_axis',(-1.,1.53797128952402E-15,4.11638416922887E-31));
#2271=DIRECTION('',(-1.53797128952402E-15,-1.,2.30695693428604E-15));
#2272=DIRECTION('center_axis',(-1.53797128952402E-15,-1.,2.30695693428604E-15));
#2273=DIRECTION('ref_axis',(-1.,1.53797128952402E-15,4.11638416922887E-31));
#2274=DIRECTION('',(-1.53797128952402E-15,-1.,2.30695693428604E-15));
#2275=DIRECTION('center_axis',(-4.37905770101505E-47,1.72723371101889E-77,
-1.));
#2276=DIRECTION('ref_axis',(-1.,-6.10845460258423E-31,4.37905770101505E-47));
#2277=DIRECTION('',(0.707106781186547,-8.65956056235489E-17,-0.707106781186548));
#2278=DIRECTION('center_axis',(-4.37905770101505E-47,1.72723371101889E-77,
-1.));
#2279=DIRECTION('ref_axis',(-1.,-6.10845460258424E-31,4.37905770101505E-47));
#2280=DIRECTION('',(0.707106781186563,-8.65956056235508E-17,-0.707106781186532));
#2281=DIRECTION('center_axis',(-2.06093635739556E-16,-2.14912604983756E-15,
-1.));
#2282=DIRECTION('ref_axis',(-1.,1.8873791425938E-15,2.06093635739552E-16));
#2283=DIRECTION('',(0.707106781186501,-2.94083579948648E-15,-0.707106781186595));
#2284=DIRECTION('center_axis',(-0.871611265373197,7.09643820606772E-16,
-0.490197717328971));
#2285=DIRECTION('ref_axis',(0.490197717328971,-2.79839142317921E-15,-0.871611265373197));
#2286=DIRECTION('center_axis',(-1.8873791425938E-15,-1.,2.14912604983756E-15));
#2287=DIRECTION('ref_axis',(5.0752096368187E-15,2.14912604983755E-15,1.));
#2288=DIRECTION('axis',(0.,0.,1.));
#2289=DIRECTION('refdir',(1.,0.,0.));
#2290=DIRECTION('',(1.22464681122615E-16,-2.13544543080784E-30,1.));
#2291=DIRECTION('',(1.,1.88737914259381E-15,-1.22464681122615E-16));
#2292=DIRECTION('',(-2.81801299630598E-15,5.00643295510949E-15,1.));
#2293=DIRECTION('',(-1.,-2.56733434461339E-29,-2.81801299630598E-15));
#2294=DIRECTION('',(-1.22464681122615E-16,2.36658271566306E-30,1.));
#2295=DIRECTION('',(1.,-1.88737914259381E-15,1.22464681122615E-16));
#2296=DIRECTION('',(-1.22464681122615E-16,2.36658271566306E-30,1.));
#2297=DIRECTION('',(1.,-1.88737914259381E-15,1.22464681122615E-16));
#2298=CARTESIAN_POINT('',(0.,0.,0.));
#2299=CARTESIAN_POINT('',(0.,0.,0.));
#2300=CARTESIAN_POINT('',(0.,0.,0.));
#2301=CARTESIAN_POINT('',(496.823759310882,-203.393918080685,49.5000000000003));
#2302=CARTESIAN_POINT('',(0.,0.,0.));
#2303=CARTESIAN_POINT('',(0.,0.,0.));
#2304=CARTESIAN_POINT('Origin',(161.217113299845,-135.33678983787,125.464325918142));
#2305=CARTESIAN_POINT('',(161.017113299845,-140.399425621249,125.664325918142));
#2306=CARTESIAN_POINT('',(161.417113299845,-140.399425621249,125.264325918142));
#2307=CARTESIAN_POINT('',(160.63655456042,-140.399425621249,126.044884657567));
#2308=CARTESIAN_POINT('',(161.417113299845,-140.215029686748,125.264325918142));
#2309=CARTESIAN_POINT('',(161.417113299845,-135.33678983787,125.264325918142));
#2310=CARTESIAN_POINT('',(161.017113299845,-140.03392444888,125.664325918142));
#2311=CARTESIAN_POINT('',(160.984730837239,-140.019262864897,125.696708380748));
#2312=CARTESIAN_POINT('',(161.017113299845,-135.33678983787,125.664325918142));
#2313=CARTESIAN_POINT('Origin',(147.894878342145,-140.399425621249,114.464325918142));
#2314=CARTESIAN_POINT('',(131.7629068654,-140.399425621249,125.664325918142));
#2315=CARTESIAN_POINT('',(147.894878342145,-140.399425621249,125.664325918142));
#2316=CARTESIAN_POINT('',(131.216614459738,-140.399425621249,125.264325918142));
#2317=CARTESIAN_POINT('',(134.527923343116,-140.399425621249,127.688894774714));
#2318=CARTESIAN_POINT('',(131.216614459738,-140.399425621249,117.293595981119));
#2319=CARTESIAN_POINT('',(131.216614459738,-140.399425621249,116.064325918142));
#2320=CARTESIAN_POINT('',(122.595377903184,-140.399425621249,111.164325918142));
#2321=CARTESIAN_POINT('Origin',(134.41711334539,-140.399425621249,103.664062159256));
#2322=CARTESIAN_POINT('',(173.23884862603,-140.39942562125,111.164325918142));
#2323=CARTESIAN_POINT('',(147.894878342145,-140.399425621249,111.164325918142));
#2324=CARTESIAN_POINT('',(161.417113299845,-140.399425621249,117.664325918142));
#2325=CARTESIAN_POINT('Origin',(161.417113040161,-140.39942562125,103.664061897972));
#2326=CARTESIAN_POINT('',(161.417113299845,-140.399425621249,117.664325918142));
#2327=CARTESIAN_POINT('',(137.076836487267,-140.399425621249,114.214325918142));
#2328=CARTESIAN_POINT('Origin',(135.376836487267,-140.399425621249,114.214325918142));
#2329=CARTESIAN_POINT('',(162.076836487266,-140.399425621249,114.214450222804));
#2330=CARTESIAN_POINT('Origin',(160.376836487266,-140.399425621249,114.214450222804));
#2331=CARTESIAN_POINT('Origin',(146.887384912757,-130.274154054491,125.664325918142));
#2332=CARTESIAN_POINT('',(168.087517265747,-133.826472171249,125.664325918142));
#2333=CARTESIAN_POINT('',(162.982073276961,-138.308790306019,125.664325918142));
#2334=CARTESIAN_POINT('',(166.647529507769,-126.845450662014,125.664325918142));
#2335=CARTESIAN_POINT('Origin',(165.382506570612,-130.745414375751,125.664325918142));
#2336=CARTESIAN_POINT('',(161.017113299845,-125.019053370663,125.664325918142));
#2337=CARTESIAN_POINT('',(155.534329173346,-123.240545049723,125.664325918142));
#2338=CARTESIAN_POINT('',(161.017113299845,-120.249425621249,125.664325918142));
#2339=CARTESIAN_POINT('',(161.017113299845,-127.501220668505,125.664325918142));
#2340=CARTESIAN_POINT('',(154.959003855434,-120.249425621249,125.664325918142));
#2341=CARTESIAN_POINT('',(154.152249106301,-120.249425621249,125.664325918142));
#2342=CARTESIAN_POINT('',(154.959003855434,-116.95650036194,125.664325918142));
#2343=CARTESIAN_POINT('',(154.959003855434,-125.06178983787,125.664325918142));
#2344=CARTESIAN_POINT('',(154.748042974549,-116.773777124649,125.664325918142));
#2345=CARTESIAN_POINT('',(156.017495400231,-117.873310155771,125.664325918142));
#2346=CARTESIAN_POINT('',(141.001779933176,-116.773777124649,125.664325918142));
#2347=CARTESIAN_POINT('',(145.94113162745,-116.773777124649,125.664325918142));
#2348=CARTESIAN_POINT('',(140.790720591174,-116.956534098428,125.664325918142));
#2349=CARTESIAN_POINT('',(139.399538209606,-118.161163467675,125.664325918142));
#2350=CARTESIAN_POINT('',(140.790720591174,-120.249425621249,125.664325918142));
#2351=CARTESIAN_POINT('',(140.790720591174,-123.52396558957,125.664325918142));
#2352=CARTESIAN_POINT('',(134.81711334539,-120.249425621249,125.664325918142));
#2353=CARTESIAN_POINT('',(143.639052751965,-120.249425621249,125.664325918142));
#2354=CARTESIAN_POINT('',(134.81711334539,-122.792588612279,125.664325918142));
#2355=CARTESIAN_POINT('',(134.81711334539,-125.06178983787,125.664325918142));
#2356=CARTESIAN_POINT('',(124.882506570326,-122.792588612279,125.664325918142));
#2357=CARTESIAN_POINT('',(135.884945741542,-122.792588612279,125.664325918142));
#2358=CARTESIAN_POINT('',(124.282506570326,-123.392588612279,125.664325918142));
#2359=CARTESIAN_POINT('Origin',(124.882506570326,-123.392588612279,125.664325918142));
#2360=CARTESIAN_POINT('',(124.282506570326,-130.745414375751,125.664325918142));
#2361=CARTESIAN_POINT('',(124.282506570326,-130.509784215121,125.664325918142));
#2362=CARTESIAN_POINT('',(125.38041981106,-133.537810316599,125.664325918142));
#2363=CARTESIAN_POINT('Origin',(128.382506570612,-130.745414375751,125.664325918142));
#2364=CARTESIAN_POINT('',(132.619401630683,-141.3202167705,125.664325918142));
#2365=CARTESIAN_POINT('',(151.24487834214,-120.179709924974,125.664325918142));
#2366=CARTESIAN_POINT('',(144.54487834214,-120.179709924974,125.664325918142));
#2367=CARTESIAN_POINT('',(145.916131627448,-120.179709924974,125.664325918142));
#2368=CARTESIAN_POINT('',(151.24487834214,-123.779709924974,125.664325918142));
#2369=CARTESIAN_POINT('',(151.24487834214,-125.426931989733,125.664325918142));
#2370=CARTESIAN_POINT('',(144.54487834214,-123.779709924974,125.664325918142));
#2371=CARTESIAN_POINT('',(148.866131627449,-123.779709924974,125.664325918142));
#2372=CARTESIAN_POINT('',(144.54487834214,-126.826931989732,125.664325918142));
#2373=CARTESIAN_POINT('',(150.553378342145,-130.759425621249,125.664325918142));
#2374=CARTESIAN_POINT('Origin',(147.894878342145,-130.759425621249,125.664325918142));
#2375=CARTESIAN_POINT('',(126.137384912757,-130.774154054491,125.664325918142));
#2376=CARTESIAN_POINT('Origin',(128.387384912757,-130.774154054491,125.664325918142));
#2377=CARTESIAN_POINT('',(163.137384912757,-130.774154054491,125.664325918142));
#2378=CARTESIAN_POINT('Origin',(165.387384912757,-130.774154054491,125.664325918142));
#2379=CARTESIAN_POINT('Origin',(135.884945741542,-122.592588612279,125.464325918142));
#2380=CARTESIAN_POINT('',(134.41711334539,-122.392588612279,125.264325918142));
#2381=CARTESIAN_POINT('',(124.882506570326,-122.392588612279,125.264325918142));
#2382=CARTESIAN_POINT('',(135.884945741542,-122.392588612279,125.264325918142));
#2383=CARTESIAN_POINT('',(124.882506570326,-122.392588612279,125.264325918142));
#2384=CARTESIAN_POINT('',(134.81711334539,-122.792588612279,125.664325918142));
#2385=CARTESIAN_POINT('Origin',(124.882506570326,-123.392588612279,125.464325918142));
#2386=CARTESIAN_POINT('',(123.882506570326,-123.392588612279,125.264325918142));
#2387=CARTESIAN_POINT('',(123.882506570326,-123.392588612279,125.264325918142));
#2388=CARTESIAN_POINT('Origin',(124.882506570326,-123.392588612279,125.264325918142));
#2389=CARTESIAN_POINT('Origin',(124.082506570326,-130.509784215121,125.464325918142));
#2390=CARTESIAN_POINT('',(123.882506570326,-130.745414375751,125.264325918142));
#2391=CARTESIAN_POINT('',(123.882506570326,-130.745414375751,125.264325918142));
#2392=CARTESIAN_POINT('',(123.882506570326,-130.509784215121,125.264325918142));
#2393=CARTESIAN_POINT('Origin',(128.382506570612,-130.745414375751,125.464325918142));
#2394=CARTESIAN_POINT('',(125.087533297953,-133.810239188858,125.264325918142));
#2395=CARTESIAN_POINT('',(125.087533297953,-133.810239188858,125.264325918142));
#2396=CARTESIAN_POINT('Origin',(128.382506570612,-130.745414375751,125.264325918142));
#2397=CARTESIAN_POINT('Origin',(132.472959909783,-141.456432857582,125.464325918142));
#2398=CARTESIAN_POINT('',(132.326518188883,-141.592648944663,125.264325918142));
#2399=CARTESIAN_POINT('Origin',(134.61711334539,-125.06178983787,125.464325918142));
#2400=CARTESIAN_POINT('',(134.41711334539,-119.849425621249,125.264325918142));
#2401=CARTESIAN_POINT('',(134.41711334539,-125.06178983787,125.264325918142));
#2402=CARTESIAN_POINT('',(134.81711334539,-120.249425621249,125.664325918142));
#2403=CARTESIAN_POINT('Origin',(143.639052751965,-120.049425621249,125.464325918142));
#2404=CARTESIAN_POINT('',(140.390720591174,-119.849425621249,125.264325918142));
#2405=CARTESIAN_POINT('',(143.639052751965,-119.849425621249,125.264325918142));
#2406=CARTESIAN_POINT('',(140.790720591174,-120.249425621249,125.664325918142));
#2407=CARTESIAN_POINT('Origin',(140.590720591174,-123.52396558957,125.464325918142));
#2408=CARTESIAN_POINT('',(140.390720591174,-116.773777124649,125.264325918142));
#2409=CARTESIAN_POINT('',(140.390720591174,-123.52396558957,125.264325918142));
#2410=CARTESIAN_POINT('',(140.790720591174,-116.956534098428,125.664325918142));
#2411=CARTESIAN_POINT('Origin',(139.268618028044,-118.009968540314,125.464325918142));
#2412=CARTESIAN_POINT('',(140.852665955311,-116.373777124649,125.264325918142));
#2413=CARTESIAN_POINT('',(139.137697846482,-117.858773612953,125.264325918142));
#2414=CARTESIAN_POINT('',(141.001779933176,-116.773777124649,125.664325918142));
#2415=CARTESIAN_POINT('Origin',(145.94113162745,-116.573777124649,125.464325918142));
#2416=CARTESIAN_POINT('',(154.897188743109,-116.373777124649,125.264325918142));
#2417=CARTESIAN_POINT('',(145.94113162745,-116.373777124649,125.264325918142));
#2418=CARTESIAN_POINT('',(154.748042974549,-116.773777124649,125.664325918142));
#2419=CARTESIAN_POINT('Origin',(156.148436680603,-117.722133500514,125.464325918142));
#2420=CARTESIAN_POINT('',(155.359003855434,-116.773777124649,125.264325918142));
#2421=CARTESIAN_POINT('',(156.279377960974,-117.570956845257,125.264325918142));
#2422=CARTESIAN_POINT('',(154.959003855434,-116.95650036194,125.664325918142));
#2423=CARTESIAN_POINT('Origin',(155.159003855434,-125.06178983787,125.464325918142));
#2424=CARTESIAN_POINT('',(155.359003855434,-119.849425621249,125.264325918142));
#2425=CARTESIAN_POINT('',(155.359003855434,-125.06178983787,125.264325918142));
#2426=CARTESIAN_POINT('',(154.959003855434,-120.249425621249,125.664325918142));
#2427=CARTESIAN_POINT('Origin',(154.152249106301,-120.049425621249,125.464325918142));
#2428=CARTESIAN_POINT('',(161.417113299845,-119.849425621249,125.264325918142));
#2429=CARTESIAN_POINT('',(154.152249106301,-119.849425621249,125.264325918142));
#2430=CARTESIAN_POINT('',(161.017113299845,-120.249425621249,125.664325918142));
#2431=CARTESIAN_POINT('Origin',(161.217113299845,-127.501220668505,125.464325918142));
#2432=CARTESIAN_POINT('',(161.417113299845,-124.728287282518,125.264325918142));
#2433=CARTESIAN_POINT('',(161.417113299845,-127.501220668505,125.264325918142));
#2434=CARTESIAN_POINT('',(161.017113299845,-125.019053370663,125.664325918142));
#2435=CARTESIAN_POINT('Origin',(163.114025021629,-138.459085805216,125.464325918142));
#2436=CARTESIAN_POINT('',(168.351420755084,-134.127063169644,125.264325918142));
#2437=CARTESIAN_POINT('',(163.245976766297,-138.609381304413,125.264325918142));
#2438=CARTESIAN_POINT('',(168.351420755084,-134.127063169644,125.264325918142));
#2439=CARTESIAN_POINT('Origin',(165.382506570612,-130.745414375751,125.464325918142));
#2440=CARTESIAN_POINT('',(166.770946379687,-126.464966397259,125.264325918142));
#2441=CARTESIAN_POINT('',(166.770946379687,-126.464966397259,125.264325918142));
#2442=CARTESIAN_POINT('Origin',(165.382506570612,-130.745414375751,125.264325918142));
#2443=CARTESIAN_POINT('Origin',(155.596039784711,-123.050303622991,125.464325918142));
#2444=CARTESIAN_POINT('',(155.657750396076,-122.86006219626,125.264325918142));
#2445=CARTESIAN_POINT('Origin',(131.216614459738,-140.399425621249,117.664325918142));
#2446=CARTESIAN_POINT('',(125.087533297953,-133.810239188858,114.102755633865));
#2447=CARTESIAN_POINT('',(125.087533297953,-133.810239188858,117.664325918142));
#2448=CARTESIAN_POINT('Origin',(134.41711334539,-143.840183424508,103.664062159256));
#2449=CARTESIAN_POINT('Origin',(128.382506570612,-130.745414375751,117.664325918142));
#2450=CARTESIAN_POINT('',(123.882506570326,-130.745414375751,112.885203380013));
#2451=CARTESIAN_POINT('',(123.882506570326,-130.745414375751,117.664325918142));
#2452=CARTESIAN_POINT('Ctrl Pts',(125.087533297953,-133.810239188858,114.102755633865));
#2453=CARTESIAN_POINT('Ctrl Pts',(125.083777573873,-133.806201434266,114.099398956277));
#2454=CARTESIAN_POINT('Ctrl Pts',(125.080030921581,-133.802158549773,114.096046740619));
#2455=CARTESIAN_POINT('Ctrl Pts',(124.738098466186,-133.431829660442,113.789781449475));
#2456=CARTESIAN_POINT('Ctrl Pts',(124.428990340397,-132.96830018447,113.479476647314));
#2457=CARTESIAN_POINT('Ctrl Pts',(124.10810233409,-132.180629921083,113.138030360177));
#2458=CARTESIAN_POINT('Ctrl Pts',(124.024069622504,-131.902536135069,113.04485173339));
#2459=CARTESIAN_POINT('Ctrl Pts',(123.911239665256,-131.330799394161,112.918314647197));
#2460=CARTESIAN_POINT('Ctrl Pts',(123.882506570326,-131.037089101159,112.885203380014));
#2461=CARTESIAN_POINT('Ctrl Pts',(123.882506570326,-130.745414375751,112.885203380014));
#2462=CARTESIAN_POINT('Origin',(123.882506570326,-130.745414375751,117.664325918142));
#2463=CARTESIAN_POINT('',(123.882506570326,-123.392588612279,112.885203380013));
#2464=CARTESIAN_POINT('',(123.882506570326,-123.392588612279,117.664325918142));
#2465=CARTESIAN_POINT('',(123.882506570326,-140.399425621249,112.885203380013));
#2466=CARTESIAN_POINT('Origin',(124.882506570326,-123.392588612279,117.664325918142));
#2467=CARTESIAN_POINT('',(124.882506570326,-122.392588612279,113.915825859385));
#2468=CARTESIAN_POINT('',(124.882506570326,-122.392588612279,117.664325918142));
#2469=CARTESIAN_POINT('Ctrl Pts',(123.882506570326,-123.392588612279,112.885203380014));
#2470=CARTESIAN_POINT('Ctrl Pts',(123.882506570326,-123.329757042632,112.885203380014));
#2471=CARTESIAN_POINT('Ctrl Pts',(123.888524781725,-123.266298476877,112.892092446376));
#2472=CARTESIAN_POINT('Ctrl Pts',(123.912178349454,-123.142732229674,112.919008594599));
#2473=CARTESIAN_POINT('Ctrl Pts',(123.929815947864,-123.082624630705,112.939034084718));
#2474=CARTESIAN_POINT('Ctrl Pts',(123.9966762305,-122.912908513816,113.014269548768));
#2475=CARTESIAN_POINT('Ctrl Pts',(124.060510463093,-122.813958938502,113.085207350231));
#2476=CARTESIAN_POINT('Ctrl Pts',(124.224920875388,-122.624765113165,113.26339315104));
#2477=CARTESIAN_POINT('Ctrl Pts',(124.345969093969,-122.53661817842,113.391038977103));
#2478=CARTESIAN_POINT('Ctrl Pts',(124.608098624055,-122.420344747562,113.655321076167));
#2479=CARTESIAN_POINT('Ctrl Pts',(124.749332971189,-122.392588612279,113.791968351767));
#2480=CARTESIAN_POINT('Ctrl Pts',(124.882506570326,-122.392588612279,113.915825859385));
#2481=CARTESIAN_POINT('Origin',(124.882506570326,-122.392588612279,117.664325918142));
#2482=CARTESIAN_POINT('',(134.41711334539,-122.392588612279,117.664325918142));
#2483=CARTESIAN_POINT('',(134.41711334539,-122.392588612279,117.664325918142));
#2484=CARTESIAN_POINT('Origin',(134.41711334539,-122.392588612279,103.664062159256));
#2485=CARTESIAN_POINT('Origin',(134.41711334539,-119.849425621249,117.664325918142));
#2486=CARTESIAN_POINT('',(134.41711334539,-119.849425621249,117.664325918142));
#2487=CARTESIAN_POINT('',(134.41711334539,-119.849425621249,117.664325918142));
#2488=CARTESIAN_POINT('',(134.41711334539,-140.399425621249,117.664325918142));
#2489=CARTESIAN_POINT('Origin',(140.390720591174,-119.849425621249,117.664325918142));
#2490=CARTESIAN_POINT('',(140.390720591174,-119.849425621249,117.664325918142));
#2491=CARTESIAN_POINT('',(140.390720591174,-119.849425621249,117.664325918142));
#2492=CARTESIAN_POINT('',(134.644878342143,-119.849425621249,117.664325918142));
#2493=CARTESIAN_POINT('Origin',(140.390720591174,-116.773777124649,117.664325918142));
#2494=CARTESIAN_POINT('',(140.390720591174,-116.773777124649,117.664325918142));
#2495=CARTESIAN_POINT('',(140.390720591174,-116.773777124649,117.664325918142));
#2496=CARTESIAN_POINT('',(140.390720591174,-124.893323437707,117.664325918142));
#2497=CARTESIAN_POINT('Origin',(140.852665955311,-116.373777124649,117.664325918142));
#2498=CARTESIAN_POINT('',(140.852665955311,-116.373777124649,117.664325918142));
#2499=CARTESIAN_POINT('',(140.852665955311,-116.373777124649,117.664325918142));
#2500=CARTESIAN_POINT('',(139.719140497274,-117.355300522036,117.664325918142));
#2501=CARTESIAN_POINT('Origin',(144.994878342144,-116.373777124649,117.664325918142));
#2502=CARTESIAN_POINT('',(154.897188743109,-116.373777124649,117.664325918142));
#2503=CARTESIAN_POINT('',(154.897188743109,-116.373777124649,117.664325918142));
#2504=CARTESIAN_POINT('',(151.146528289342,-116.373777124649,111.164325918142));
#2505=CARTESIAN_POINT('',(153.790222609828,-116.373777124649,115.745922491594));
#2506=CARTESIAN_POINT('',(144.607559592836,-116.373777124649,111.164325918142));
#2507=CARTESIAN_POINT('',(146.444878342144,-116.373777124649,111.164325918142));
#2508=CARTESIAN_POINT('',(143.233830552293,-116.373777124649,113.542353001065));
#2509=CARTESIAN_POINT('',(149.99487834214,-116.373777124649,113.901413113369));
#2510=CARTESIAN_POINT('Origin',(147.89487834214,-116.373777124649,113.901413113369));
#2511=CARTESIAN_POINT('Origin',(155.359003855434,-116.773777124649,117.664325918142));
#2512=CARTESIAN_POINT('',(155.359003855434,-116.773777124649,117.664325918142));
#2513=CARTESIAN_POINT('',(155.359003855434,-116.773777124649,117.664325918142));
#2514=CARTESIAN_POINT('',(155.831208905459,-117.1827763431,117.664325918142));
#2515=CARTESIAN_POINT('Origin',(155.359003855434,-119.849425621249,117.664325918142));
#2516=CARTESIAN_POINT('',(155.359003855434,-119.849425621249,117.664325918142));
#2517=CARTESIAN_POINT('',(155.359003855434,-119.849425621249,117.664325918142));
#2518=CARTESIAN_POINT('',(155.359003855434,-124.893323437708,117.664325918142));
#2519=CARTESIAN_POINT('Origin',(161.417113299845,-119.849425621249,117.664325918142));
#2520=CARTESIAN_POINT('',(161.417113299845,-119.849425621249,117.664325918142));
#2521=CARTESIAN_POINT('',(161.417113299845,-119.849425621249,117.664325918142));
#2522=CARTESIAN_POINT('',(134.644878342143,-119.849425621249,117.664325918142));
#2523=CARTESIAN_POINT('Origin',(161.417113299845,-124.728287282518,117.664325918142));
#2524=CARTESIAN_POINT('',(161.417113299845,-124.728287282518,117.664325918142));
#2525=CARTESIAN_POINT('',(161.417113299845,-124.728287282518,117.664325918142));
#2526=CARTESIAN_POINT('',(161.417113299845,-140.399425621249,117.664325918142));
#2527=CARTESIAN_POINT('Origin',(161.417113171889,-124.728287241012,117.664325918142));
#2528=CARTESIAN_POINT('',(166.770946379687,-126.464966397259,116.600207429274));
#2529=CARTESIAN_POINT('',(166.770946379687,-126.464966397259,117.664325918142));
#2530=CARTESIAN_POINT('Origin',(161.417113040161,-124.728287198282,103.664061897972));
#2531=CARTESIAN_POINT('Origin',(165.382506570612,-130.745414375751,117.664325918142));
#2532=CARTESIAN_POINT('',(168.351420755084,-134.127063169644,115.826412375952));
#2533=CARTESIAN_POINT('',(168.351420755084,-134.127063169644,117.664325918142));
#2534=CARTESIAN_POINT('Ctrl Pts',(168.351420755084,-134.127063169644,115.826412375952));
#2535=CARTESIAN_POINT('Ctrl Pts',(168.446931318171,-134.043209794324,115.771957471395));
#2536=CARTESIAN_POINT('Ctrl Pts',(168.537955500681,-133.956113735725,115.718567547343));
#2537=CARTESIAN_POINT('Ctrl Pts',(168.9919922638,-133.484548884745,115.44594104932));
#2538=CARTESIAN_POINT('Ctrl Pts',(169.320598041106,-133.000082152092,115.223350225204));
#2539=CARTESIAN_POINT('Ctrl Pts',(169.766112774283,-131.918478768039,114.905789128702));
#2540=CARTESIAN_POINT('Ctrl Pts',(169.882506570612,-131.319892733962,114.815048626018));
#2541=CARTESIAN_POINT('Ctrl Pts',(169.882506570612,-130.15536541219,114.815048626018));
#2542=CARTESIAN_POINT('Ctrl Pts',(169.759895146672,-129.542490624639,114.910723343507));
#2543=CARTESIAN_POINT('Ctrl Pts',(169.293007182955,-128.439649938837,115.242476821601));
#2544=CARTESIAN_POINT('Ctrl Pts',(168.949188130271,-127.948134904731,115.474032277161));
#2545=CARTESIAN_POINT('Ctrl Pts',(168.169141168856,-127.168087943316,115.937158579033));
#2546=CARTESIAN_POINT('Ctrl Pts',(167.672208396252,-126.825692669242,116.203809983144));
#2547=CARTESIAN_POINT('Ctrl Pts',(167.006479677204,-126.546823254236,116.500811449186));
#2548=CARTESIAN_POINT('Ctrl Pts',(166.889545420209,-126.503436115851,116.551123295547));
#2549=CARTESIAN_POINT('Ctrl Pts',(166.770946379687,-126.464966397259,116.600207429275));
#2550=CARTESIAN_POINT('Origin',(168.351420755084,-134.127063169644,117.664325918142));
#2551=CARTESIAN_POINT('',(161.417113299845,-140.215029686748,117.664325918142));
#2552=CARTESIAN_POINT('',(161.417113299845,-140.215029686748,117.664325918142));
#2553=CARTESIAN_POINT('Origin',(161.417113040161,-140.215029914738,103.664061897972));
#2554=CARTESIAN_POINT('Origin',(145.916131627448,-120.379709924974,125.464325918142));
#2555=CARTESIAN_POINT('',(144.94487834214,-120.579709924974,125.264325918142));
#2556=CARTESIAN_POINT('',(144.54487834214,-120.179709924974,125.664325918142));
#2557=CARTESIAN_POINT('',(150.84487834214,-120.579709924974,125.264325918142));
#2558=CARTESIAN_POINT('',(145.916131627448,-120.579709924974,125.264325918142));
#2559=CARTESIAN_POINT('',(151.24487834214,-120.179709924974,125.664325918142));
#2560=CARTESIAN_POINT('Origin',(144.74487834214,-126.826931989732,125.464325918142));
#2561=CARTESIAN_POINT('',(144.94487834214,-123.379709924974,125.264325918142));
#2562=CARTESIAN_POINT('',(144.54487834214,-123.779709924974,125.664325918142));
#2563=CARTESIAN_POINT('',(144.94487834214,-126.826931989732,125.264325918142));
#2564=CARTESIAN_POINT('Origin',(148.866131627449,-123.579709924974,125.464325918142));
#2565=CARTESIAN_POINT('',(150.84487834214,-123.379709924974,125.264325918142));
#2566=CARTESIAN_POINT('',(151.24487834214,-123.779709924974,125.664325918142));
#2567=CARTESIAN_POINT('',(148.866131627449,-123.379709924974,125.264325918142));
#2568=CARTESIAN_POINT('Origin',(151.04487834214,-125.426931989733,125.464325918142));
#2569=CARTESIAN_POINT('',(150.84487834214,-125.426931989733,125.264325918142));
#2570=CARTESIAN_POINT('Origin',(150.84487834214,-120.579709924974,117.664329507717));
#2571=CARTESIAN_POINT('',(150.84487834214,-120.579709924974,111.164329507717));
#2572=CARTESIAN_POINT('',(150.84487834214,-120.579709924974,117.664329507717));
#2573=CARTESIAN_POINT('',(150.84487834214,-123.379709924974,111.164329507717));
#2574=CARTESIAN_POINT('',(150.84487834214,-122.934089831912,111.164329507717));
#2575=CARTESIAN_POINT('',(150.84487834214,-123.379709924974,117.664329507717));
#2576=CARTESIAN_POINT('Origin',(144.94487834214,-120.579709924974,117.664329507717));
#2577=CARTESIAN_POINT('',(144.94487834214,-120.579709924974,111.164329507717));
#2578=CARTESIAN_POINT('',(144.94487834214,-120.579709924974,117.664329507717));
#2579=CARTESIAN_POINT('',(146.935646211694,-120.579709924974,111.164329507717));
#2580=CARTESIAN_POINT('',(150.84487834214,-120.579709924974,111.164329507717));
#2581=CARTESIAN_POINT('',(147.628472752048,-120.579709924974,110.764325918142));
#2582=CARTESIAN_POINT('',(147.68507318956,-120.579709924974,110.731647640308));
#2583=CARTESIAN_POINT('',(148.161283932233,-120.579709924974,110.764325918142));
#2584=CARTESIAN_POINT('',(147.894878342143,-120.579709924974,110.764325918142));
#2585=CARTESIAN_POINT('',(148.854110472587,-120.579709924974,111.164329507717));
#2586=CARTESIAN_POINT('',(148.451096764897,-120.579709924974,110.931649435095));
#2587=CARTESIAN_POINT('',(150.84487834214,-120.579709924974,111.164329507717));
#2588=CARTESIAN_POINT('',(149.59487834214,-120.579709924974,113.901413113369));
#2589=CARTESIAN_POINT('Origin',(147.89487834214,-120.579709924974,113.901413113369));
#2590=CARTESIAN_POINT('Origin',(165.387384912757,-130.774154054491,125.464325918142));
#2591=CARTESIAN_POINT('',(163.537384912757,-130.774154054491,125.264325918142));
#2592=CARTESIAN_POINT('',(163.337384912757,-130.774154054491,125.464325918142));
#2593=CARTESIAN_POINT('Origin',(165.387384912757,-130.774154054491,125.264325918142));
#2594=CARTESIAN_POINT('Origin',(165.387384912757,-130.774154054491,110.764325918142));
#2595=CARTESIAN_POINT('',(167.237384912757,-130.774154054491,111.164325918142));
#2596=CARTESIAN_POINT('',(163.537384912757,-130.774154054491,111.164325918142));
#2597=CARTESIAN_POINT('Origin',(165.387384912757,-130.774154054491,111.164325918142));
#2598=CARTESIAN_POINT('Origin',(165.387384912757,-130.774154054491,111.164325918142));
#2599=CARTESIAN_POINT('',(163.537384912757,-130.774154054491,110.764325918142));
#2600=CARTESIAN_POINT('Origin',(147.894878342145,-130.759425621249,125.464325918142));
#2601=CARTESIAN_POINT('',(150.153378342145,-130.759425621249,125.264325918142));
#2602=CARTESIAN_POINT('',(150.353378342145,-130.759425621249,125.464325918142));
#2603=CARTESIAN_POINT('Origin',(147.894878342145,-130.759425621249,125.264325918142));
#2604=CARTESIAN_POINT('Origin',(147.894878342145,-130.759425621249,110.755825870458));
#2605=CARTESIAN_POINT('',(150.153378342145,-130.759425621249,111.164325918142));
#2606=CARTESIAN_POINT('Origin',(147.894878342145,-130.759425621249,111.164325918142));
#2607=CARTESIAN_POINT('',(150.153378342145,-130.759425621249,110.755825870458));
#2608=CARTESIAN_POINT('Origin',(128.387384912757,-130.774154054491,125.464325918142));
#2609=CARTESIAN_POINT('',(126.537384912757,-130.774154054491,125.264325918142));
#2610=CARTESIAN_POINT('',(126.337384912757,-130.774154054491,125.464325918142));
#2611=CARTESIAN_POINT('Origin',(128.387384912757,-130.774154054491,125.264325918142));
#2612=CARTESIAN_POINT('Origin',(128.387384912757,-130.774154054491,110.764325918142));
#2613=CARTESIAN_POINT('',(126.537384912757,-130.774154054491,111.164325918142));
#2614=CARTESIAN_POINT('',(130.237384912757,-130.774154054491,111.164325918142));
#2615=CARTESIAN_POINT('Origin',(128.387384912757,-130.774154054491,111.164325918142));
#2616=CARTESIAN_POINT('',(126.537384912757,-130.774154054491,110.764325918142));
#2617=CARTESIAN_POINT('Origin',(128.387384912757,-130.774154054491,111.164325918142));
#2618=CARTESIAN_POINT('Origin',(161.417113299845,-140.399425621249,117.664325918142));
#2619=CARTESIAN_POINT('',(161.417113299845,-140.399425621249,117.664325918142));
#2620=CARTESIAN_POINT('Origin',(144.94487834214,-123.379709924974,117.664329507717));
#2621=CARTESIAN_POINT('',(144.94487834214,-123.379709924974,111.164329507717));
#2622=CARTESIAN_POINT('',(144.94487834214,-123.379709924974,117.664329507717));
#2623=CARTESIAN_POINT('',(144.94487834214,-121.025330018036,111.164329507717));
#2624=CARTESIAN_POINT('Origin',(150.84487834214,-123.379709924974,117.664329507717));
#2625=CARTESIAN_POINT('',(148.854110472587,-123.379709924974,111.164329507717));
#2626=CARTESIAN_POINT('',(144.94487834214,-123.379709924974,111.164329507717));
#2627=CARTESIAN_POINT('',(148.161283932233,-123.379709924974,110.764325918142));
#2628=CARTESIAN_POINT('',(148.02968349472,-123.379709924974,110.688346370118));
#2629=CARTESIAN_POINT('',(147.628472752048,-123.379709924974,110.764325918142));
#2630=CARTESIAN_POINT('',(147.894878342143,-123.379709924974,110.764325918142));
#2631=CARTESIAN_POINT('',(146.935646211694,-123.379709924974,111.164329507717));
#2632=CARTESIAN_POINT('',(147.413659919384,-123.379709924974,110.888348164906));
#2633=CARTESIAN_POINT('',(144.94487834214,-123.379709924974,111.164329507717));
#2634=CARTESIAN_POINT('',(149.59487834214,-123.379709924974,113.901413113369));
#2635=CARTESIAN_POINT('Origin',(147.89487834214,-123.379709924974,113.901413113369));
#2636=CARTESIAN_POINT('Origin',(161.417113040161,-140.399425621249,103.664061897972));
#2637=CARTESIAN_POINT('',(173.275567182786,-140.341235101235,111.106135398127));
#2638=CARTESIAN_POINT('Origin',(161.417113040161,-132.899161601079,103.664061897972));
#2639=CARTESIAN_POINT('',(173.275567182786,-119.507616141264,111.106135398127));
#2640=CARTESIAN_POINT('',(173.275567182786,-140.399425621249,111.106135398127));
#2641=CARTESIAN_POINT('',(173.206977579679,-119.39942562125,111.214325918142));
#2642=CARTESIAN_POINT('Origin',(161.417113040161,-126.94968964142,103.664061897972));
#2643=CARTESIAN_POINT('',(164.938155161202,-119.399425621249,117.214325918142));
#2644=CARTESIAN_POINT('Origin',(161.417113040161,-119.399425621249,103.664061897972));
#2645=CARTESIAN_POINT('Origin',(161.417113040161,-105.849161601079,103.664061897972));
#2646=CARTESIAN_POINT('Origin',(155.503199001257,-119.512492820924,117.914220159277));
#2647=CARTESIAN_POINT('',(155.099342747096,-119.399425621249,117.214325918142));
#2648=CARTESIAN_POINT('',(153.830912229328,-117.201199877511,115.016100174404));
#2649=CARTESIAN_POINT('',(151.637194635927,-119.399425621249,111.214325918142));
#2650=CARTESIAN_POINT('',(153.752592232551,-119.399425621249,114.88036941836));
#2651=CARTESIAN_POINT('',(151.577448920497,-119.502966625583,111.110784913809));
#2652=CARTESIAN_POINT('',(152.986101641517,-117.061731861866,113.552019677525));
#2653=CARTESIAN_POINT('',(151.577448920497,-116.773777124649,111.110784913809));
#2654=CARTESIAN_POINT('',(151.577448920497,-121.624992820924,111.110784913809));
#2655=CARTESIAN_POINT('',(154.136681605495,-116.773777124649,115.546007098686));
#2656=CARTESIAN_POINT('Origin',(121.394878342141,-119.399425621249,110.764325918141));
#2657=CARTESIAN_POINT('',(160.34952691899,-119.399425621249,117.214325918142));
#2658=CARTESIAN_POINT('',(128.019878342142,-119.399425621249,117.214325918142));
#2659=CARTESIAN_POINT('',(163.376836487266,-119.399425621249,114.214450222804));
#2660=CARTESIAN_POINT('Origin',(160.376836487266,-119.399425621249,114.214450222804));
#2661=CARTESIAN_POINT('',(160.404146055543,-119.399425621249,117.214325918142));
#2662=CARTESIAN_POINT('Origin',(160.376836487266,-119.399425621249,114.214450222804));
#2663=CARTESIAN_POINT('',(128.019878342142,-119.399425621249,117.214325918142));
#2664=CARTESIAN_POINT('',(128.019878342142,-119.399425621249,111.214325918142));
#2665=CARTESIAN_POINT('Origin',(134.644878342143,-119.649425621249,117.464325918142));
#2666=CARTESIAN_POINT('Origin',(160.376836487266,-116.399549925911,114.214450222804));
#2667=CARTESIAN_POINT('Origin',(153.963452107662,-116.573777124649,115.64596479514));
#2668=CARTESIAN_POINT('',(151.277491224043,-116.600547626815,110.937555415975));
#2669=CARTESIAN_POINT('',(154.130251883415,-118.248054266266,112.585062055426));
#2670=CARTESIAN_POINT('',(150.531514909761,-115.308843040473,112.229260002317));
#2671=CARTESIAN_POINT('Origin',(143.060649898885,-116.573777124649,113.442310703585));
#2672=CARTESIAN_POINT('',(144.476642308913,-116.600596471241,110.93750657155));
#2673=CARTESIAN_POINT('',(144.835848029597,-115.978258423767,111.559844619024));
#2674=CARTESIAN_POINT('',(144.176600011432,-116.773777124649,111.110687224958));
#2675=CARTESIAN_POINT('',(142.386496479767,-117.807002446161,112.14391254647));
#2676=CARTESIAN_POINT('',(142.887469245477,-116.773777124649,113.342268406104));
#2677=CARTESIAN_POINT('Origin',(144.232204534742,-119.512492820924,111.014431661844));
#2678=CARTESIAN_POINT('',(140.650674766079,-119.399425621249,117.214325918142));
#2679=CARTESIAN_POINT('',(141.168814404659,-118.502487391865,116.317387688758));
#2680=CARTESIAN_POINT('',(144.176600011432,-119.503064314434,111.110687224958));
#2681=CARTESIAN_POINT('',(144.176600011432,-123.737492820924,111.110687224958));
#2682=CARTESIAN_POINT('',(144.116730431488,-119.399425621249,111.214325918142));
#2683=CARTESIAN_POINT('',(144.960367475853,-120.859824055328,109.753927484063));
#2684=CARTESIAN_POINT('',(143.994193437034,-119.399425621249,111.426446564114));
#2685=CARTESIAN_POINT('Origin',(121.394878342141,-119.399425621249,110.764325918141));
#2686=CARTESIAN_POINT('',(135.376836487267,-119.399425621249,117.214325918142));
#2687=CARTESIAN_POINT('',(128.019878342142,-119.399425621249,117.214325918142));
#2688=CARTESIAN_POINT('',(135.376836084383,-119.399425621249,111.214325918142));
#2689=CARTESIAN_POINT('',(146.000233368674,-119.399425621249,111.214325918142));
#2690=CARTESIAN_POINT('',(138.376836487267,-119.399425621249,114.214325918142));
#2691=CARTESIAN_POINT('Origin',(135.376836487267,-119.399425621249,114.214325918142));
#2692=CARTESIAN_POINT('Origin',(135.376836487267,-119.399425621249,114.214325918142));
#2693=CARTESIAN_POINT('Origin',(134.644878342143,-119.649425621249,117.464325918142));
#2694=CARTESIAN_POINT('',(134.41711334539,-119.399425621249,117.214325918142));
#2695=CARTESIAN_POINT('',(128.019878342142,-119.399425621249,117.214325918142));
#2696=CARTESIAN_POINT('',(134.41711334539,-119.849425621249,117.664325918142));
#2697=CARTESIAN_POINT('Origin',(134.41711334539,-140.399425621249,103.664062159256));
#2698=CARTESIAN_POINT('',(122.558659348622,-119.849425621249,111.106135400289));
#2699=CARTESIAN_POINT('Origin',(134.41711334539,-119.849425621249,103.664062159256));
#2700=CARTESIAN_POINT('',(122.558659348622,-140.341235103397,111.106135400289));
#2701=CARTESIAN_POINT('',(122.558659348622,-140.399425621249,111.106135400289));
#2702=CARTESIAN_POINT('Origin',(134.41711334539,-132.899161862363,103.664062159256));
#2703=CARTESIAN_POINT('Origin',(160.376836487266,-119.399425621249,114.214450222804));
#2704=CARTESIAN_POINT('',(163.376836487266,-123.399425621249,114.214450222804));
#2705=CARTESIAN_POINT('',(163.376836487266,-119.399425621249,114.214450222804));
#2706=CARTESIAN_POINT('Origin',(160.376836487266,-123.399425621249,114.214450222804));
#2707=CARTESIAN_POINT('Origin',(147.91711326244,-123.399425621249,114.222850101382));
#2708=CARTESIAN_POINT('',(138.376836487267,-123.399425621249,114.214325918142));
#2709=CARTESIAN_POINT('Origin',(135.376836487267,-123.399425621249,114.214325918142));
#2710=CARTESIAN_POINT('',(137.076836487267,-123.399425621249,114.214325918142));
#2711=CARTESIAN_POINT('Origin',(135.376836487267,-123.399425621249,114.214325918142));
#2712=CARTESIAN_POINT('Origin',(135.376836487267,-119.399425621249,114.214325918142));
#2713=CARTESIAN_POINT('Origin',(135.376836487267,-119.399425621249,114.214325918142));
#2714=CARTESIAN_POINT('',(138.376836487267,-119.399425621249,114.214325918142));
#2715=CARTESIAN_POINT('Origin',(147.894878342145,-140.199425621249,110.964325918142));
#2716=CARTESIAN_POINT('',(122.750894390281,-139.999425621249,110.764325918142));
#2717=CARTESIAN_POINT('',(124.343210342434,-137.168158822432,107.933059119325));
#2718=CARTESIAN_POINT('',(173.083332144683,-139.999425621249,110.764325918142));
#2719=CARTESIAN_POINT('',(147.894878342145,-139.999425621249,110.764325918142));
#2720=CARTESIAN_POINT('',(171.487979973394,-137.16276014422,107.927660441113));
#2721=CARTESIAN_POINT('Origin',(134.644878342143,-119.649425621249,110.964325918142));
#2722=CARTESIAN_POINT('',(173.083332144683,-119.84942562125,110.764325918142));
#2723=CARTESIAN_POINT('',(173.083332144683,-119.84942562125,110.764325918142));
#2724=CARTESIAN_POINT('',(150.977533527589,-119.849425621249,110.764325918142));
#2725=CARTESIAN_POINT('',(155.259003855434,-119.849425621249,110.764325918142));
#2726=CARTESIAN_POINT('',(151.864080194518,-119.337433311221,111.27631822817));
#2727=CARTESIAN_POINT('Origin',(173.179449663735,-140.399425621249,110.935230658135));
#2728=CARTESIAN_POINT('',(173.083332144683,-140.399425621249,110.764325918142));
#2729=CARTESIAN_POINT('Origin',(151.277491224043,-123.737492820924,110.937555415975));
#2730=CARTESIAN_POINT('',(150.977533527589,-116.773777124649,110.764325918142));
#2731=CARTESIAN_POINT('',(150.977533527589,-125.849992820924,110.764325918142));
#2732=CARTESIAN_POINT('',(148.601083688449,-118.146208027832,109.391895014959));
#2733=CARTESIAN_POINT('Origin',(144.476642308913,-123.737492820924,110.93750657155));
#2734=CARTESIAN_POINT('',(144.776684606393,-119.849425621249,110.764325918142));
#2735=CARTESIAN_POINT('',(148.319581979141,-121.894341578505,108.719409960887));
#2736=CARTESIAN_POINT('',(144.776684606393,-116.773777124649,110.764325918142));
#2737=CARTESIAN_POINT('',(146.294033301637,-117.649571773259,109.888531269532));
#2738=CARTESIAN_POINT('',(144.776684606393,-123.737492820924,110.764325918142));
#2739=CARTESIAN_POINT('Origin',(147.89487834214,-126.373777124649,113.901413113369));
#2740=CARTESIAN_POINT('',(149.59487834214,-126.373777124649,113.901413113369));
#2741=CARTESIAN_POINT('Origin',(147.89487834214,-126.373777124649,113.901413113369));
#2742=CARTESIAN_POINT('',(149.59487834214,-126.373777124649,113.901413113369));
#2743=CARTESIAN_POINT('Origin',(147.875057601018,-126.373777124649,114.214325918142));
#2744=CARTESIAN_POINT('Origin',(147.84487834214,-120.779709924974,110.639384092448));
#2745=CARTESIAN_POINT('',(146.935646211694,-124.59892244888,111.164329507717));
#2746=CARTESIAN_POINT('',(147.628472752048,-124.371101372949,110.764325918142));
#2747=CARTESIAN_POINT('Origin',(147.917113322618,-128.418134972787,111.164329507717));
#2748=CARTESIAN_POINT('Origin',(150.69487834214,-120.779709924974,112.227097332719));
#2749=CARTESIAN_POINT('',(148.161283932233,-124.371101372949,110.764325918142));
#2750=CARTESIAN_POINT('',(148.854110472587,-124.59892244888,111.164329507717));
#2751=CARTESIAN_POINT('Origin',(147.917113322618,-128.418134972787,111.164329507717));
#2752=CARTESIAN_POINT('Origin',(146.444878342144,-116.573777124649,110.964325918142));
#2753=CARTESIAN_POINT('',(146.444878342144,-116.773777124649,110.764325918142));
#2754=CARTESIAN_POINT('Origin',(147.89487834214,-126.373777124649,113.901413113369));
#2755=CARTESIAN_POINT('',(149.59487834214,-116.773777124649,113.901413113369));
#2756=CARTESIAN_POINT('',(149.59487834214,-126.373777124649,113.901413113369));
#2757=CARTESIAN_POINT('Origin',(147.89487834214,-116.773777124649,113.901413113369));
#2758=CARTESIAN_POINT('Origin',(147.89487834214,-116.573777124649,113.901413113369));
#2759=CARTESIAN_POINT('',(149.79487834214,-116.573777124649,113.901413113369));
#2760=CARTESIAN_POINT('Origin',(134.644878342143,-119.649425621249,110.964325918142));
#2761=CARTESIAN_POINT('',(122.750894390281,-119.849425621249,110.764325918142));
#2762=CARTESIAN_POINT('',(134.644878342143,-119.849425621249,110.764325918142));
#2763=CARTESIAN_POINT('',(122.654485477674,-119.678002761983,110.935748777409));
#2764=CARTESIAN_POINT('',(122.750894390281,-119.849425621249,110.764325918142));
#2765=CARTESIAN_POINT('',(123.165306152471,-119.399425621249,111.214325918142));
#2766=CARTESIAN_POINT('Ctrl Pts',(122.654485477674,-119.678002761982,110.935748777409));
#2767=CARTESIAN_POINT('Ctrl Pts',(122.909895815072,-119.535622589266,111.078128950125));
#2768=CARTESIAN_POINT('Ctrl Pts',(123.165306152471,-119.399425621249,111.214325918142));
#2769=CARTESIAN_POINT('',(128.019878342142,-119.399425621249,111.214325918142));
#2770=CARTESIAN_POINT('Origin',(147.894878342145,-127.899425621249,110.764325918142));
#2771=CARTESIAN_POINT('',(122.750894390281,-140.399425621249,110.764325918142));
#2772=CARTESIAN_POINT('',(167.637384912757,-130.774154054491,110.764325918142));
#2773=CARTESIAN_POINT('Origin',(165.387384912757,-130.774154054491,110.764325918142));
#2774=CARTESIAN_POINT('',(150.553378342145,-130.759425621249,110.764325918142));
#2775=CARTESIAN_POINT('Origin',(147.894878342145,-130.759425621249,110.764325918142));
#2776=CARTESIAN_POINT('',(130.637384912757,-130.774154054491,110.764325918142));
#2777=CARTESIAN_POINT('Origin',(128.387384912757,-130.774154054491,110.764325918142));
#2778=CARTESIAN_POINT('Origin',(147.91711326244,-123.399425621249,114.222850101382));
#2779=CARTESIAN_POINT('',(162.076836487266,-123.399425621249,114.214450222804));
#2780=CARTESIAN_POINT('Origin',(160.376836487266,-123.399425621249,114.214450222804));
#2781=CARTESIAN_POINT('Origin',(121.394878342141,-119.399425621249,110.764325918141));
#2782=CARTESIAN_POINT('Origin',(134.41711334539,-119.399425621249,103.664062159256));
#2783=CARTESIAN_POINT('Origin',(160.376836487266,-119.399425621249,114.214450222804));
#2784=CARTESIAN_POINT('',(162.076836487266,-119.399425621249,114.214450222804));
#2785=CARTESIAN_POINT('Origin',(135.376836487267,-119.399425621249,114.214325918142));
#2786=CARTESIAN_POINT('',(137.076836487267,-119.399425621249,114.214325918142));
#2787=CARTESIAN_POINT('Origin',(165.387384912757,-130.774154054491,110.964325918142));
#2788=CARTESIAN_POINT('',(167.437384912757,-130.774154054491,110.964325918142));
#2789=CARTESIAN_POINT('Origin',(128.387384912757,-130.774154054491,110.964325918142));
#2790=CARTESIAN_POINT('',(130.437384912757,-130.774154054491,110.964325918142));
#2791=CARTESIAN_POINT('Origin',(147.894878342145,-130.759425621249,110.964325918142));
#2792=CARTESIAN_POINT('',(150.353378342145,-130.759425621249,110.964325918142));
#2793=CARTESIAN_POINT('Origin',(122.654776869451,-140.399425621249,110.935230659216));
#2794=CARTESIAN_POINT('Ctrl Pts',(122.654485477674,-119.678002761983,110.935748777409));
#2795=CARTESIAN_POINT('Ctrl Pts',(122.606867550006,-119.763027603802,111.020417311598));
#2796=CARTESIAN_POINT('Ctrl Pts',(122.558659348622,-119.849425621249,111.106135400289));
#2797=CARTESIAN_POINT('Origin',(134.41711334539,-119.649425621249,103.664062159256));
#2798=CARTESIAN_POINT('',(0.,0.,0.));
#2799=CARTESIAN_POINT('',(182.202989681,-24.4660556011342,-1.26432591814266));
#2800=CARTESIAN_POINT('',(496.823759310882,-203.393918080685,49.5000000000003));
#2801=CARTESIAN_POINT('',(-182.402989680998,24.4660556011342,1.26432591814215));
#2802=CARTESIAN_POINT('',(-182.402989680998,24.4660556011342,1.26432591814215));
#2803=UNCERTAINTY_MEASURE_WITH_UNIT(LENGTH_MEASURE(0.01),#2817,
'DISTANCE_ACCURACY_VALUE',
'Maximum model space distance between geometric entities at asserted c
onnectivities');
#2804=UNCERTAINTY_MEASURE_WITH_UNIT(LENGTH_MEASURE(0.01),#2817,
'DISTANCE_ACCURACY_VALUE',
'Maximum model space distance between geometric entities at asserted c
onnectivities');
#2805=UNCERTAINTY_MEASURE_WITH_UNIT(LENGTH_MEASURE(0.01),#2817,
'DISTANCE_ACCURACY_VALUE',
'Maximum model space distance between geometric entities at asserted c
onnectivities');
#2806=UNCERTAINTY_MEASURE_WITH_UNIT(LENGTH_MEASURE(0.01),#2817,
'DISTANCE_ACCURACY_VALUE',
'Maximum model space distance between geometric entities at asserted c
onnectivities');
#2807=UNCERTAINTY_MEASURE_WITH_UNIT(LENGTH_MEASURE(0.01),#2817,
'DISTANCE_ACCURACY_VALUE',
'Maximum model space distance between geometric entities at asserted c
onnectivities');
#2808=UNCERTAINTY_MEASURE_WITH_UNIT(LENGTH_MEASURE(0.01),#2817,
'DISTANCE_ACCURACY_VALUE',
'Maximum model space distance between geometric entities at asserted c
onnectivities');
#2809=UNCERTAINTY_MEASURE_WITH_UNIT(LENGTH_MEASURE(0.01),#2817,
'DISTANCE_ACCURACY_VALUE',
'Maximum model space distance between geometric entities at asserted c
onnectivities');
#2810=(
GEOMETRIC_REPRESENTATION_CONTEXT(3)
GLOBAL_UNCERTAINTY_ASSIGNED_CONTEXT((#2803))
GLOBAL_UNIT_ASSIGNED_CONTEXT((#2817,#2819,#2820))
REPRESENTATION_CONTEXT('','3D')
);
#2811=(
GEOMETRIC_REPRESENTATION_CONTEXT(3)
GLOBAL_UNCERTAINTY_ASSIGNED_CONTEXT((#2804))
GLOBAL_UNIT_ASSIGNED_CONTEXT((#2817,#2819,#2820))
REPRESENTATION_CONTEXT('','3D')
);
#2812=(
GEOMETRIC_REPRESENTATION_CONTEXT(3)
GLOBAL_UNCERTAINTY_ASSIGNED_CONTEXT((#2805))
GLOBAL_UNIT_ASSIGNED_CONTEXT((#2817,#2819,#2820))
REPRESENTATION_CONTEXT('','3D')
);
#2813=(
GEOMETRIC_REPRESENTATION_CONTEXT(3)
GLOBAL_UNCERTAINTY_ASSIGNED_CONTEXT((#2806))
GLOBAL_UNIT_ASSIGNED_CONTEXT((#2817,#2819,#2820))
REPRESENTATION_CONTEXT('','3D')
);
#2814=(
GEOMETRIC_REPRESENTATION_CONTEXT(3)
GLOBAL_UNCERTAINTY_ASSIGNED_CONTEXT((#2807))
GLOBAL_UNIT_ASSIGNED_CONTEXT((#2817,#2819,#2820))
REPRESENTATION_CONTEXT('','3D')
);
#2815=(
GEOMETRIC_REPRESENTATION_CONTEXT(3)
GLOBAL_UNCERTAINTY_ASSIGNED_CONTEXT((#2808))
GLOBAL_UNIT_ASSIGNED_CONTEXT((#2817,#2819,#2820))
REPRESENTATION_CONTEXT('','3D')
);
#2816=(
GEOMETRIC_REPRESENTATION_CONTEXT(3)
GLOBAL_UNCERTAINTY_ASSIGNED_CONTEXT((#2809))
GLOBAL_UNIT_ASSIGNED_CONTEXT((#2817,#2819,#2820))
REPRESENTATION_CONTEXT('','3D')
);
#2817=(
LENGTH_UNIT()
NAMED_UNIT(*)
SI_UNIT(.MILLI.,.METRE.)
);
#2818=(
LENGTH_UNIT()
NAMED_UNIT(*)
SI_UNIT($,.METRE.)
);
#2819=(
NAMED_UNIT(*)
PLANE_ANGLE_UNIT()
SI_UNIT($,.RADIAN.)
);
#2820=(
NAMED_UNIT(*)
SI_UNIT($,.STERADIAN.)
SOLID_ANGLE_UNIT()
);
#2821=SHAPE_DEFINITION_REPRESENTATION(#2827,#2838);
#2822=SHAPE_DEFINITION_REPRESENTATION(#2828,#2839);
#2823=SHAPE_DEFINITION_REPRESENTATION(#2829,#2840);
#2824=SHAPE_DEFINITION_REPRESENTATION(#2831,#2841);
#2825=SHAPE_DEFINITION_REPRESENTATION(#2832,#2842);
#2826=SHAPE_DEFINITION_REPRESENTATION(#2833,#2843);
#2827=PRODUCT_DEFINITION_SHAPE('',$,#2845);
#2828=PRODUCT_DEFINITION_SHAPE('',$,#2846);
#2829=PRODUCT_DEFINITION_SHAPE('',$,#2847);
#2830=PRODUCT_DEFINITION_SHAPE($,$,#1635);
#2831=PRODUCT_DEFINITION_SHAPE('',$,#2848);
#2832=PRODUCT_DEFINITION_SHAPE('',$,#2849);
#2833=PRODUCT_DEFINITION_SHAPE('',$,#2850);
#2834=PRODUCT_DEFINITION_SHAPE($,$,#1636);
#2835=PRODUCT_DEFINITION_SHAPE($,$,#1637);
#2836=PRODUCT_DEFINITION_SHAPE($,$,#1638);
#2837=PRODUCT_DEFINITION_SHAPE($,$,#1639);
#2838=SHAPE_REPRESENTATION('',(#1674,#1823,#1824),#2810);
#2839=SHAPE_REPRESENTATION('',(#1675,#1677),#2811);
#2840=SHAPE_REPRESENTATION('',(#1676),#2812);
#2841=SHAPE_REPRESENTATION('',(#1678,#1821,#1822),#2813);
#2842=SHAPE_REPRESENTATION('',(#1679),#2814);
#2843=SHAPE_REPRESENTATION('',(#1820),#2815);
#2844=PRODUCT_DEFINITION_CONTEXT('part definition',#2864,'design');
#2845=PRODUCT_DEFINITION('Dragon_Burner_v0.2_v8',
'Dragon_Burner_Orditer_V2_Lifted_Spacer_8mm v2',#2851,#2844);
#2846=PRODUCT_DEFINITION('Hotend_Mounts','Hotend_Mounts',#2852,#2844);
#2847=PRODUCT_DEFINITION('RapidoHF_Mount','RapidoHF_Mount',#2853,#2844);
#2848=PRODUCT_DEFINITION('Orbiter2_Mounts','Orbiter2_Mounts',#2854,#2844);
#2849=PRODUCT_DEFINITION('Orbiter2_Mount (4)','Orbiter2_Mount (4)',#2855,
#2844);
#2850=PRODUCT_DEFINITION('RapidoHF_Mount (3)','RapidoHF_Mount (3)',#2856,
#2844);
#2851=PRODUCT_DEFINITION_FORMATION('',$,#2866);
#2852=PRODUCT_DEFINITION_FORMATION('',$,#2867);
#2853=PRODUCT_DEFINITION_FORMATION('',$,#2868);
#2854=PRODUCT_DEFINITION_FORMATION('',$,#2869);
#2855=PRODUCT_DEFINITION_FORMATION('',$,#2870);
#2856=PRODUCT_DEFINITION_FORMATION('',$,#2871);
#2857=PRODUCT_RELATED_PRODUCT_CATEGORY(
'Dragon_Burner_Orditer_V2_Lifted_Spacer_8mm v2',
'Dragon_Burner_Orditer_V2_Lifted_Spacer_8mm v2',(#2866));
#2858=PRODUCT_RELATED_PRODUCT_CATEGORY('Hotend_Mounts','Hotend_Mounts',
(#2867));
#2859=PRODUCT_RELATED_PRODUCT_CATEGORY('RapidoHF_Mount',
'RapidoHF_Mount',(#2868));
#2860=PRODUCT_RELATED_PRODUCT_CATEGORY('Orbiter2_Mounts',
'Orbiter2_Mounts',(#2869));
#2861=PRODUCT_RELATED_PRODUCT_CATEGORY('Orbiter2_Mount (4)',
'Orbiter2_Mount (4)',(#2870));
#2862=PRODUCT_RELATED_PRODUCT_CATEGORY('RapidoHF_Mount (3)',
'RapidoHF_Mount (3)',(#2871));
#2863=APPLICATION_PROTOCOL_DEFINITION('international standard',
'automotive_design',2009,#2864);
#2864=APPLICATION_CONTEXT(
'Core Data for Automotive Mechanical Design Process');
#2865=PRODUCT_CONTEXT('part definition',#2864,'mechanical');
#2866=PRODUCT('Dragon_Burner_v0.2_v8',
'Dragon_Burner_Orditer_V2_Lifted_Spacer_8mm v2',$,(#2865));
#2867=PRODUCT('Hotend_Mounts','Hotend_Mounts',$,(#2865));
#2868=PRODUCT('RapidoHF_Mount','RapidoHF_Mount',$,(#2865));
#2869=PRODUCT('Orbiter2_Mounts','Orbiter2_Mounts',$,(#2865));
#2870=PRODUCT('Orbiter2_Mount (4)','Orbiter2_Mount (4)',$,(#2865));
#2871=PRODUCT('RapidoHF_Mount (3)','RapidoHF_Mount (3)',$,(#2865));
#2872=PRESENTATION_STYLE_ASSIGNMENT((#2875));
#2873=PRESENTATION_STYLE_ASSIGNMENT((#2876));
#2874=PRESENTATION_STYLE_ASSIGNMENT((#2877));
#2875=SURFACE_STYLE_USAGE(.BOTH.,#2878);
#2876=SURFACE_STYLE_USAGE(.BOTH.,#2879);
#2877=SURFACE_STYLE_USAGE(.BOTH.,#2880);
#2878=SURFACE_SIDE_STYLE('',(#2881));
#2879=SURFACE_SIDE_STYLE('',(#2882));
#2880=SURFACE_SIDE_STYLE('',(#2883));
#2881=SURFACE_STYLE_FILL_AREA(#2884);
#2882=SURFACE_STYLE_FILL_AREA(#2885);
#2883=SURFACE_STYLE_FILL_AREA(#2886);
#2884=FILL_AREA_STYLE('ABS (White)',(#2887));
#2885=FILL_AREA_STYLE('Opaque(186,18,24)',(#2888));
#2886=FILL_AREA_STYLE('Opaque(7,200,17)',(#2889));
#2887=FILL_AREA_STYLE_COLOUR('ABS (White)',#2890);
#2888=FILL_AREA_STYLE_COLOUR('Opaque(186,18,24)',#2891);
#2889=FILL_AREA_STYLE_COLOUR('Opaque(7,200,17)',#2892);
#2890=COLOUR_RGB('ABS (White)',0.964705882352941,0.964705882352941,0.952941176470588);
#2891=COLOUR_RGB('Opaque(186,18,24)',0.729411764705882,0.0705882352941176,
0.0941176470588235);
#2892=COLOUR_RGB('Opaque(7,200,17)',0.0274509803921569,0.784313725490196,
0.0666666666666667);
ENDSEC;
END-ISO-10303-21;
