ISO-10303-21;
HEADER;
/* Generated by software containing ST-Developer
 * from STEP Tools, Inc. (www.steptools.com) 
 */

FILE_DESCRIPTION(
/* description */ (''),
/* implementation_level */ '2;1');

FILE_NAME(
/* name */ 'DragonBurner Modded Backplate.step',
/* time_stamp */ '2026-02-21T22:50:12-07:00',
/* author */ (''),
/* organization */ (''),
/* preprocessor_version */ 'ST-DEVELOPER v20.1',
/* originating_system */ 'Autodesk Translation Framework v14.24.0.0',
/* authorisation */ '');

FILE_SCHEMA (('AUTOMOTIVE_DESIGN { 1 0 10303 214 3 1 1 }'));
ENDSEC;

DATA;
#10=MECHANICAL_DESIGN_GEOMETRIC_PRESENTATION_REPRESENTATION('',(#13),#13757);
#11=SHAPE_REPRESENTATION_RELATIONSHIP('SRR','None',#13776,#12);
#12=ADVANCED_BREP_SHAPE_REPRESENTATION('',(#14),#13752);
#13=STYLED_ITEM('',(#13806),#14);
#14=MANIFOLD_SOLID_BREP('Dragon Burner Backplate with pins up 8mm ',#8147);
#15=B_SPLINE_SURFACE_WITH_KNOTS('',3,3,((#13252,#13253,#13254,#13255),(#13256,
#13257,#13258,#13259),(#13260,#13261,#13262,#13263),(#13264,#13265,#13266,
#13267),(#13268,#13269,#13270,#13271)),.UNSPECIFIED.,.F.,.F.,.F.,(4,1,4),
(4,4),(0.,0.571428571428571,1.),(1.0697908404319,1.57079637474514),
 .UNSPECIFIED.);
#16=B_SPLINE_SURFACE_WITH_KNOTS('',3,3,((#13309,#13310,#13311,#13312),(#13313,
#13314,#13315,#13316),(#13317,#13318,#13319,#13320),(#13321,#13322,#13323,
#13324),(#13325,#13326,#13327,#13328)),.UNSPECIFIED.,.F.,.F.,.F.,(4,1,4),
(4,4),(-4.15431207547326E-6,0.571428571428571,1.),(-1.5708005290526,-0.973633959156536),
 .UNSPECIFIED.);
#17=B_SPLINE_SURFACE_WITH_KNOTS('',3,3,((#13562,#13563,#13564,#13565),(#13566,
#13567,#13568,#13569),(#13570,#13571,#13572,#13573),(#13574,#13575,#13576,
#13577),(#13578,#13579,#13580,#13581)),.UNSPECIFIED.,.F.,.F.,.F.,(4,1,4),
(4,4),(-4.16218532832678E-6,0.571428571428571,1.),(0.973449910002696,1.57080053694346),
 .UNSPECIFIED.);
#18=B_SPLINE_SURFACE_WITH_KNOTS('',3,3,((#13609,#13610,#13611,#13612),(#13613,
#13614,#13615,#13616),(#13617,#13618,#13619,#13620),(#13621,#13622,#13623,
#13624),(#13625,#13626,#13627,#13628)),.UNSPECIFIED.,.F.,.F.,.F.,(4,1,4),
(4,4),(0.,0.571428571428571,1.),(-1.57079632679494,-1.06980232275788),
 .UNSPECIFIED.);
#19=(
BOUNDED_CURVE()
B_SPLINE_CURVE(2,(#12025,#12026,#12027),.UNSPECIFIED.,.F.,.F.)
B_SPLINE_CURVE_WITH_KNOTS((3,3),(0.,0.0665079676215826),.UNSPECIFIED.)
CURVE()
GEOMETRIC_REPRESENTATION_ITEM()
RATIONAL_B_SPLINE_CURVE((1.,1.00346362077232,1.))
REPRESENTATION_ITEM('')
);
#20=(
BOUNDED_CURVE()
B_SPLINE_CURVE(2,(#12029,#12030,#12031),.UNSPECIFIED.,.F.,.F.)
B_SPLINE_CURVE_WITH_KNOTS((3,3),(0.0247695227664083,0.0540494408463712),
 .UNSPECIFIED.)
CURVE()
GEOMETRIC_REPRESENTATION_ITEM()
RATIONAL_B_SPLINE_CURVE((1.00148889604631,1.00162445598044,1.))
REPRESENTATION_ITEM('')
);
#21=(
BOUNDED_CURVE()
B_SPLINE_CURVE(2,(#12032,#12033,#12034),.UNSPECIFIED.,.F.,.F.)
B_SPLINE_CURVE_WITH_KNOTS((3,3),(0.195312029447278,0.235810203727345),
 .UNSPECIFIED.)
CURVE()
GEOMETRIC_REPRESENTATION_ITEM()
RATIONAL_B_SPLINE_CURVE((1.,1.,1.))
REPRESENTATION_ITEM('')
);
#22=(
BOUNDED_CURVE()
B_SPLINE_CURVE(2,(#12036,#12037,#12038),.UNSPECIFIED.,.F.,.F.)
B_SPLINE_CURVE_WITH_KNOTS((3,3),(0.,0.0665079676215824),.UNSPECIFIED.)
CURVE()
GEOMETRIC_REPRESENTATION_ITEM()
RATIONAL_B_SPLINE_CURVE((1.,1.00346362077269,1.))
REPRESENTATION_ITEM('')
);
#23=(
BOUNDED_CURVE()
B_SPLINE_CURVE(2,(#12040,#12041,#12042),.UNSPECIFIED.,.F.,.F.)
B_SPLINE_CURVE_WITH_KNOTS((3,3),(0.195327605870544,0.235794131542687),
 .UNSPECIFIED.)
CURVE()
GEOMETRIC_REPRESENTATION_ITEM()
RATIONAL_B_SPLINE_CURVE((1.,1.,1.))
REPRESENTATION_ITEM('')
);
#24=(
BOUNDED_CURVE()
B_SPLINE_CURVE(2,(#12043,#12044,#12045),.UNSPECIFIED.,.F.,.F.)
B_SPLINE_CURVE_WITH_KNOTS((3,3),(20.6756566447103,21.3464953338898),
 .UNSPECIFIED.)
CURVE()
GEOMETRIC_REPRESENTATION_ITEM()
RATIONAL_B_SPLINE_CURVE((21.4456328095864,21.2366021071708,20.9924832987105))
REPRESENTATION_ITEM('')
);
#25=(
BOUNDED_CURVE()
B_SPLINE_CURVE(2,(#12881,#12882,#12883),.UNSPECIFIED.,.F.,.F.)
B_SPLINE_CURVE_WITH_KNOTS((3,3),(2.26523087923313,2.38236712817086),
 .UNSPECIFIED.)
CURVE()
GEOMETRIC_REPRESENTATION_ITEM()
RATIONAL_B_SPLINE_CURVE((1.01034895196316,1.00544205078477,1.))
REPRESENTATION_ITEM('')
);
#26=CONICAL_SURFACE('',#8258,3.35000000000002,0.785398163406736);
#27=CONICAL_SURFACE('',#8348,2.24999999999998,0.785398163397435);
#28=CONICAL_SURFACE('',#8349,2.24999999999998,0.785398163397435);
#29=CONICAL_SURFACE('',#8391,3.20000000000001,0.785398163396357);
#30=CONICAL_SURFACE('',#8392,3.20000000000001,0.785398163396357);
#31=CONICAL_SURFACE('',#8578,13.8002640201693,0.785398163397553);
#32=CONICAL_SURFACE('',#8589,13.8002640201693,0.785398163397553);
#33=B_SPLINE_CURVE_WITH_KNOTS('',3,(#11428,#11429,#11430,#11431),
 .UNSPECIFIED.,.F.,.F.,(4,4),(0.086096646058085,0.164703592649748),
 .UNSPECIFIED.);
#34=B_SPLINE_CURVE_WITH_KNOTS('',3,(#11437,#11438,#11439,#11440,#11441,
#11442,#11443,#11444,#11445,#11446),.UNSPECIFIED.,.F.,.F.,(4,2,2,2,4),(0.657838405707368,
0.766491303735135,0.844378562324123,0.922265820913112,0.92412608290126),
 .UNSPECIFIED.);
#35=B_SPLINE_CURVE_WITH_KNOTS('',3,(#11450,#11451,#11452,#11453,#11454,
#11455),.UNSPECIFIED.,.F.,.F.,(4,2,4),(3.0768498537472,3.12850256996467,
3.17830981820388),.UNSPECIFIED.);
#36=B_SPLINE_CURVE_WITH_KNOTS('',3,(#11459,#11460,#11461,#11462,#11463,
#11464),.UNSPECIFIED.,.F.,.F.,(4,2,4),(3.0768498537472,3.12850256996467,
3.17830981820388),.UNSPECIFIED.);
#37=B_SPLINE_CURVE_WITH_KNOTS('',3,(#11467,#11468,#11469,#11470,#11471,
#11472,#11473,#11474,#11475,#11476),.UNSPECIFIED.,.F.,.F.,(4,2,2,2,4),(0.657838405707368,
0.766491303735135,0.844378562324123,0.922265820913112,0.92412608290126),
 .UNSPECIFIED.);
#38=B_SPLINE_CURVE_WITH_KNOTS('',3,(#11485,#11486,#11487,#11488),
 .UNSPECIFIED.,.F.,.F.,(4,4),(-0.0921516970856455,0.),.UNSPECIFIED.);
#39=B_SPLINE_CURVE_WITH_KNOTS('',3,(#11492,#11493,#11494,#11495),
 .UNSPECIFIED.,.F.,.F.,(4,4),(-0.0255701315944989,0.),.UNSPECIFIED.);
#40=B_SPLINE_CURVE_WITH_KNOTS('',3,(#12105,#12106,#12107,#12108,#12109,
#12110,#12111,#12112,#12113,#12114,#12115,#12116,#12117,#12118,#12119,#12120),
 .UNSPECIFIED.,.F.,.F.,(4,2,2,2,2,2,2,4),(0.172416966756401,0.235145008009587,
0.361331335502173,0.487517662994759,0.606959670295765,0.726401677596771,
0.843044011136724,0.959686344676677),.UNSPECIFIED.);
#41=B_SPLINE_CURVE_WITH_KNOTS('',3,(#12122,#12123,#12124,#12125,#12126,
#12127,#12128,#12129,#12130,#12131,#12132,#12133,#12134,#12135,#12136,#12137,
#12138,#12139,#12140,#12141),.UNSPECIFIED.,.F.,.F.,(4,2,2,2,2,2,2,2,2,4),
(0.172490908617195,0.235145130124283,0.361333110932706,0.487521091741128,
0.606963874257188,0.726406656773248,0.843048907540098,0.959691158306948,
1.0763334090738,1.12888977594202),.UNSPECIFIED.);
#42=B_SPLINE_CURVE_WITH_KNOTS('',3,(#12142,#12143,#12144,#12145,#12146,
#12147),.UNSPECIFIED.,.F.,.F.,(4,2,4),(0.959686344676677,1.07632867821663,
1.12895557246875),.UNSPECIFIED.);
#43=B_SPLINE_CURVE_WITH_KNOTS('',3,(#12327,#12328,#12329,#12330,#12331,
#12332),.UNSPECIFIED.,.F.,.F.,(4,2,4),(-1.91943207795383,-1.8018594106082,
-1.72781579870757),.UNSPECIFIED.);
#44=B_SPLINE_CURVE_WITH_KNOTS('',3,(#12334,#12335,#12336,#12337,#12338,
#12339,#12340,#12341,#12342,#12343,#12344,#12345,#12346,#12347,#12348,#12349),
 .UNSPECIFIED.,.F.,.F.,(4,2,2,2,2,2,2,4),(-0.772012999322489,-0.725873400078794,
-0.606717220300813,-0.487561040522832,-0.363923576350865,-0.240286112178898,
-0.120143056089449,0.),.UNSPECIFIED.);
#45=B_SPLINE_CURVE_WITH_KNOTS('',3,(#12380,#12381,#12382,#12383,#12384,
#12385,#12386,#12387,#12388,#12389,#12390,#12391,#12392,#12393,#12394,#12395,
#12396,#12397,#12398,#12399),.UNSPECIFIED.,.F.,.F.,(4,2,2,2,2,2,2,2,2,4),
(0.187624650891942,0.233284035101366,0.35272900212468,0.472173969147994,
0.598366608523773,0.724559247899553,0.842131985028089,0.959704722156625,
1.07727745928516,1.15139954427325),.UNSPECIFIED.);
#46=B_SPLINE_CURVE_WITH_KNOTS('',3,(#12652,#12653,#12654,#12655,#12656,
#12657,#12658,#12659,#12660,#12661,#12662,#12663,#12664,#12665,#12666,#12667,
#12668,#12669,#12670,#12671,#12672,#12673,#12674,#12675,#12676,#12677,#12678,
#12679,#12680,#12681,#12682,#12683,#12684,#12685),.UNSPECIFIED.,.T.,.F.,
(4,2,2,2,2,2,2,2,2,2,2,2,2,2,2,2,4),(0.,0.116642180980004,0.233284361960008,
0.352727798112742,0.472171234265477,0.598360609043374,0.724549983821272,
0.842122600366564,0.959695216911856,1.07726783345715,1.19484045000244,1.32102982478034,
1.44721919955823,1.56666263571097,1.6861060718637,1.80274825284371,1.91939043382371),
 .UNSPECIFIED.);
#47=B_SPLINE_CURVE_WITH_KNOTS('',3,(#12693,#12694,#12695,#12696,#12697,
#12698,#12699,#12700,#12701,#12702,#12703,#12704,#12705,#12706,#12707,#12708,
#12709,#12710),.UNSPECIFIED.,.F.,.F.,(4,2,2,2,2,2,2,2,4),(0.,0.117572559349327,
0.235145118698654,0.36133294482019,0.487520770941727,0.606963480926041,
0.726406190910356,0.843048449421476,0.959690707932596),.UNSPECIFIED.);
#48=B_SPLINE_CURVE_WITH_KNOTS('',3,(#12711,#12712,#12713,#12714,#12715,
#12716,#12717,#12718,#12719,#12720,#12721,#12722,#12723,#12724,#12725,#12726,
#12727,#12728),.UNSPECIFIED.,.F.,.F.,(4,2,2,2,2,2,2,2,4),(0.959690707932596,
1.07633296644371,1.19297522495483,1.31241793493915,1.43186064492346,1.558048471045,
1.68423629716654,1.80180885651586,1.91938141586519),.UNSPECIFIED.);
#49=B_SPLINE_CURVE_WITH_KNOTS('',3,(#12848,#12849,#12850,#12851),
 .UNSPECIFIED.,.F.,.F.,(4,4),(2.43316299421461E-7,0.0824131958699281),
 .UNSPECIFIED.);
#50=B_SPLINE_CURVE_WITH_KNOTS('',3,(#12906,#12907,#12908,#12909),
 .UNSPECIFIED.,.F.,.F.,(4,4),(0.845648990692428,0.987640236679017),
 .UNSPECIFIED.);
#51=B_SPLINE_CURVE_WITH_KNOTS('',3,(#12998,#12999,#13000,#13001,#13002,
#13003),.UNSPECIFIED.,.F.,.F.,(4,2,4),(-0.103208421499919,-0.0779888768545978,
1.2004065297333E-8),.UNSPECIFIED.);
#52=B_SPLINE_CURVE_WITH_KNOTS('',3,(#13008,#13009,#13010,#13011,#13012,
#13013,#13014,#13015,#13016,#13017),.UNSPECIFIED.,.F.,.F.,(4,2,2,2,4),(-2.97553106439064,
-2.97398395055494,-2.89607531159923,-2.81816667264351,-2.70964528451068),
 .UNSPECIFIED.);
#53=B_SPLINE_CURVE_WITH_KNOTS('',3,(#13021,#13022,#13023,#13024,#13025,
#13026),.UNSPECIFIED.,.F.,.F.,(4,2,4),(-0.103208421499919,-0.0779888768545978,
1.2004065297333E-8),.UNSPECIFIED.);
#54=B_SPLINE_CURVE_WITH_KNOTS('',3,(#13028,#13029,#13030,#13031,#13032,
#13033,#13034,#13035,#13036,#13037),.UNSPECIFIED.,.F.,.F.,(4,2,2,2,4),(-2.97553106439064,
-2.97398395055494,-2.89607531159923,-2.81816667264351,-2.70964528451068),
 .UNSPECIFIED.);
#55=B_SPLINE_CURVE_WITH_KNOTS('',3,(#13136,#13137,#13138,#13139),
 .UNSPECIFIED.,.F.,.F.,(4,4),(0.,0.025515728037675),.UNSPECIFIED.);
#56=B_SPLINE_CURVE_WITH_KNOTS('',3,(#13143,#13144,#13145,#13146),
 .UNSPECIFIED.,.F.,.F.,(4,4),(-0.0920625877787113,0.),.UNSPECIFIED.);
#57=B_SPLINE_CURVE_WITH_KNOTS('',3,(#13276,#13277,#13278,#13279,#13280,
#13281,#13282,#13283,#13284,#13285,#13286,#13287),.UNSPECIFIED.,.F.,.F.,
(4,2,2,2,2,4),(-0.16961580097762,-0.130326123351656,-0.0986813978790519,
-0.0617424687549337,-0.0123574373039918,0.),.UNSPECIFIED.);
#58=B_SPLINE_CURVE_WITH_KNOTS('',3,(#13295,#13296,#13297,#13298,#13299,
#13300,#13301,#13302,#13303,#13304,#13305,#13306,#13307,#13308),
 .UNSPECIFIED.,.F.,.F.,(4,2,2,2,2,2,4),(-0.575053884428411,-0.532433539254502,
-0.40093400516054,-0.277494417382561,-0.190805141954496,-0.0988392189192008,
-0.00919764635678566),.UNSPECIFIED.);
#59=B_SPLINE_CURVE_WITH_KNOTS('',3,(#13582,#13583,#13584,#13585,#13586,
#13587,#13588,#13589,#13590,#13591,#13592,#13593,#13594,#13595),
 .UNSPECIFIED.,.F.,.F.,(4,2,2,2,2,2,4),(0.00920654647450775,0.0987569599703211,
0.190756146136985,0.277462076602204,0.400897603782665,0.532386285563426,
0.575051608495497),.UNSPECIFIED.);
#60=B_SPLINE_CURVE_WITH_KNOTS('',3,(#13597,#13598,#13599,#13600,#13601,
#13602,#13603,#13604,#13605,#13606,#13607,#13608),.UNSPECIFIED.,.F.,.F.,
(4,2,2,2,2,4),(0.,0.0122868367127228,0.0616845126977864,0.0986769703492444,
0.130395593232159,0.169827833413788),.UNSPECIFIED.);
#61=FACE_BOUND('',#877,.T.);
#62=FACE_BOUND('',#883,.T.);
#63=FACE_BOUND('',#892,.T.);
#64=FACE_BOUND('',#893,.T.);
#65=FACE_BOUND('',#894,.T.);
#66=FACE_BOUND('',#895,.T.);
#67=FACE_BOUND('',#896,.T.);
#68=FACE_BOUND('',#897,.T.);
#69=FACE_BOUND('',#905,.T.);
#70=FACE_BOUND('',#906,.T.);
#71=FACE_BOUND('',#907,.T.);
#72=FACE_BOUND('',#908,.T.);
#73=FACE_BOUND('',#909,.T.);
#74=FACE_BOUND('',#910,.T.);
#75=FACE_BOUND('',#911,.T.);
#76=FACE_BOUND('',#912,.T.);
#77=FACE_BOUND('',#913,.T.);
#78=FACE_BOUND('',#914,.T.);
#79=FACE_BOUND('',#915,.T.);
#80=FACE_BOUND('',#916,.T.);
#81=FACE_BOUND('',#917,.T.);
#82=FACE_BOUND('',#935,.T.);
#83=FACE_BOUND('',#941,.T.);
#84=FACE_BOUND('',#955,.T.);
#85=FACE_BOUND('',#958,.T.);
#86=FACE_BOUND('',#963,.T.);
#87=FACE_BOUND('',#992,.T.);
#88=FACE_BOUND('',#1007,.T.);
#89=FACE_BOUND('',#1013,.T.);
#90=FACE_BOUND('',#1022,.T.);
#91=FACE_BOUND('',#1040,.T.);
#92=FACE_BOUND('',#1044,.T.);
#93=FACE_BOUND('',#1050,.T.);
#94=FACE_BOUND('',#1074,.T.);
#95=FACE_BOUND('',#1090,.T.);
#96=FACE_BOUND('',#1104,.T.);
#97=FACE_BOUND('',#1112,.T.);
#98=FACE_BOUND('',#1118,.T.);
#99=FACE_BOUND('',#1123,.T.);
#100=FACE_BOUND('',#1130,.T.);
#101=FACE_BOUND('',#1147,.T.);
#102=FACE_BOUND('',#1153,.T.);
#103=FACE_BOUND('',#1158,.T.);
#104=FACE_BOUND('',#1163,.T.);
#105=FACE_BOUND('',#1205,.T.);
#106=FACE_BOUND('',#1234,.T.);
#107=FACE_BOUND('',#1239,.T.);
#108=FACE_BOUND('',#1257,.T.);
#109=FACE_BOUND('',#1312,.T.);
#110=PLANE('',#8200);
#111=PLANE('',#8205);
#112=PLANE('',#8206);
#113=PLANE('',#8212);
#114=PLANE('',#8213);
#115=PLANE('',#8217);
#116=PLANE('',#8219);
#117=PLANE('',#8221);
#118=PLANE('',#8223);
#119=PLANE('',#8225);
#120=PLANE('',#8226);
#121=PLANE('',#8227);
#122=PLANE('',#8228);
#123=PLANE('',#8245);
#124=PLANE('',#8246);
#125=PLANE('',#8261);
#126=PLANE('',#8277);
#127=PLANE('',#8281);
#128=PLANE('',#8285);
#129=PLANE('',#8287);
#130=PLANE('',#8297);
#131=PLANE('',#8299);
#132=PLANE('',#8301);
#133=PLANE('',#8304);
#134=PLANE('',#8305);
#135=PLANE('',#8306);
#136=PLANE('',#8308);
#137=PLANE('',#8309);
#138=PLANE('',#8310);
#139=PLANE('',#8312);
#140=PLANE('',#8317);
#141=PLANE('',#8318);
#142=PLANE('',#8320);
#143=PLANE('',#8321);
#144=PLANE('',#8322);
#145=PLANE('',#8323);
#146=PLANE('',#8324);
#147=PLANE('',#8325);
#148=PLANE('',#8326);
#149=PLANE('',#8327);
#150=PLANE('',#8328);
#151=PLANE('',#8329);
#152=PLANE('',#8330);
#153=PLANE('',#8331);
#154=PLANE('',#8332);
#155=PLANE('',#8336);
#156=PLANE('',#8344);
#157=PLANE('',#8355);
#158=PLANE('',#8356);
#159=PLANE('',#8357);
#160=PLANE('',#8358);
#161=PLANE('',#8359);
#162=PLANE('',#8360);
#163=PLANE('',#8361);
#164=PLANE('',#8362);
#165=PLANE('',#8363);
#166=PLANE('',#8364);
#167=PLANE('',#8365);
#168=PLANE('',#8366);
#169=PLANE('',#8367);
#170=PLANE('',#8368);
#171=PLANE('',#8369);
#172=PLANE('',#8370);
#173=PLANE('',#8371);
#174=PLANE('',#8372);
#175=PLANE('',#8373);
#176=PLANE('',#8374);
#177=PLANE('',#8375);
#178=PLANE('',#8376);
#179=PLANE('',#8377);
#180=PLANE('',#8378);
#181=PLANE('',#8379);
#182=PLANE('',#8381);
#183=PLANE('',#8398);
#184=PLANE('',#8399);
#185=PLANE('',#8400);
#186=PLANE('',#8401);
#187=PLANE('',#8410);
#188=PLANE('',#8414);
#189=PLANE('',#8422);
#190=PLANE('',#8423);
#191=PLANE('',#8430);
#192=PLANE('',#8433);
#193=PLANE('',#8435);
#194=PLANE('',#8443);
#195=PLANE('',#8444);
#196=PLANE('',#8445);
#197=PLANE('',#8446);
#198=PLANE('',#8447);
#199=PLANE('',#8448);
#200=PLANE('',#8450);
#201=PLANE('',#8451);
#202=PLANE('',#8453);
#203=PLANE('',#8462);
#204=PLANE('',#8464);
#205=PLANE('',#8465);
#206=PLANE('',#8475);
#207=PLANE('',#8477);
#208=PLANE('',#8478);
#209=PLANE('',#8479);
#210=PLANE('',#8482);
#211=PLANE('',#8487);
#212=PLANE('',#8488);
#213=PLANE('',#8489);
#214=PLANE('',#8493);
#215=PLANE('',#8495);
#216=PLANE('',#8496);
#217=PLANE('',#8497);
#218=PLANE('',#8498);
#219=PLANE('',#8500);
#220=PLANE('',#8502);
#221=PLANE('',#8505);
#222=PLANE('',#8506);
#223=PLANE('',#8507);
#224=PLANE('',#8508);
#225=PLANE('',#8509);
#226=PLANE('',#8510);
#227=PLANE('',#8511);
#228=PLANE('',#8512);
#229=PLANE('',#8513);
#230=PLANE('',#8514);
#231=PLANE('',#8515);
#232=PLANE('',#8517);
#233=PLANE('',#8518);
#234=PLANE('',#8519);
#235=PLANE('',#8520);
#236=PLANE('',#8521);
#237=PLANE('',#8522);
#238=PLANE('',#8523);
#239=PLANE('',#8524);
#240=PLANE('',#8525);
#241=PLANE('',#8526);
#242=PLANE('',#8527);
#243=PLANE('',#8528);
#244=PLANE('',#8529);
#245=PLANE('',#8530);
#246=PLANE('',#8531);
#247=PLANE('',#8538);
#248=PLANE('',#8539);
#249=PLANE('',#8540);
#250=PLANE('',#8541);
#251=PLANE('',#8542);
#252=PLANE('',#8543);
#253=PLANE('',#8544);
#254=PLANE('',#8548);
#255=PLANE('',#8552);
#256=PLANE('',#8553);
#257=PLANE('',#8557);
#258=PLANE('',#8558);
#259=PLANE('',#8559);
#260=PLANE('',#8561);
#261=PLANE('',#8563);
#262=PLANE('',#8569);
#263=PLANE('',#8571);
#264=PLANE('',#8572);
#265=PLANE('',#8574);
#266=PLANE('',#8576);
#267=PLANE('',#8580);
#268=PLANE('',#8581);
#269=PLANE('',#8584);
#270=PLANE('',#8592);
#271=PLANE('',#8593);
#272=PLANE('',#8595);
#273=PLANE('',#8596);
#274=PLANE('',#8599);
#275=PLANE('',#8600);
#276=PLANE('',#8601);
#277=PLANE('',#8602);
#278=PLANE('',#8603);
#279=PLANE('',#8604);
#280=PLANE('',#8605);
#281=PLANE('',#8609);
#282=PLANE('',#8610);
#283=PLANE('',#8614);
#284=PLANE('',#8615);
#285=PLANE('',#8619);
#286=PLANE('',#8627);
#287=PLANE('',#8628);
#288=PLANE('',#8629);
#289=PLANE('',#8630);
#290=PLANE('',#8631);
#291=PLANE('',#8632);
#292=PLANE('',#8633);
#293=PLANE('',#8634);
#294=PLANE('',#8635);
#295=PLANE('',#8636);
#296=PLANE('',#8637);
#297=PLANE('',#8638);
#298=PLANE('',#8639);
#299=PLANE('',#8640);
#300=PLANE('',#8641);
#301=PLANE('',#8644);
#302=PLANE('',#8645);
#303=PLANE('',#8646);
#304=PLANE('',#8647);
#305=PLANE('',#8648);
#306=PLANE('',#8649);
#307=PLANE('',#8650);
#308=PLANE('',#8651);
#309=PLANE('',#8653);
#310=PLANE('',#8654);
#311=PLANE('',#8655);
#312=PLANE('',#8658);
#313=PLANE('',#8659);
#314=PLANE('',#8660);
#315=PLANE('',#8661);
#316=PLANE('',#8664);
#317=PLANE('',#8665);
#318=PLANE('',#8666);
#319=PLANE('',#8667);
#320=PLANE('',#8668);
#321=PLANE('',#8669);
#322=PLANE('',#8670);
#323=PLANE('',#8676);
#324=PLANE('',#8677);
#325=PLANE('',#8680);
#326=PLANE('',#8681);
#327=PLANE('',#8682);
#328=PLANE('',#8683);
#329=PLANE('',#8684);
#330=PLANE('',#8685);
#331=PLANE('',#8686);
#332=PLANE('',#8688);
#333=PLANE('',#8690);
#334=PLANE('',#8692);
#335=PLANE('',#8693);
#336=PLANE('',#8694);
#337=PLANE('',#8695);
#338=PLANE('',#8696);
#339=PLANE('',#8697);
#340=PLANE('',#8698);
#341=PLANE('',#8701);
#342=PLANE('',#8702);
#343=PLANE('',#8705);
#344=PLANE('',#8708);
#345=PLANE('',#8709);
#346=PLANE('',#8710);
#347=PLANE('',#8712);
#348=PLANE('',#8713);
#349=PLANE('',#8714);
#350=PLANE('',#8715);
#351=PLANE('',#8716);
#352=PLANE('',#8717);
#353=PLANE('',#8718);
#354=PLANE('',#8719);
#355=PLANE('',#8720);
#356=PLANE('',#8721);
#357=PLANE('',#8722);
#358=PLANE('',#8723);
#359=PLANE('',#8724);
#360=PLANE('',#8725);
#361=PLANE('',#8726);
#362=PLANE('',#8727);
#363=PLANE('',#8728);
#364=PLANE('',#8730);
#365=PLANE('',#8732);
#366=PLANE('',#8733);
#367=PLANE('',#8734);
#368=PLANE('',#8741);
#369=PLANE('',#8742);
#370=PLANE('',#8743);
#371=PLANE('',#8744);
#372=PLANE('',#8745);
#373=PLANE('',#8746);
#374=PLANE('',#8747);
#375=PLANE('',#8748);
#376=PLANE('',#8749);
#377=PLANE('',#8750);
#378=PLANE('',#8751);
#379=PLANE('',#8752);
#380=PLANE('',#8753);
#381=PLANE('',#8754);
#382=PLANE('',#8755);
#383=PLANE('',#8756);
#384=PLANE('',#8757);
#385=PLANE('',#8758);
#386=PLANE('',#8759);
#387=PLANE('',#8760);
#388=PLANE('',#8761);
#389=PLANE('',#8762);
#390=PLANE('',#8763);
#391=PLANE('',#8764);
#392=PLANE('',#8765);
#393=PLANE('',#8766);
#394=PLANE('',#8767);
#395=PLANE('',#8768);
#396=PLANE('',#8769);
#397=PLANE('',#8770);
#398=PLANE('',#8771);
#399=PLANE('',#8772);
#400=PLANE('',#8773);
#401=PLANE('',#8774);
#402=PLANE('',#8775);
#403=PLANE('',#8776);
#404=PLANE('',#8779);
#405=PLANE('',#8781);
#406=PLANE('',#8782);
#407=PLANE('',#8786);
#408=PLANE('',#8788);
#409=PLANE('',#8789);
#410=PLANE('',#8790);
#411=PLANE('',#8791);
#412=PLANE('',#8792);
#413=PLANE('',#8793);
#414=PLANE('',#8794);
#415=PLANE('',#8795);
#416=PLANE('',#8796);
#417=PLANE('',#8797);
#418=PLANE('',#8798);
#419=PLANE('',#8799);
#420=PLANE('',#8800);
#421=PLANE('',#8801);
#422=PLANE('',#8802);
#423=PLANE('',#8803);
#424=PLANE('',#8804);
#425=PLANE('',#8805);
#426=PLANE('',#8806);
#427=PLANE('',#8807);
#428=PLANE('',#8808);
#429=PLANE('',#8809);
#430=PLANE('',#8810);
#431=PLANE('',#8811);
#432=PLANE('',#8812);
#433=PLANE('',#8813);
#434=PLANE('',#8814);
#435=PLANE('',#8815);
#436=PLANE('',#8816);
#437=PLANE('',#8817);
#438=PLANE('',#8818);
#439=PLANE('',#8819);
#440=PLANE('',#8820);
#441=PLANE('',#8821);
#442=PLANE('',#8822);
#443=PLANE('',#8823);
#444=PLANE('',#8824);
#445=PLANE('',#8825);
#446=PLANE('',#8826);
#447=FACE_OUTER_BOUND('',#875,.T.);
#448=FACE_OUTER_BOUND('',#876,.T.);
#449=FACE_OUTER_BOUND('',#878,.T.);
#450=FACE_OUTER_BOUND('',#879,.T.);
#451=FACE_OUTER_BOUND('',#880,.T.);
#452=FACE_OUTER_BOUND('',#881,.T.);
#453=FACE_OUTER_BOUND('',#882,.T.);
#454=FACE_OUTER_BOUND('',#884,.T.);
#455=FACE_OUTER_BOUND('',#885,.T.);
#456=FACE_OUTER_BOUND('',#886,.T.);
#457=FACE_OUTER_BOUND('',#887,.T.);
#458=FACE_OUTER_BOUND('',#888,.T.);
#459=FACE_OUTER_BOUND('',#889,.T.);
#460=FACE_OUTER_BOUND('',#890,.T.);
#461=FACE_OUTER_BOUND('',#891,.T.);
#462=FACE_OUTER_BOUND('',#898,.T.);
#463=FACE_OUTER_BOUND('',#899,.T.);
#464=FACE_OUTER_BOUND('',#900,.T.);
#465=FACE_OUTER_BOUND('',#901,.T.);
#466=FACE_OUTER_BOUND('',#902,.T.);
#467=FACE_OUTER_BOUND('',#903,.T.);
#468=FACE_OUTER_BOUND('',#904,.T.);
#469=FACE_OUTER_BOUND('',#918,.T.);
#470=FACE_OUTER_BOUND('',#919,.T.);
#471=FACE_OUTER_BOUND('',#920,.T.);
#472=FACE_OUTER_BOUND('',#921,.T.);
#473=FACE_OUTER_BOUND('',#922,.T.);
#474=FACE_OUTER_BOUND('',#923,.T.);
#475=FACE_OUTER_BOUND('',#924,.T.);
#476=FACE_OUTER_BOUND('',#925,.T.);
#477=FACE_OUTER_BOUND('',#926,.T.);
#478=FACE_OUTER_BOUND('',#927,.T.);
#479=FACE_OUTER_BOUND('',#928,.T.);
#480=FACE_OUTER_BOUND('',#929,.T.);
#481=FACE_OUTER_BOUND('',#930,.T.);
#482=FACE_OUTER_BOUND('',#931,.T.);
#483=FACE_OUTER_BOUND('',#932,.T.);
#484=FACE_OUTER_BOUND('',#933,.T.);
#485=FACE_OUTER_BOUND('',#934,.T.);
#486=FACE_OUTER_BOUND('',#936,.T.);
#487=FACE_OUTER_BOUND('',#937,.T.);
#488=FACE_OUTER_BOUND('',#938,.T.);
#489=FACE_OUTER_BOUND('',#939,.T.);
#490=FACE_OUTER_BOUND('',#940,.T.);
#491=FACE_OUTER_BOUND('',#942,.T.);
#492=FACE_OUTER_BOUND('',#943,.T.);
#493=FACE_OUTER_BOUND('',#944,.T.);
#494=FACE_OUTER_BOUND('',#945,.T.);
#495=FACE_OUTER_BOUND('',#946,.T.);
#496=FACE_OUTER_BOUND('',#947,.T.);
#497=FACE_OUTER_BOUND('',#948,.T.);
#498=FACE_OUTER_BOUND('',#949,.T.);
#499=FACE_OUTER_BOUND('',#950,.T.);
#500=FACE_OUTER_BOUND('',#951,.T.);
#501=FACE_OUTER_BOUND('',#952,.T.);
#502=FACE_OUTER_BOUND('',#953,.T.);
#503=FACE_OUTER_BOUND('',#954,.T.);
#504=FACE_OUTER_BOUND('',#956,.T.);
#505=FACE_OUTER_BOUND('',#957,.T.);
#506=FACE_OUTER_BOUND('',#959,.T.);
#507=FACE_OUTER_BOUND('',#960,.T.);
#508=FACE_OUTER_BOUND('',#961,.T.);
#509=FACE_OUTER_BOUND('',#962,.T.);
#510=FACE_OUTER_BOUND('',#964,.T.);
#511=FACE_OUTER_BOUND('',#965,.T.);
#512=FACE_OUTER_BOUND('',#966,.T.);
#513=FACE_OUTER_BOUND('',#967,.T.);
#514=FACE_OUTER_BOUND('',#968,.T.);
#515=FACE_OUTER_BOUND('',#969,.T.);
#516=FACE_OUTER_BOUND('',#970,.T.);
#517=FACE_OUTER_BOUND('',#971,.T.);
#518=FACE_OUTER_BOUND('',#972,.T.);
#519=FACE_OUTER_BOUND('',#973,.T.);
#520=FACE_OUTER_BOUND('',#974,.T.);
#521=FACE_OUTER_BOUND('',#975,.T.);
#522=FACE_OUTER_BOUND('',#976,.T.);
#523=FACE_OUTER_BOUND('',#977,.T.);
#524=FACE_OUTER_BOUND('',#978,.T.);
#525=FACE_OUTER_BOUND('',#979,.T.);
#526=FACE_OUTER_BOUND('',#980,.T.);
#527=FACE_OUTER_BOUND('',#981,.T.);
#528=FACE_OUTER_BOUND('',#982,.T.);
#529=FACE_OUTER_BOUND('',#983,.T.);
#530=FACE_OUTER_BOUND('',#984,.T.);
#531=FACE_OUTER_BOUND('',#985,.T.);
#532=FACE_OUTER_BOUND('',#986,.T.);
#533=FACE_OUTER_BOUND('',#987,.T.);
#534=FACE_OUTER_BOUND('',#988,.T.);
#535=FACE_OUTER_BOUND('',#989,.T.);
#536=FACE_OUTER_BOUND('',#990,.T.);
#537=FACE_OUTER_BOUND('',#991,.T.);
#538=FACE_OUTER_BOUND('',#993,.T.);
#539=FACE_OUTER_BOUND('',#994,.T.);
#540=FACE_OUTER_BOUND('',#995,.T.);
#541=FACE_OUTER_BOUND('',#996,.T.);
#542=FACE_OUTER_BOUND('',#997,.T.);
#543=FACE_OUTER_BOUND('',#998,.T.);
#544=FACE_OUTER_BOUND('',#999,.T.);
#545=FACE_OUTER_BOUND('',#1000,.T.);
#546=FACE_OUTER_BOUND('',#1001,.T.);
#547=FACE_OUTER_BOUND('',#1002,.T.);
#548=FACE_OUTER_BOUND('',#1003,.T.);
#549=FACE_OUTER_BOUND('',#1004,.T.);
#550=FACE_OUTER_BOUND('',#1005,.T.);
#551=FACE_OUTER_BOUND('',#1006,.T.);
#552=FACE_OUTER_BOUND('',#1008,.T.);
#553=FACE_OUTER_BOUND('',#1009,.T.);
#554=FACE_OUTER_BOUND('',#1010,.T.);
#555=FACE_OUTER_BOUND('',#1011,.T.);
#556=FACE_OUTER_BOUND('',#1012,.T.);
#557=FACE_OUTER_BOUND('',#1014,.T.);
#558=FACE_OUTER_BOUND('',#1015,.T.);
#559=FACE_OUTER_BOUND('',#1016,.T.);
#560=FACE_OUTER_BOUND('',#1017,.T.);
#561=FACE_OUTER_BOUND('',#1018,.T.);
#562=FACE_OUTER_BOUND('',#1019,.T.);
#563=FACE_OUTER_BOUND('',#1020,.T.);
#564=FACE_OUTER_BOUND('',#1021,.T.);
#565=FACE_OUTER_BOUND('',#1023,.T.);
#566=FACE_OUTER_BOUND('',#1024,.T.);
#567=FACE_OUTER_BOUND('',#1025,.T.);
#568=FACE_OUTER_BOUND('',#1026,.T.);
#569=FACE_OUTER_BOUND('',#1027,.T.);
#570=FACE_OUTER_BOUND('',#1028,.T.);
#571=FACE_OUTER_BOUND('',#1029,.T.);
#572=FACE_OUTER_BOUND('',#1030,.T.);
#573=FACE_OUTER_BOUND('',#1031,.T.);
#574=FACE_OUTER_BOUND('',#1032,.T.);
#575=FACE_OUTER_BOUND('',#1033,.T.);
#576=FACE_OUTER_BOUND('',#1034,.T.);
#577=FACE_OUTER_BOUND('',#1035,.T.);
#578=FACE_OUTER_BOUND('',#1036,.T.);
#579=FACE_OUTER_BOUND('',#1037,.T.);
#580=FACE_OUTER_BOUND('',#1038,.T.);
#581=FACE_OUTER_BOUND('',#1039,.T.);
#582=FACE_OUTER_BOUND('',#1041,.T.);
#583=FACE_OUTER_BOUND('',#1042,.T.);
#584=FACE_OUTER_BOUND('',#1043,.T.);
#585=FACE_OUTER_BOUND('',#1045,.T.);
#586=FACE_OUTER_BOUND('',#1046,.T.);
#587=FACE_OUTER_BOUND('',#1047,.T.);
#588=FACE_OUTER_BOUND('',#1048,.T.);
#589=FACE_OUTER_BOUND('',#1049,.T.);
#590=FACE_OUTER_BOUND('',#1051,.T.);
#591=FACE_OUTER_BOUND('',#1052,.T.);
#592=FACE_OUTER_BOUND('',#1053,.T.);
#593=FACE_OUTER_BOUND('',#1054,.T.);
#594=FACE_OUTER_BOUND('',#1055,.T.);
#595=FACE_OUTER_BOUND('',#1056,.T.);
#596=FACE_OUTER_BOUND('',#1057,.T.);
#597=FACE_OUTER_BOUND('',#1058,.T.);
#598=FACE_OUTER_BOUND('',#1059,.T.);
#599=FACE_OUTER_BOUND('',#1060,.T.);
#600=FACE_OUTER_BOUND('',#1061,.T.);
#601=FACE_OUTER_BOUND('',#1062,.T.);
#602=FACE_OUTER_BOUND('',#1063,.T.);
#603=FACE_OUTER_BOUND('',#1064,.T.);
#604=FACE_OUTER_BOUND('',#1065,.T.);
#605=FACE_OUTER_BOUND('',#1066,.T.);
#606=FACE_OUTER_BOUND('',#1067,.T.);
#607=FACE_OUTER_BOUND('',#1068,.T.);
#608=FACE_OUTER_BOUND('',#1069,.T.);
#609=FACE_OUTER_BOUND('',#1070,.T.);
#610=FACE_OUTER_BOUND('',#1071,.T.);
#611=FACE_OUTER_BOUND('',#1072,.T.);
#612=FACE_OUTER_BOUND('',#1073,.T.);
#613=FACE_OUTER_BOUND('',#1075,.T.);
#614=FACE_OUTER_BOUND('',#1076,.T.);
#615=FACE_OUTER_BOUND('',#1077,.T.);
#616=FACE_OUTER_BOUND('',#1078,.T.);
#617=FACE_OUTER_BOUND('',#1079,.T.);
#618=FACE_OUTER_BOUND('',#1080,.T.);
#619=FACE_OUTER_BOUND('',#1081,.T.);
#620=FACE_OUTER_BOUND('',#1082,.T.);
#621=FACE_OUTER_BOUND('',#1083,.T.);
#622=FACE_OUTER_BOUND('',#1084,.T.);
#623=FACE_OUTER_BOUND('',#1085,.T.);
#624=FACE_OUTER_BOUND('',#1086,.T.);
#625=FACE_OUTER_BOUND('',#1087,.T.);
#626=FACE_OUTER_BOUND('',#1088,.T.);
#627=FACE_OUTER_BOUND('',#1089,.T.);
#628=FACE_OUTER_BOUND('',#1091,.T.);
#629=FACE_OUTER_BOUND('',#1092,.T.);
#630=FACE_OUTER_BOUND('',#1093,.T.);
#631=FACE_OUTER_BOUND('',#1094,.T.);
#632=FACE_OUTER_BOUND('',#1095,.T.);
#633=FACE_OUTER_BOUND('',#1096,.T.);
#634=FACE_OUTER_BOUND('',#1097,.T.);
#635=FACE_OUTER_BOUND('',#1098,.T.);
#636=FACE_OUTER_BOUND('',#1099,.T.);
#637=FACE_OUTER_BOUND('',#1100,.T.);
#638=FACE_OUTER_BOUND('',#1101,.T.);
#639=FACE_OUTER_BOUND('',#1102,.T.);
#640=FACE_OUTER_BOUND('',#1103,.T.);
#641=FACE_OUTER_BOUND('',#1105,.T.);
#642=FACE_OUTER_BOUND('',#1106,.T.);
#643=FACE_OUTER_BOUND('',#1107,.T.);
#644=FACE_OUTER_BOUND('',#1108,.T.);
#645=FACE_OUTER_BOUND('',#1109,.T.);
#646=FACE_OUTER_BOUND('',#1110,.T.);
#647=FACE_OUTER_BOUND('',#1111,.T.);
#648=FACE_OUTER_BOUND('',#1113,.T.);
#649=FACE_OUTER_BOUND('',#1114,.T.);
#650=FACE_OUTER_BOUND('',#1115,.T.);
#651=FACE_OUTER_BOUND('',#1116,.T.);
#652=FACE_OUTER_BOUND('',#1117,.T.);
#653=FACE_OUTER_BOUND('',#1119,.T.);
#654=FACE_OUTER_BOUND('',#1120,.T.);
#655=FACE_OUTER_BOUND('',#1121,.T.);
#656=FACE_OUTER_BOUND('',#1122,.T.);
#657=FACE_OUTER_BOUND('',#1124,.T.);
#658=FACE_OUTER_BOUND('',#1125,.T.);
#659=FACE_OUTER_BOUND('',#1126,.T.);
#660=FACE_OUTER_BOUND('',#1127,.T.);
#661=FACE_OUTER_BOUND('',#1128,.T.);
#662=FACE_OUTER_BOUND('',#1129,.T.);
#663=FACE_OUTER_BOUND('',#1131,.T.);
#664=FACE_OUTER_BOUND('',#1132,.T.);
#665=FACE_OUTER_BOUND('',#1133,.T.);
#666=FACE_OUTER_BOUND('',#1134,.T.);
#667=FACE_OUTER_BOUND('',#1135,.T.);
#668=FACE_OUTER_BOUND('',#1136,.T.);
#669=FACE_OUTER_BOUND('',#1137,.T.);
#670=FACE_OUTER_BOUND('',#1138,.T.);
#671=FACE_OUTER_BOUND('',#1139,.T.);
#672=FACE_OUTER_BOUND('',#1140,.T.);
#673=FACE_OUTER_BOUND('',#1141,.T.);
#674=FACE_OUTER_BOUND('',#1142,.T.);
#675=FACE_OUTER_BOUND('',#1143,.T.);
#676=FACE_OUTER_BOUND('',#1144,.T.);
#677=FACE_OUTER_BOUND('',#1145,.T.);
#678=FACE_OUTER_BOUND('',#1146,.T.);
#679=FACE_OUTER_BOUND('',#1148,.T.);
#680=FACE_OUTER_BOUND('',#1149,.T.);
#681=FACE_OUTER_BOUND('',#1150,.T.);
#682=FACE_OUTER_BOUND('',#1151,.T.);
#683=FACE_OUTER_BOUND('',#1152,.T.);
#684=FACE_OUTER_BOUND('',#1154,.T.);
#685=FACE_OUTER_BOUND('',#1155,.T.);
#686=FACE_OUTER_BOUND('',#1156,.T.);
#687=FACE_OUTER_BOUND('',#1157,.T.);
#688=FACE_OUTER_BOUND('',#1159,.T.);
#689=FACE_OUTER_BOUND('',#1160,.T.);
#690=FACE_OUTER_BOUND('',#1161,.T.);
#691=FACE_OUTER_BOUND('',#1162,.T.);
#692=FACE_OUTER_BOUND('',#1164,.T.);
#693=FACE_OUTER_BOUND('',#1165,.T.);
#694=FACE_OUTER_BOUND('',#1166,.T.);
#695=FACE_OUTER_BOUND('',#1167,.T.);
#696=FACE_OUTER_BOUND('',#1168,.T.);
#697=FACE_OUTER_BOUND('',#1169,.T.);
#698=FACE_OUTER_BOUND('',#1170,.T.);
#699=FACE_OUTER_BOUND('',#1171,.T.);
#700=FACE_OUTER_BOUND('',#1172,.T.);
#701=FACE_OUTER_BOUND('',#1173,.T.);
#702=FACE_OUTER_BOUND('',#1174,.T.);
#703=FACE_OUTER_BOUND('',#1175,.T.);
#704=FACE_OUTER_BOUND('',#1176,.T.);
#705=FACE_OUTER_BOUND('',#1177,.T.);
#706=FACE_OUTER_BOUND('',#1178,.T.);
#707=FACE_OUTER_BOUND('',#1179,.T.);
#708=FACE_OUTER_BOUND('',#1180,.T.);
#709=FACE_OUTER_BOUND('',#1181,.T.);
#710=FACE_OUTER_BOUND('',#1182,.T.);
#711=FACE_OUTER_BOUND('',#1183,.T.);
#712=FACE_OUTER_BOUND('',#1184,.T.);
#713=FACE_OUTER_BOUND('',#1185,.T.);
#714=FACE_OUTER_BOUND('',#1186,.T.);
#715=FACE_OUTER_BOUND('',#1187,.T.);
#716=FACE_OUTER_BOUND('',#1188,.T.);
#717=FACE_OUTER_BOUND('',#1189,.T.);
#718=FACE_OUTER_BOUND('',#1190,.T.);
#719=FACE_OUTER_BOUND('',#1191,.T.);
#720=FACE_OUTER_BOUND('',#1192,.T.);
#721=FACE_OUTER_BOUND('',#1193,.T.);
#722=FACE_OUTER_BOUND('',#1194,.T.);
#723=FACE_OUTER_BOUND('',#1195,.T.);
#724=FACE_OUTER_BOUND('',#1196,.T.);
#725=FACE_OUTER_BOUND('',#1197,.T.);
#726=FACE_OUTER_BOUND('',#1198,.T.);
#727=FACE_OUTER_BOUND('',#1199,.T.);
#728=FACE_OUTER_BOUND('',#1200,.T.);
#729=FACE_OUTER_BOUND('',#1201,.T.);
#730=FACE_OUTER_BOUND('',#1202,.T.);
#731=FACE_OUTER_BOUND('',#1203,.T.);
#732=FACE_OUTER_BOUND('',#1204,.T.);
#733=FACE_OUTER_BOUND('',#1206,.T.);
#734=FACE_OUTER_BOUND('',#1207,.T.);
#735=FACE_OUTER_BOUND('',#1208,.T.);
#736=FACE_OUTER_BOUND('',#1209,.T.);
#737=FACE_OUTER_BOUND('',#1210,.T.);
#738=FACE_OUTER_BOUND('',#1211,.T.);
#739=FACE_OUTER_BOUND('',#1212,.T.);
#740=FACE_OUTER_BOUND('',#1213,.T.);
#741=FACE_OUTER_BOUND('',#1214,.T.);
#742=FACE_OUTER_BOUND('',#1215,.T.);
#743=FACE_OUTER_BOUND('',#1216,.T.);
#744=FACE_OUTER_BOUND('',#1217,.T.);
#745=FACE_OUTER_BOUND('',#1218,.T.);
#746=FACE_OUTER_BOUND('',#1219,.T.);
#747=FACE_OUTER_BOUND('',#1220,.T.);
#748=FACE_OUTER_BOUND('',#1221,.T.);
#749=FACE_OUTER_BOUND('',#1222,.T.);
#750=FACE_OUTER_BOUND('',#1223,.T.);
#751=FACE_OUTER_BOUND('',#1224,.T.);
#752=FACE_OUTER_BOUND('',#1225,.T.);
#753=FACE_OUTER_BOUND('',#1226,.T.);
#754=FACE_OUTER_BOUND('',#1227,.T.);
#755=FACE_OUTER_BOUND('',#1228,.T.);
#756=FACE_OUTER_BOUND('',#1229,.T.);
#757=FACE_OUTER_BOUND('',#1230,.T.);
#758=FACE_OUTER_BOUND('',#1231,.T.);
#759=FACE_OUTER_BOUND('',#1232,.T.);
#760=FACE_OUTER_BOUND('',#1233,.T.);
#761=FACE_OUTER_BOUND('',#1235,.T.);
#762=FACE_OUTER_BOUND('',#1236,.T.);
#763=FACE_OUTER_BOUND('',#1237,.T.);
#764=FACE_OUTER_BOUND('',#1238,.T.);
#765=FACE_OUTER_BOUND('',#1240,.T.);
#766=FACE_OUTER_BOUND('',#1241,.T.);
#767=FACE_OUTER_BOUND('',#1242,.T.);
#768=FACE_OUTER_BOUND('',#1243,.T.);
#769=FACE_OUTER_BOUND('',#1244,.T.);
#770=FACE_OUTER_BOUND('',#1245,.T.);
#771=FACE_OUTER_BOUND('',#1246,.T.);
#772=FACE_OUTER_BOUND('',#1247,.T.);
#773=FACE_OUTER_BOUND('',#1248,.T.);
#774=FACE_OUTER_BOUND('',#1249,.T.);
#775=FACE_OUTER_BOUND('',#1250,.T.);
#776=FACE_OUTER_BOUND('',#1251,.T.);
#777=FACE_OUTER_BOUND('',#1252,.T.);
#778=FACE_OUTER_BOUND('',#1253,.T.);
#779=FACE_OUTER_BOUND('',#1254,.T.);
#780=FACE_OUTER_BOUND('',#1255,.T.);
#781=FACE_OUTER_BOUND('',#1256,.T.);
#782=FACE_OUTER_BOUND('',#1258,.T.);
#783=FACE_OUTER_BOUND('',#1259,.T.);
#784=FACE_OUTER_BOUND('',#1260,.T.);
#785=FACE_OUTER_BOUND('',#1261,.T.);
#786=FACE_OUTER_BOUND('',#1262,.T.);
#787=FACE_OUTER_BOUND('',#1263,.T.);
#788=FACE_OUTER_BOUND('',#1264,.T.);
#789=FACE_OUTER_BOUND('',#1265,.T.);
#790=FACE_OUTER_BOUND('',#1266,.T.);
#791=FACE_OUTER_BOUND('',#1267,.T.);
#792=FACE_OUTER_BOUND('',#1268,.T.);
#793=FACE_OUTER_BOUND('',#1269,.T.);
#794=FACE_OUTER_BOUND('',#1270,.T.);
#795=FACE_OUTER_BOUND('',#1271,.T.);
#796=FACE_OUTER_BOUND('',#1272,.T.);
#797=FACE_OUTER_BOUND('',#1273,.T.);
#798=FACE_OUTER_BOUND('',#1274,.T.);
#799=FACE_OUTER_BOUND('',#1275,.T.);
#800=FACE_OUTER_BOUND('',#1276,.T.);
#801=FACE_OUTER_BOUND('',#1277,.T.);
#802=FACE_OUTER_BOUND('',#1278,.T.);
#803=FACE_OUTER_BOUND('',#1279,.T.);
#804=FACE_OUTER_BOUND('',#1280,.T.);
#805=FACE_OUTER_BOUND('',#1281,.T.);
#806=FACE_OUTER_BOUND('',#1282,.T.);
#807=FACE_OUTER_BOUND('',#1283,.T.);
#808=FACE_OUTER_BOUND('',#1284,.T.);
#809=FACE_OUTER_BOUND('',#1285,.T.);
#810=FACE_OUTER_BOUND('',#1286,.T.);
#811=FACE_OUTER_BOUND('',#1287,.T.);
#812=FACE_OUTER_BOUND('',#1288,.T.);
#813=FACE_OUTER_BOUND('',#1289,.T.);
#814=FACE_OUTER_BOUND('',#1290,.T.);
#815=FACE_OUTER_BOUND('',#1291,.T.);
#816=FACE_OUTER_BOUND('',#1292,.T.);
#817=FACE_OUTER_BOUND('',#1293,.T.);
#818=FACE_OUTER_BOUND('',#1294,.T.);
#819=FACE_OUTER_BOUND('',#1295,.T.);
#820=FACE_OUTER_BOUND('',#1296,.T.);
#821=FACE_OUTER_BOUND('',#1297,.T.);
#822=FACE_OUTER_BOUND('',#1298,.T.);
#823=FACE_OUTER_BOUND('',#1299,.T.);
#824=FACE_OUTER_BOUND('',#1300,.T.);
#825=FACE_OUTER_BOUND('',#1301,.T.);
#826=FACE_OUTER_BOUND('',#1302,.T.);
#827=FACE_OUTER_BOUND('',#1303,.T.);
#828=FACE_OUTER_BOUND('',#1304,.T.);
#829=FACE_OUTER_BOUND('',#1305,.T.);
#830=FACE_OUTER_BOUND('',#1306,.T.);
#831=FACE_OUTER_BOUND('',#1307,.T.);
#832=FACE_OUTER_BOUND('',#1308,.T.);
#833=FACE_OUTER_BOUND('',#1309,.T.);
#834=FACE_OUTER_BOUND('',#1310,.T.);
#835=FACE_OUTER_BOUND('',#1311,.T.);
#836=FACE_OUTER_BOUND('',#1313,.T.);
#837=FACE_OUTER_BOUND('',#1314,.T.);
#838=FACE_OUTER_BOUND('',#1315,.T.);
#839=FACE_OUTER_BOUND('',#1316,.T.);
#840=FACE_OUTER_BOUND('',#1317,.T.);
#841=FACE_OUTER_BOUND('',#1318,.T.);
#842=FACE_OUTER_BOUND('',#1319,.T.);
#843=FACE_OUTER_BOUND('',#1320,.T.);
#844=FACE_OUTER_BOUND('',#1321,.T.);
#845=FACE_OUTER_BOUND('',#1322,.T.);
#846=FACE_OUTER_BOUND('',#1323,.T.);
#847=FACE_OUTER_BOUND('',#1324,.T.);
#848=FACE_OUTER_BOUND('',#1325,.T.);
#849=FACE_OUTER_BOUND('',#1326,.T.);
#850=FACE_OUTER_BOUND('',#1327,.T.);
#851=FACE_OUTER_BOUND('',#1328,.T.);
#852=FACE_OUTER_BOUND('',#1329,.T.);
#853=FACE_OUTER_BOUND('',#1330,.T.);
#854=FACE_OUTER_BOUND('',#1331,.T.);
#855=FACE_OUTER_BOUND('',#1332,.T.);
#856=FACE_OUTER_BOUND('',#1333,.T.);
#857=FACE_OUTER_BOUND('',#1334,.T.);
#858=FACE_OUTER_BOUND('',#1335,.T.);
#859=FACE_OUTER_BOUND('',#1336,.T.);
#860=FACE_OUTER_BOUND('',#1337,.T.);
#861=FACE_OUTER_BOUND('',#1338,.T.);
#862=FACE_OUTER_BOUND('',#1339,.T.);
#863=FACE_OUTER_BOUND('',#1340,.T.);
#864=FACE_OUTER_BOUND('',#1341,.T.);
#865=FACE_OUTER_BOUND('',#1342,.T.);
#866=FACE_OUTER_BOUND('',#1343,.T.);
#867=FACE_OUTER_BOUND('',#1344,.T.);
#868=FACE_OUTER_BOUND('',#1345,.T.);
#869=FACE_OUTER_BOUND('',#1346,.T.);
#870=FACE_OUTER_BOUND('',#1347,.T.);
#871=FACE_OUTER_BOUND('',#1348,.T.);
#872=FACE_OUTER_BOUND('',#1349,.T.);
#873=FACE_OUTER_BOUND('',#1350,.T.);
#874=FACE_OUTER_BOUND('',#1351,.T.);
#875=EDGE_LOOP('',(#5317,#5318,#5319,#5320,#5321,#5322,#5323,#5324));
#876=EDGE_LOOP('',(#5325));
#877=EDGE_LOOP('',(#5326,#5327,#5328));
#878=EDGE_LOOP('',(#5329,#5330,#5331,#5332));
#879=EDGE_LOOP('',(#5333,#5334,#5335,#5336,#5337,#5338));
#880=EDGE_LOOP('',(#5339,#5340,#5341,#5342,#5343,#5344,#5345,#5346,#5347,
#5348,#5349,#5350,#5351,#5352,#5353,#5354,#5355,#5356,#5357,#5358,#5359,
#5360,#5361,#5362));
#881=EDGE_LOOP('',(#5363,#5364,#5365,#5366,#5367,#5368));
#882=EDGE_LOOP('',(#5369,#5370,#5371,#5372,#5373,#5374,#5375,#5376,#5377,
#5378,#5379,#5380,#5381,#5382,#5383,#5384,#5385,#5386,#5387,#5388,#5389,
#5390));
#883=EDGE_LOOP('',(#5391));
#884=EDGE_LOOP('',(#5392,#5393,#5394,#5395,#5396));
#885=EDGE_LOOP('',(#5397,#5398,#5399,#5400,#5401));
#886=EDGE_LOOP('',(#5402,#5403,#5404,#5405,#5406));
#887=EDGE_LOOP('',(#5407,#5408,#5409,#5410,#5411));
#888=EDGE_LOOP('',(#5412,#5413,#5414,#5415,#5416));
#889=EDGE_LOOP('',(#5417,#5418,#5419,#5420));
#890=EDGE_LOOP('',(#5421,#5422,#5423,#5424));
#891=EDGE_LOOP('',(#5425,#5426,#5427,#5428,#5429,#5430,#5431,#5432,#5433,
#5434,#5435,#5436,#5437,#5438,#5439,#5440,#5441,#5442,#5443,#5444,#5445,
#5446,#5447,#5448,#5449,#5450,#5451,#5452,#5453,#5454,#5455,#5456,#5457,
#5458,#5459,#5460,#5461,#5462,#5463,#5464,#5465,#5466,#5467,#5468,#5469,
#5470,#5471,#5472,#5473,#5474,#5475,#5476,#5477,#5478,#5479,#5480,#5481,
#5482,#5483,#5484,#5485,#5486,#5487,#5488,#5489,#5490,#5491,#5492,#5493,
#5494,#5495));
#892=EDGE_LOOP('',(#5496));
#893=EDGE_LOOP('',(#5497));
#894=EDGE_LOOP('',(#5498,#5499,#5500,#5501,#5502,#5503,#5504));
#895=EDGE_LOOP('',(#5505,#5506,#5507,#5508));
#896=EDGE_LOOP('',(#5509,#5510,#5511,#5512,#5513,#5514,#5515));
#897=EDGE_LOOP('',(#5516,#5517,#5518,#5519,#5520,#5521,#5522,#5523));
#898=EDGE_LOOP('',(#5524,#5525,#5526,#5527,#5528,#5529));
#899=EDGE_LOOP('',(#5530,#5531,#5532,#5533,#5534,#5535));
#900=EDGE_LOOP('',(#5536,#5537,#5538,#5539,#5540,#5541,#5542));
#901=EDGE_LOOP('',(#5543,#5544,#5545,#5546,#5547,#5548,#5549,#5550,#5551,
#5552,#5553,#5554,#5555));
#902=EDGE_LOOP('',(#5556,#5557,#5558,#5559,#5560,#5561,#5562,#5563,#5564,
#5565,#5566,#5567,#5568,#5569,#5570));
#903=EDGE_LOOP('',(#5571,#5572,#5573,#5574));
#904=EDGE_LOOP('',(#5575,#5576,#5577,#5578,#5579,#5580,#5581,#5582,#5583,
#5584,#5585,#5586,#5587,#5588,#5589,#5590,#5591,#5592,#5593,#5594,#5595,
#5596,#5597,#5598,#5599,#5600,#5601,#5602,#5603,#5604,#5605,#5606,#5607,
#5608,#5609,#5610,#5611,#5612,#5613,#5614));
#905=EDGE_LOOP('',(#5615,#5616,#5617,#5618,#5619,#5620));
#906=EDGE_LOOP('',(#5621));
#907=EDGE_LOOP('',(#5622));
#908=EDGE_LOOP('',(#5623));
#909=EDGE_LOOP('',(#5624,#5625,#5626,#5627));
#910=EDGE_LOOP('',(#5628,#5629,#5630,#5631,#5632,#5633,#5634,#5635,#5636,
#5637));
#911=EDGE_LOOP('',(#5638,#5639,#5640,#5641));
#912=EDGE_LOOP('',(#5642,#5643,#5644,#5645));
#913=EDGE_LOOP('',(#5646,#5647,#5648,#5649,#5650,#5651,#5652,#5653,#5654,
#5655));
#914=EDGE_LOOP('',(#5656));
#915=EDGE_LOOP('',(#5657,#5658,#5659,#5660));
#916=EDGE_LOOP('',(#5661,#5662,#5663,#5664));
#917=EDGE_LOOP('',(#5665));
#918=EDGE_LOOP('',(#5666,#5667,#5668,#5669));
#919=EDGE_LOOP('',(#5670,#5671,#5672,#5673,#5674,#5675));
#920=EDGE_LOOP('',(#5676,#5677,#5678,#5679,#5680,#5681));
#921=EDGE_LOOP('',(#5682,#5683,#5684,#5685,#5686,#5687,#5688,#5689));
#922=EDGE_LOOP('',(#5690,#5691,#5692));
#923=EDGE_LOOP('',(#5693,#5694,#5695,#5696,#5697,#5698));
#924=EDGE_LOOP('',(#5699,#5700,#5701,#5702,#5703,#5704,#5705));
#925=EDGE_LOOP('',(#5706,#5707,#5708,#5709,#5710));
#926=EDGE_LOOP('',(#5711,#5712,#5713,#5714,#5715));
#927=EDGE_LOOP('',(#5716,#5717,#5718,#5719,#5720,#5721));
#928=EDGE_LOOP('',(#5722,#5723,#5724));
#929=EDGE_LOOP('',(#5725,#5726,#5727,#5728));
#930=EDGE_LOOP('',(#5729,#5730,#5731,#5732,#5733));
#931=EDGE_LOOP('',(#5734,#5735,#5736,#5737,#5738,#5739));
#932=EDGE_LOOP('',(#5740,#5741,#5742,#5743));
#933=EDGE_LOOP('',(#5744,#5745,#5746,#5747,#5748));
#934=EDGE_LOOP('',(#5749,#5750,#5751,#5752,#5753));
#935=EDGE_LOOP('',(#5754));
#936=EDGE_LOOP('',(#5755,#5756,#5757,#5758));
#937=EDGE_LOOP('',(#5759,#5760,#5761,#5762));
#938=EDGE_LOOP('',(#5763,#5764,#5765,#5766));
#939=EDGE_LOOP('',(#5767,#5768,#5769,#5770));
#940=EDGE_LOOP('',(#5771,#5772,#5773,#5774,#5775));
#941=EDGE_LOOP('',(#5776));
#942=EDGE_LOOP('',(#5777,#5778,#5779,#5780));
#943=EDGE_LOOP('',(#5781,#5782,#5783,#5784));
#944=EDGE_LOOP('',(#5785,#5786,#5787,#5788));
#945=EDGE_LOOP('',(#5789,#5790,#5791,#5792));
#946=EDGE_LOOP('',(#5793,#5794,#5795,#5796));
#947=EDGE_LOOP('',(#5797,#5798,#5799,#5800));
#948=EDGE_LOOP('',(#5801,#5802,#5803,#5804));
#949=EDGE_LOOP('',(#5805,#5806,#5807,#5808));
#950=EDGE_LOOP('',(#5809,#5810,#5811,#5812));
#951=EDGE_LOOP('',(#5813,#5814,#5815,#5816));
#952=EDGE_LOOP('',(#5817,#5818,#5819,#5820));
#953=EDGE_LOOP('',(#5821,#5822,#5823,#5824));
#954=EDGE_LOOP('',(#5825,#5826,#5827,#5828,#5829,#5830));
#955=EDGE_LOOP('',(#5831));
#956=EDGE_LOOP('',(#5832,#5833,#5834,#5835));
#957=EDGE_LOOP('',(#5836));
#958=EDGE_LOOP('',(#5837));
#959=EDGE_LOOP('',(#5838,#5839,#5840,#5841));
#960=EDGE_LOOP('',(#5842,#5843,#5844,#5845));
#961=EDGE_LOOP('',(#5846,#5847,#5848,#5849));
#962=EDGE_LOOP('',(#5850));
#963=EDGE_LOOP('',(#5851));
#964=EDGE_LOOP('',(#5852,#5853,#5854,#5855));
#965=EDGE_LOOP('',(#5856,#5857,#5858,#5859));
#966=EDGE_LOOP('',(#5860,#5861,#5862,#5863,#5864));
#967=EDGE_LOOP('',(#5865,#5866,#5867,#5868,#5869));
#968=EDGE_LOOP('',(#5870,#5871,#5872,#5873));
#969=EDGE_LOOP('',(#5874,#5875,#5876,#5877,#5878));
#970=EDGE_LOOP('',(#5879,#5880,#5881,#5882,#5883));
#971=EDGE_LOOP('',(#5884,#5885,#5886,#5887));
#972=EDGE_LOOP('',(#5888,#5889,#5890,#5891));
#973=EDGE_LOOP('',(#5892,#5893,#5894,#5895,#5896));
#974=EDGE_LOOP('',(#5897,#5898,#5899,#5900,#5901));
#975=EDGE_LOOP('',(#5902,#5903,#5904,#5905));
#976=EDGE_LOOP('',(#5906,#5907,#5908,#5909));
#977=EDGE_LOOP('',(#5910,#5911,#5912,#5913,#5914,#5915,#5916,#5917,#5918));
#978=EDGE_LOOP('',(#5919,#5920,#5921,#5922));
#979=EDGE_LOOP('',(#5923,#5924,#5925,#5926));
#980=EDGE_LOOP('',(#5927,#5928,#5929,#5930,#5931));
#981=EDGE_LOOP('',(#5932,#5933,#5934,#5935));
#982=EDGE_LOOP('',(#5936,#5937,#5938,#5939));
#983=EDGE_LOOP('',(#5940,#5941,#5942,#5943));
#984=EDGE_LOOP('',(#5944,#5945,#5946,#5947,#5948));
#985=EDGE_LOOP('',(#5949,#5950,#5951,#5952));
#986=EDGE_LOOP('',(#5953,#5954,#5955,#5956));
#987=EDGE_LOOP('',(#5957,#5958,#5959,#5960,#5961,#5962,#5963,#5964,#5965));
#988=EDGE_LOOP('',(#5966,#5967,#5968,#5969));
#989=EDGE_LOOP('',(#5970,#5971,#5972,#5973,#5974,#5975,#5976,#5977));
#990=EDGE_LOOP('',(#5978,#5979,#5980,#5981,#5982));
#991=EDGE_LOOP('',(#5983,#5984,#5985,#5986,#5987,#5988));
#992=EDGE_LOOP('',(#5989,#5990,#5991,#5992,#5993,#5994));
#993=EDGE_LOOP('',(#5995,#5996,#5997,#5998,#5999));
#994=EDGE_LOOP('',(#6000,#6001,#6002,#6003,#6004,#6005,#6006,#6007));
#995=EDGE_LOOP('',(#6008,#6009,#6010));
#996=EDGE_LOOP('',(#6011,#6012));
#997=EDGE_LOOP('',(#6013,#6014,#6015,#6016));
#998=EDGE_LOOP('',(#6017,#6018,#6019,#6020));
#999=EDGE_LOOP('',(#6021,#6022,#6023,#6024,#6025));
#1000=EDGE_LOOP('',(#6026,#6027,#6028,#6029,#6030));
#1001=EDGE_LOOP('',(#6031,#6032,#6033,#6034,#6035));
#1002=EDGE_LOOP('',(#6036,#6037,#6038,#6039,#6040,#6041,#6042));
#1003=EDGE_LOOP('',(#6043,#6044,#6045));
#1004=EDGE_LOOP('',(#6046));
#1005=EDGE_LOOP('',(#6047,#6048,#6049,#6050,#6051));
#1006=EDGE_LOOP('',(#6052,#6053,#6054,#6055,#6056,#6057,#6058,#6059,#6060));
#1007=EDGE_LOOP('',(#6061));
#1008=EDGE_LOOP('',(#6062,#6063,#6064,#6065,#6066,#6067,#6068,#6069));
#1009=EDGE_LOOP('',(#6070,#6071,#6072));
#1010=EDGE_LOOP('',(#6073,#6074,#6075,#6076,#6077,#6078,#6079,#6080,#6081,
#6082,#6083));
#1011=EDGE_LOOP('',(#6084,#6085,#6086,#6087));
#1012=EDGE_LOOP('',(#6088));
#1013=EDGE_LOOP('',(#6089));
#1014=EDGE_LOOP('',(#6090,#6091,#6092,#6093));
#1015=EDGE_LOOP('',(#6094,#6095,#6096,#6097,#6098,#6099));
#1016=EDGE_LOOP('',(#6100,#6101,#6102,#6103));
#1017=EDGE_LOOP('',(#6104,#6105,#6106,#6107,#6108,#6109));
#1018=EDGE_LOOP('',(#6110,#6111,#6112,#6113,#6114,#6115,#6116,#6117,#6118));
#1019=EDGE_LOOP('',(#6119));
#1020=EDGE_LOOP('',(#6120,#6121,#6122,#6123));
#1021=EDGE_LOOP('',(#6124,#6125));
#1022=EDGE_LOOP('',(#6126));
#1023=EDGE_LOOP('',(#6127,#6128,#6129,#6130,#6131,#6132,#6133,#6134,#6135,
#6136,#6137,#6138,#6139,#6140,#6141,#6142,#6143,#6144,#6145,#6146,#6147,
#6148,#6149,#6150,#6151,#6152,#6153,#6154,#6155,#6156,#6157,#6158,#6159,
#6160,#6161,#6162,#6163));
#1024=EDGE_LOOP('',(#6164,#6165,#6166,#6167));
#1025=EDGE_LOOP('',(#6168,#6169,#6170,#6171,#6172,#6173,#6174));
#1026=EDGE_LOOP('',(#6175,#6176,#6177,#6178,#6179));
#1027=EDGE_LOOP('',(#6180,#6181,#6182,#6183,#6184,#6185,#6186,#6187,#6188));
#1028=EDGE_LOOP('',(#6189,#6190,#6191,#6192,#6193,#6194,#6195,#6196));
#1029=EDGE_LOOP('',(#6197,#6198,#6199,#6200));
#1030=EDGE_LOOP('',(#6201,#6202,#6203,#6204));
#1031=EDGE_LOOP('',(#6205,#6206,#6207,#6208));
#1032=EDGE_LOOP('',(#6209,#6210,#6211,#6212,#6213));
#1033=EDGE_LOOP('',(#6214,#6215,#6216,#6217));
#1034=EDGE_LOOP('',(#6218,#6219,#6220,#6221,#6222));
#1035=EDGE_LOOP('',(#6223,#6224,#6225,#6226,#6227,#6228,#6229,#6230,#6231));
#1036=EDGE_LOOP('',(#6232,#6233,#6234,#6235,#6236,#6237));
#1037=EDGE_LOOP('',(#6238,#6239,#6240));
#1038=EDGE_LOOP('',(#6241,#6242,#6243,#6244,#6245,#6246,#6247,#6248,#6249,
#6250,#6251));
#1039=EDGE_LOOP('',(#6252,#6253,#6254,#6255,#6256,#6257,#6258,#6259,#6260));
#1040=EDGE_LOOP('',(#6261));
#1041=EDGE_LOOP('',(#6262,#6263,#6264,#6265,#6266,#6267,#6268,#6269));
#1042=EDGE_LOOP('',(#6270,#6271,#6272,#6273));
#1043=EDGE_LOOP('',(#6274));
#1044=EDGE_LOOP('',(#6275));
#1045=EDGE_LOOP('',(#6276,#6277,#6278,#6279));
#1046=EDGE_LOOP('',(#6280,#6281,#6282,#6283,#6284,#6285));
#1047=EDGE_LOOP('',(#6286));
#1048=EDGE_LOOP('',(#6287,#6288,#6289,#6290));
#1049=EDGE_LOOP('',(#6291,#6292,#6293));
#1050=EDGE_LOOP('',(#6294));
#1051=EDGE_LOOP('',(#6295,#6296,#6297,#6298,#6299,#6300,#6301,#6302,#6303));
#1052=EDGE_LOOP('',(#6304,#6305,#6306,#6307));
#1053=EDGE_LOOP('',(#6308,#6309,#6310,#6311,#6312,#6313));
#1054=EDGE_LOOP('',(#6314,#6315,#6316,#6317));
#1055=EDGE_LOOP('',(#6318,#6319,#6320,#6321));
#1056=EDGE_LOOP('',(#6322,#6323,#6324,#6325));
#1057=EDGE_LOOP('',(#6326,#6327,#6328,#6329,#6330,#6331,#6332));
#1058=EDGE_LOOP('',(#6333,#6334,#6335,#6336));
#1059=EDGE_LOOP('',(#6337,#6338,#6339,#6340));
#1060=EDGE_LOOP('',(#6341,#6342,#6343,#6344));
#1061=EDGE_LOOP('',(#6345,#6346,#6347,#6348,#6349));
#1062=EDGE_LOOP('',(#6350,#6351,#6352,#6353,#6354,#6355,#6356,#6357,#6358));
#1063=EDGE_LOOP('',(#6359,#6360,#6361,#6362));
#1064=EDGE_LOOP('',(#6363,#6364,#6365,#6366));
#1065=EDGE_LOOP('',(#6367,#6368,#6369,#6370));
#1066=EDGE_LOOP('',(#6371,#6372,#6373,#6374));
#1067=EDGE_LOOP('',(#6375,#6376,#6377,#6378));
#1068=EDGE_LOOP('',(#6379,#6380,#6381,#6382));
#1069=EDGE_LOOP('',(#6383,#6384,#6385,#6386));
#1070=EDGE_LOOP('',(#6387,#6388,#6389,#6390));
#1071=EDGE_LOOP('',(#6391,#6392,#6393,#6394));
#1072=EDGE_LOOP('',(#6395,#6396,#6397,#6398));
#1073=EDGE_LOOP('',(#6399,#6400,#6401,#6402,#6403,#6404));
#1074=EDGE_LOOP('',(#6405));
#1075=EDGE_LOOP('',(#6406,#6407,#6408,#6409));
#1076=EDGE_LOOP('',(#6410,#6411,#6412,#6413));
#1077=EDGE_LOOP('',(#6414,#6415,#6416,#6417));
#1078=EDGE_LOOP('',(#6418,#6419,#6420,#6421));
#1079=EDGE_LOOP('',(#6422,#6423,#6424,#6425));
#1080=EDGE_LOOP('',(#6426,#6427,#6428,#6429));
#1081=EDGE_LOOP('',(#6430,#6431,#6432,#6433));
#1082=EDGE_LOOP('',(#6434,#6435,#6436,#6437));
#1083=EDGE_LOOP('',(#6438,#6439,#6440,#6441));
#1084=EDGE_LOOP('',(#6442,#6443,#6444,#6445));
#1085=EDGE_LOOP('',(#6446,#6447,#6448,#6449));
#1086=EDGE_LOOP('',(#6450,#6451,#6452,#6453));
#1087=EDGE_LOOP('',(#6454,#6455,#6456,#6457));
#1088=EDGE_LOOP('',(#6458,#6459,#6460,#6461));
#1089=EDGE_LOOP('',(#6462,#6463,#6464,#6465,#6466,#6467));
#1090=EDGE_LOOP('',(#6468));
#1091=EDGE_LOOP('',(#6469,#6470,#6471,#6472,#6473,#6474,#6475,#6476));
#1092=EDGE_LOOP('',(#6477,#6478,#6479,#6480,#6481,#6482,#6483,#6484,#6485));
#1093=EDGE_LOOP('',(#6486,#6487,#6488,#6489,#6490,#6491,#6492,#6493,#6494));
#1094=EDGE_LOOP('',(#6495,#6496,#6497,#6498,#6499));
#1095=EDGE_LOOP('',(#6500,#6501));
#1096=EDGE_LOOP('',(#6502,#6503,#6504,#6505,#6506));
#1097=EDGE_LOOP('',(#6507,#6508,#6509,#6510));
#1098=EDGE_LOOP('',(#6511,#6512,#6513,#6514,#6515));
#1099=EDGE_LOOP('',(#6516,#6517,#6518,#6519,#6520));
#1100=EDGE_LOOP('',(#6521,#6522,#6523,#6524,#6525));
#1101=EDGE_LOOP('',(#6526));
#1102=EDGE_LOOP('',(#6527,#6528,#6529,#6530));
#1103=EDGE_LOOP('',(#6531));
#1104=EDGE_LOOP('',(#6532));
#1105=EDGE_LOOP('',(#6533,#6534,#6535,#6536));
#1106=EDGE_LOOP('',(#6537,#6538,#6539,#6540));
#1107=EDGE_LOOP('',(#6541,#6542,#6543,#6544,#6545));
#1108=EDGE_LOOP('',(#6546,#6547,#6548,#6549,#6550));
#1109=EDGE_LOOP('',(#6551,#6552));
#1110=EDGE_LOOP('',(#6553,#6554,#6555,#6556,#6557));
#1111=EDGE_LOOP('',(#6558,#6559,#6560,#6561,#6562,#6563,#6564,#6565,#6566,
#6567,#6568,#6569,#6570,#6571,#6572));
#1112=EDGE_LOOP('',(#6573,#6574,#6575,#6576,#6577,#6578));
#1113=EDGE_LOOP('',(#6579));
#1114=EDGE_LOOP('',(#6580));
#1115=EDGE_LOOP('',(#6581,#6582,#6583,#6584));
#1116=EDGE_LOOP('',(#6585,#6586,#6587,#6588));
#1117=EDGE_LOOP('',(#6589));
#1118=EDGE_LOOP('',(#6590));
#1119=EDGE_LOOP('',(#6591,#6592,#6593,#6594,#6595,#6596));
#1120=EDGE_LOOP('',(#6597,#6598,#6599,#6600));
#1121=EDGE_LOOP('',(#6601,#6602,#6603,#6604));
#1122=EDGE_LOOP('',(#6605));
#1123=EDGE_LOOP('',(#6606));
#1124=EDGE_LOOP('',(#6607,#6608,#6609,#6610));
#1125=EDGE_LOOP('',(#6611,#6612,#6613,#6614));
#1126=EDGE_LOOP('',(#6615,#6616,#6617,#6618));
#1127=EDGE_LOOP('',(#6619,#6620,#6621,#6622));
#1128=EDGE_LOOP('',(#6623,#6624,#6625,#6626,#6627,#6628,#6629));
#1129=EDGE_LOOP('',(#6630,#6631,#6632,#6633,#6634,#6635,#6636,#6637,#6638,
#6639,#6640,#6641));
#1130=EDGE_LOOP('',(#6642,#6643));
#1131=EDGE_LOOP('',(#6644,#6645,#6646,#6647));
#1132=EDGE_LOOP('',(#6648,#6649,#6650,#6651));
#1133=EDGE_LOOP('',(#6652,#6653,#6654,#6655));
#1134=EDGE_LOOP('',(#6656,#6657,#6658,#6659));
#1135=EDGE_LOOP('',(#6660,#6661,#6662,#6663));
#1136=EDGE_LOOP('',(#6664,#6665,#6666,#6667));
#1137=EDGE_LOOP('',(#6668,#6669,#6670,#6671));
#1138=EDGE_LOOP('',(#6672,#6673,#6674,#6675));
#1139=EDGE_LOOP('',(#6676,#6677,#6678,#6679,#6680));
#1140=EDGE_LOOP('',(#6681,#6682,#6683,#6684));
#1141=EDGE_LOOP('',(#6685,#6686,#6687,#6688));
#1142=EDGE_LOOP('',(#6689,#6690,#6691,#6692,#6693));
#1143=EDGE_LOOP('',(#6694,#6695,#6696,#6697));
#1144=EDGE_LOOP('',(#6698,#6699,#6700,#6701));
#1145=EDGE_LOOP('',(#6702,#6703,#6704,#6705,#6706,#6707));
#1146=EDGE_LOOP('',(#6708,#6709,#6710,#6711,#6712,#6713));
#1147=EDGE_LOOP('',(#6714));
#1148=EDGE_LOOP('',(#6715,#6716,#6717,#6718));
#1149=EDGE_LOOP('',(#6719,#6720,#6721,#6722,#6723,#6724,#6725,#6726));
#1150=EDGE_LOOP('',(#6727,#6728,#6729,#6730,#6731,#6732,#6733,#6734,#6735,
#6736,#6737,#6738));
#1151=EDGE_LOOP('',(#6739,#6740,#6741,#6742));
#1152=EDGE_LOOP('',(#6743,#6744,#6745,#6746,#6747,#6748));
#1153=EDGE_LOOP('',(#6749));
#1154=EDGE_LOOP('',(#6750,#6751,#6752,#6753,#6754,#6755,#6756));
#1155=EDGE_LOOP('',(#6757,#6758,#6759,#6760,#6761));
#1156=EDGE_LOOP('',(#6762,#6763,#6764,#6765,#6766));
#1157=EDGE_LOOP('',(#6767,#6768,#6769,#6770,#6771,#6772,#6773,#6774,#6775,
#6776,#6777,#6778));
#1158=EDGE_LOOP('',(#6779));
#1159=EDGE_LOOP('',(#6780,#6781,#6782,#6783,#6784,#6785,#6786,#6787,#6788,
#6789,#6790,#6791,#6792));
#1160=EDGE_LOOP('',(#6793,#6794,#6795,#6796));
#1161=EDGE_LOOP('',(#6797,#6798,#6799,#6800));
#1162=EDGE_LOOP('',(#6801,#6802,#6803,#6804,#6805,#6806,#6807,#6808,#6809,
#6810,#6811,#6812,#6813,#6814,#6815));
#1163=EDGE_LOOP('',(#6816,#6817,#6818,#6819,#6820,#6821));
#1164=EDGE_LOOP('',(#6822,#6823,#6824,#6825,#6826));
#1165=EDGE_LOOP('',(#6827,#6828,#6829,#6830));
#1166=EDGE_LOOP('',(#6831,#6832,#6833,#6834,#6835));
#1167=EDGE_LOOP('',(#6836,#6837,#6838,#6839));
#1168=EDGE_LOOP('',(#6840,#6841,#6842,#6843,#6844,#6845));
#1169=EDGE_LOOP('',(#6846,#6847,#6848,#6849,#6850));
#1170=EDGE_LOOP('',(#6851,#6852,#6853,#6854));
#1171=EDGE_LOOP('',(#6855,#6856,#6857,#6858));
#1172=EDGE_LOOP('',(#6859,#6860,#6861,#6862));
#1173=EDGE_LOOP('',(#6863,#6864,#6865,#6866,#6867));
#1174=EDGE_LOOP('',(#6868,#6869,#6870,#6871,#6872,#6873));
#1175=EDGE_LOOP('',(#6874,#6875,#6876,#6877));
#1176=EDGE_LOOP('',(#6878,#6879,#6880,#6881,#6882));
#1177=EDGE_LOOP('',(#6883,#6884,#6885,#6886));
#1178=EDGE_LOOP('',(#6887,#6888,#6889,#6890));
#1179=EDGE_LOOP('',(#6891,#6892,#6893,#6894,#6895,#6896));
#1180=EDGE_LOOP('',(#6897,#6898,#6899,#6900,#6901,#6902,#6903));
#1181=EDGE_LOOP('',(#6904,#6905,#6906,#6907));
#1182=EDGE_LOOP('',(#6908,#6909,#6910,#6911));
#1183=EDGE_LOOP('',(#6912,#6913,#6914,#6915));
#1184=EDGE_LOOP('',(#6916,#6917,#6918,#6919,#6920));
#1185=EDGE_LOOP('',(#6921,#6922,#6923,#6924));
#1186=EDGE_LOOP('',(#6925,#6926,#6927,#6928));
#1187=EDGE_LOOP('',(#6929,#6930,#6931,#6932));
#1188=EDGE_LOOP('',(#6933,#6934,#6935,#6936));
#1189=EDGE_LOOP('',(#6937,#6938,#6939,#6940));
#1190=EDGE_LOOP('',(#6941,#6942,#6943,#6944));
#1191=EDGE_LOOP('',(#6945,#6946,#6947,#6948,#6949,#6950));
#1192=EDGE_LOOP('',(#6951,#6952,#6953));
#1193=EDGE_LOOP('',(#6954,#6955,#6956));
#1194=EDGE_LOOP('',(#6957,#6958,#6959,#6960,#6961,#6962));
#1195=EDGE_LOOP('',(#6963,#6964,#6965,#6966,#6967));
#1196=EDGE_LOOP('',(#6968,#6969,#6970,#6971));
#1197=EDGE_LOOP('',(#6972,#6973,#6974,#6975));
#1198=EDGE_LOOP('',(#6976,#6977,#6978,#6979));
#1199=EDGE_LOOP('',(#6980,#6981,#6982,#6983,#6984));
#1200=EDGE_LOOP('',(#6985,#6986,#6987,#6988));
#1201=EDGE_LOOP('',(#6989,#6990,#6991,#6992));
#1202=EDGE_LOOP('',(#6993,#6994,#6995,#6996,#6997));
#1203=EDGE_LOOP('',(#6998,#6999,#7000,#7001));
#1204=EDGE_LOOP('',(#7002,#7003,#7004,#7005,#7006,#7007,#7008,#7009));
#1205=EDGE_LOOP('',(#7010));
#1206=EDGE_LOOP('',(#7011,#7012,#7013,#7014,#7015,#7016,#7017,#7018,#7019,
#7020,#7021,#7022,#7023,#7024,#7025));
#1207=EDGE_LOOP('',(#7026,#7027,#7028,#7029,#7030,#7031));
#1208=EDGE_LOOP('',(#7032,#7033,#7034,#7035,#7036,#7037));
#1209=EDGE_LOOP('',(#7038,#7039,#7040,#7041));
#1210=EDGE_LOOP('',(#7042,#7043,#7044,#7045,#7046,#7047));
#1211=EDGE_LOOP('',(#7048,#7049,#7050,#7051));
#1212=EDGE_LOOP('',(#7052,#7053,#7054,#7055));
#1213=EDGE_LOOP('',(#7056,#7057,#7058,#7059));
#1214=EDGE_LOOP('',(#7060,#7061,#7062,#7063,#7064,#7065,#7066,#7067));
#1215=EDGE_LOOP('',(#7068,#7069,#7070,#7071));
#1216=EDGE_LOOP('',(#7072,#7073,#7074,#7075,#7076,#7077));
#1217=EDGE_LOOP('',(#7078,#7079,#7080,#7081));
#1218=EDGE_LOOP('',(#7082,#7083,#7084,#7085));
#1219=EDGE_LOOP('',(#7086,#7087,#7088,#7089));
#1220=EDGE_LOOP('',(#7090,#7091,#7092,#7093,#7094,#7095,#7096,#7097));
#1221=EDGE_LOOP('',(#7098,#7099,#7100,#7101));
#1222=EDGE_LOOP('',(#7102,#7103,#7104,#7105));
#1223=EDGE_LOOP('',(#7106,#7107,#7108,#7109,#7110,#7111));
#1224=EDGE_LOOP('',(#7112,#7113,#7114,#7115));
#1225=EDGE_LOOP('',(#7116,#7117,#7118,#7119,#7120,#7121,#7122,#7123));
#1226=EDGE_LOOP('',(#7124,#7125,#7126,#7127));
#1227=EDGE_LOOP('',(#7128,#7129,#7130,#7131));
#1228=EDGE_LOOP('',(#7132,#7133,#7134,#7135));
#1229=EDGE_LOOP('',(#7136,#7137,#7138,#7139));
#1230=EDGE_LOOP('',(#7140,#7141,#7142,#7143));
#1231=EDGE_LOOP('',(#7144,#7145,#7146,#7147,#7148));
#1232=EDGE_LOOP('',(#7149,#7150,#7151,#7152,#7153));
#1233=EDGE_LOOP('',(#7154,#7155,#7156,#7157,#7158,#7159));
#1234=EDGE_LOOP('',(#7160));
#1235=EDGE_LOOP('',(#7161,#7162,#7163,#7164,#7165));
#1236=EDGE_LOOP('',(#7166,#7167,#7168,#7169,#7170,#7171));
#1237=EDGE_LOOP('',(#7172,#7173,#7174,#7175));
#1238=EDGE_LOOP('',(#7176));
#1239=EDGE_LOOP('',(#7177));
#1240=EDGE_LOOP('',(#7178,#7179,#7180,#7181));
#1241=EDGE_LOOP('',(#7182,#7183,#7184,#7185));
#1242=EDGE_LOOP('',(#7186,#7187,#7188,#7189));
#1243=EDGE_LOOP('',(#7190,#7191,#7192,#7193));
#1244=EDGE_LOOP('',(#7194,#7195,#7196,#7197));
#1245=EDGE_LOOP('',(#7198,#7199,#7200,#7201));
#1246=EDGE_LOOP('',(#7202,#7203,#7204,#7205));
#1247=EDGE_LOOP('',(#7206,#7207,#7208,#7209));
#1248=EDGE_LOOP('',(#7210,#7211,#7212,#7213));
#1249=EDGE_LOOP('',(#7214,#7215,#7216,#7217));
#1250=EDGE_LOOP('',(#7218,#7219,#7220,#7221,#7222));
#1251=EDGE_LOOP('',(#7223,#7224,#7225,#7226));
#1252=EDGE_LOOP('',(#7227,#7228,#7229,#7230));
#1253=EDGE_LOOP('',(#7231,#7232,#7233,#7234));
#1254=EDGE_LOOP('',(#7235,#7236,#7237,#7238));
#1255=EDGE_LOOP('',(#7239,#7240,#7241,#7242));
#1256=EDGE_LOOP('',(#7243));
#1257=EDGE_LOOP('',(#7244));
#1258=EDGE_LOOP('',(#7245,#7246,#7247,#7248));
#1259=EDGE_LOOP('',(#7249,#7250,#7251,#7252));
#1260=EDGE_LOOP('',(#7253,#7254,#7255,#7256,#7257));
#1261=EDGE_LOOP('',(#7258,#7259,#7260,#7261));
#1262=EDGE_LOOP('',(#7262,#7263,#7264,#7265));
#1263=EDGE_LOOP('',(#7266,#7267,#7268));
#1264=EDGE_LOOP('',(#7269,#7270,#7271,#7272));
#1265=EDGE_LOOP('',(#7273,#7274,#7275,#7276));
#1266=EDGE_LOOP('',(#7277,#7278,#7279,#7280));
#1267=EDGE_LOOP('',(#7281,#7282,#7283,#7284));
#1268=EDGE_LOOP('',(#7285,#7286,#7287,#7288));
#1269=EDGE_LOOP('',(#7289,#7290,#7291,#7292));
#1270=EDGE_LOOP('',(#7293,#7294,#7295,#7296));
#1271=EDGE_LOOP('',(#7297,#7298,#7299,#7300));
#1272=EDGE_LOOP('',(#7301,#7302,#7303,#7304));
#1273=EDGE_LOOP('',(#7305,#7306,#7307,#7308));
#1274=EDGE_LOOP('',(#7309,#7310,#7311,#7312));
#1275=EDGE_LOOP('',(#7313,#7314,#7315,#7316));
#1276=EDGE_LOOP('',(#7317,#7318,#7319,#7320));
#1277=EDGE_LOOP('',(#7321,#7322,#7323,#7324));
#1278=EDGE_LOOP('',(#7325,#7326,#7327,#7328));
#1279=EDGE_LOOP('',(#7329,#7330,#7331,#7332));
#1280=EDGE_LOOP('',(#7333,#7334,#7335,#7336));
#1281=EDGE_LOOP('',(#7337,#7338,#7339,#7340));
#1282=EDGE_LOOP('',(#7341,#7342,#7343,#7344));
#1283=EDGE_LOOP('',(#7345,#7346,#7347,#7348));
#1284=EDGE_LOOP('',(#7349,#7350,#7351,#7352));
#1285=EDGE_LOOP('',(#7353,#7354,#7355,#7356));
#1286=EDGE_LOOP('',(#7357,#7358,#7359,#7360));
#1287=EDGE_LOOP('',(#7361,#7362,#7363,#7364));
#1288=EDGE_LOOP('',(#7365,#7366,#7367,#7368));
#1289=EDGE_LOOP('',(#7369,#7370,#7371,#7372));
#1290=EDGE_LOOP('',(#7373,#7374,#7375,#7376));
#1291=EDGE_LOOP('',(#7377,#7378,#7379,#7380));
#1292=EDGE_LOOP('',(#7381,#7382,#7383,#7384));
#1293=EDGE_LOOP('',(#7385,#7386,#7387,#7388));
#1294=EDGE_LOOP('',(#7389,#7390,#7391,#7392));
#1295=EDGE_LOOP('',(#7393,#7394,#7395,#7396));
#1296=EDGE_LOOP('',(#7397,#7398,#7399,#7400));
#1297=EDGE_LOOP('',(#7401,#7402,#7403,#7404));
#1298=EDGE_LOOP('',(#7405,#7406,#7407,#7408));
#1299=EDGE_LOOP('',(#7409,#7410,#7411,#7412));
#1300=EDGE_LOOP('',(#7413,#7414,#7415,#7416));
#1301=EDGE_LOOP('',(#7417,#7418,#7419,#7420));
#1302=EDGE_LOOP('',(#7421,#7422,#7423,#7424,#7425));
#1303=EDGE_LOOP('',(#7426,#7427,#7428,#7429));
#1304=EDGE_LOOP('',(#7430,#7431,#7432,#7433,#7434));
#1305=EDGE_LOOP('',(#7435,#7436,#7437,#7438));
#1306=EDGE_LOOP('',(#7439,#7440,#7441,#7442));
#1307=EDGE_LOOP('',(#7443,#7444,#7445));
#1308=EDGE_LOOP('',(#7446,#7447,#7448,#7449));
#1309=EDGE_LOOP('',(#7450,#7451,#7452,#7453));
#1310=EDGE_LOOP('',(#7454,#7455,#7456,#7457,#7458));
#1311=EDGE_LOOP('',(#7459,#7460,#7461,#7462,#7463,#7464));
#1312=EDGE_LOOP('',(#7465));
#1313=EDGE_LOOP('',(#7466,#7467,#7468,#7469,#7470));
#1314=EDGE_LOOP('',(#7471,#7472,#7473,#7474));
#1315=EDGE_LOOP('',(#7475));
#1316=EDGE_LOOP('',(#7476));
#1317=EDGE_LOOP('',(#7477,#7478,#7479,#7480,#7481,#7482,#7483,#7484,#7485,
#7486));
#1318=EDGE_LOOP('',(#7487,#7488,#7489,#7490));
#1319=EDGE_LOOP('',(#7491,#7492,#7493,#7494));
#1320=EDGE_LOOP('',(#7495,#7496,#7497,#7498,#7499,#7500,#7501,#7502,#7503,
#7504));
#1321=EDGE_LOOP('',(#7505,#7506,#7507,#7508));
#1322=EDGE_LOOP('',(#7509,#7510,#7511,#7512,#7513,#7514,#7515));
#1323=EDGE_LOOP('',(#7516,#7517,#7518,#7519));
#1324=EDGE_LOOP('',(#7520,#7521,#7522,#7523));
#1325=EDGE_LOOP('',(#7524,#7525,#7526,#7527));
#1326=EDGE_LOOP('',(#7528,#7529,#7530,#7531));
#1327=EDGE_LOOP('',(#7532,#7533,#7534,#7535));
#1328=EDGE_LOOP('',(#7536,#7537,#7538,#7539));
#1329=EDGE_LOOP('',(#7540,#7541,#7542,#7543));
#1330=EDGE_LOOP('',(#7544,#7545,#7546,#7547));
#1331=EDGE_LOOP('',(#7548,#7549,#7550,#7551));
#1332=EDGE_LOOP('',(#7552,#7553,#7554,#7555));
#1333=EDGE_LOOP('',(#7556,#7557,#7558,#7559));
#1334=EDGE_LOOP('',(#7560,#7561,#7562,#7563));
#1335=EDGE_LOOP('',(#7564,#7565,#7566,#7567));
#1336=EDGE_LOOP('',(#7568,#7569,#7570,#7571));
#1337=EDGE_LOOP('',(#7572,#7573,#7574,#7575,#7576,#7577,#7578));
#1338=EDGE_LOOP('',(#7579,#7580,#7581,#7582));
#1339=EDGE_LOOP('',(#7583,#7584,#7585,#7586));
#1340=EDGE_LOOP('',(#7587,#7588,#7589,#7590));
#1341=EDGE_LOOP('',(#7591,#7592,#7593,#7594));
#1342=EDGE_LOOP('',(#7595,#7596,#7597,#7598));
#1343=EDGE_LOOP('',(#7599,#7600,#7601,#7602));
#1344=EDGE_LOOP('',(#7603,#7604,#7605,#7606));
#1345=EDGE_LOOP('',(#7607,#7608,#7609,#7610));
#1346=EDGE_LOOP('',(#7611,#7612,#7613,#7614));
#1347=EDGE_LOOP('',(#7615,#7616,#7617,#7618,#7619,#7620,#7621,#7622));
#1348=EDGE_LOOP('',(#7623,#7624,#7625,#7626));
#1349=EDGE_LOOP('',(#7627,#7628,#7629,#7630));
#1350=EDGE_LOOP('',(#7631,#7632,#7633,#7634));
#1351=EDGE_LOOP('',(#7635,#7636,#7637,#7638));
#1352=ELLIPSE('',#8197,1.61658075373088,1.4);
#1353=ELLIPSE('',#8199,1.61658075373096,1.4);
#1354=ELLIPSE('',#8204,1.61658075373095,1.4);
#1355=ELLIPSE('',#8214,0.707107559554956,0.5);
#1356=ELLIPSE('',#8215,0.707107559556586,0.5);
#1357=ELLIPSE('',#8218,0.70710690219912,0.5);
#1358=ELLIPSE('',#8220,0.707106902199121,0.5);
#1359=ELLIPSE('',#8222,0.707106902161749,0.5);
#1360=ELLIPSE('',#8224,0.707106902199124,0.5);
#1361=ELLIPSE('',#8233,0.707106902161749,0.5);
#1362=ELLIPSE('',#8234,0.707106902199124,0.5);
#1363=ELLIPSE('',#8251,11.1028734339964,2.5);
#1364=ELLIPSE('',#8252,11.1028734339964,2.5);
#1365=ELLIPSE('',#8254,4.5092497528235,2.5);
#1366=ELLIPSE('',#8255,3.4034296427768,2.5);
#1367=ELLIPSE('',#8257,3.53553390593284,2.5);
#1368=ELLIPSE('',#8262,4.61880215351697,4.);
#1369=ELLIPSE('',#8263,1.73205080756887,1.5);
#1370=ELLIPSE('',#8267,1.73205080756889,1.5);
#1371=ELLIPSE('',#8268,4.61880215351703,4.);
#1372=ELLIPSE('',#8286,31.0880456151902,7.);
#1373=ELLIPSE('',#8290,31.0880456152124,7.);
#1374=ELLIPSE('',#8291,31.0880456152348,7.);
#1375=ELLIPSE('',#8302,0.707106002820709,0.5);
#1376=ELLIPSE('',#8307,0.707106002820709,0.5);
#1377=ELLIPSE('',#8342,1.61658075373088,1.4);
#1378=ELLIPSE('',#8390,24.4263215550707,5.5);
#1379=ELLIPSE('',#8395,31.0880456155445,7.);
#1380=ELLIPSE('',#8405,24.4087154438076,14.0002640201693);
#1381=ELLIPSE('',#8406,16.1869587735846,14.0002640201693);
#1382=ELLIPSE('',#8407,16.1869587735846,14.0002640201693);
#1383=ELLIPSE('',#8408,28.2184342687005,14.0002640201693);
#1384=ELLIPSE('',#8419,31.0880456151902,7.);
#1385=ELLIPSE('',#8420,31.088045615168,7.);
#1386=ELLIPSE('',#8449,16.1869587735862,14.0002640201693);
#1387=ELLIPSE('',#8452,28.2184342687087,14.0002640201693);
#1388=ELLIPSE('',#8469,28.2184342687171,14.0002640201693);
#1389=ELLIPSE('',#8470,16.1869587735878,14.0002640201693);
#1390=ELLIPSE('',#8471,16.1869587735878,14.0002640201693);
#1391=ELLIPSE('',#8472,24.4087154438193,14.0002640201693);
#1392=ELLIPSE('',#8490,24.4087154438134,14.0002640201693);
#1393=ELLIPSE('',#8494,16.1869587735862,14.0002640201693);
#1394=ELLIPSE('',#8499,16.1869587735862,14.0002640201693);
#1395=ELLIPSE('',#8501,28.2184342687087,14.0002640201693);
#1396=ELLIPSE('',#8503,24.4263215547923,5.5);
#1397=ELLIPSE('',#8504,11.10287343387,2.5);
#1398=ELLIPSE('',#8537,5.19093012263124,3.5);
#1399=ELLIPSE('',#8556,5.19093012233072,3.5);
#1400=ELLIPSE('',#8573,24.4087154438134,14.0002640201693);
#1401=ELLIPSE('',#8575,16.1869587735862,14.0002640201693);
#1402=ELLIPSE('',#8585,19.7993632541275,14.0002640201693);
#1403=ELLIPSE('',#8616,19.7993632541273,14.0002640201693);
#1404=ELLIPSE('',#8622,11.10287343387,2.5);
#1405=ELLIPSE('',#8672,3.53553390593284,2.5);
#1406=ELLIPSE('',#8674,3.40342964277671,2.5);
#1407=ELLIPSE('',#8675,4.50924975282334,2.5);
#1408=ELLIPSE('',#8704,4.61880215351678,4.);
#1409=ELLIPSE('',#8707,7.50555349946541,6.5);
#1410=ELLIPSE('',#8780,4.61880215351683,4.);
#1411=ELLIPSE('',#8783,7.50555349946551,6.5);
#1412=CIRCLE('',#8196,1.4);
#1413=CIRCLE('',#8198,1.4);
#1414=CIRCLE('',#8201,1.5);
#1415=CIRCLE('',#8202,1.4);
#1416=CIRCLE('',#8207,3.59900539363273);
#1417=CIRCLE('',#8208,3.40000000000176);
#1418=CIRCLE('',#8209,3.);
#1419=CIRCLE('',#8210,3.40000000000176);
#1420=CIRCLE('',#8211,3.59900539363273);
#1421=CIRCLE('',#8216,3.05);
#1422=CIRCLE('',#8229,14.);
#1423=CIRCLE('',#8230,14.);
#1424=CIRCLE('',#8231,14.0002640201693);
#1425=CIRCLE('',#8232,14.);
#1426=CIRCLE('',#8235,14.);
#1427=CIRCLE('',#8236,14.0002640201693);
#1428=CIRCLE('',#8237,12.);
#1429=CIRCLE('',#8238,12.);
#1430=CIRCLE('',#8239,12.);
#1431=CIRCLE('',#8240,3.15);
#1432=CIRCLE('',#8241,3.15);
#1433=CIRCLE('',#8243,14.);
#1434=CIRCLE('',#8244,14.);
#1435=CIRCLE('',#8247,14.0002640201693);
#1436=CIRCLE('',#8249,2.5);
#1437=CIRCLE('',#8250,2.5);
#1438=CIRCLE('',#8256,2.5);
#1439=CIRCLE('',#8259,3.15);
#1440=CIRCLE('',#8260,3.55000000000003);
#1441=CIRCLE('',#8264,12.);
#1442=CIRCLE('',#8265,12.);
#1443=CIRCLE('',#8266,12.);
#1444=CIRCLE('',#8269,13.6002669503724);
#1445=CIRCLE('',#8270,13.6002669503724);
#1446=CIRCLE('',#8271,2.35);
#1447=CIRCLE('',#8272,2.35);
#1448=CIRCLE('',#8273,1.75);
#1449=CIRCLE('',#8274,1.75);
#1450=CIRCLE('',#8276,3.15);
#1451=CIRCLE('',#8278,7.);
#1452=CIRCLE('',#8279,7.);
#1453=CIRCLE('',#8280,5.5);
#1454=CIRCLE('',#8282,5.5);
#1455=CIRCLE('',#8283,7.);
#1456=CIRCLE('',#8284,7.);
#1457=CIRCLE('',#8288,7.);
#1458=CIRCLE('',#8292,7.);
#1459=CIRCLE('',#8293,7.);
#1460=CIRCLE('',#8295,7.);
#1461=CIRCLE('',#8296,7.);
#1462=CIRCLE('',#8298,0.5);
#1463=CIRCLE('',#8300,0.5);
#1464=CIRCLE('',#8311,3.09999999999997);
#1465=CIRCLE('',#8314,0.500000000000007);
#1466=CIRCLE('',#8316,0.500000000000007);
#1467=CIRCLE('',#8319,3.09999999999997);
#1468=CIRCLE('',#8333,1.55);
#1469=CIRCLE('',#8335,3.05);
#1470=CIRCLE('',#8337,1.55);
#1471=CIRCLE('',#8340,3.09999999999997);
#1472=CIRCLE('',#8343,1.4);
#1473=CIRCLE('',#8345,1.5);
#1474=CIRCLE('',#8347,1.5);
#1475=CIRCLE('',#8350,1.5);
#1476=CIRCLE('',#8351,3.09999999999997);
#1477=CIRCLE('',#8352,1.5);
#1478=CIRCLE('',#8383,3.);
#1479=CIRCLE('',#8384,3.);
#1480=CIRCLE('',#8386,3.);
#1481=CIRCLE('',#8387,3.);
#1482=CIRCLE('',#8389,5.5);
#1483=CIRCLE('',#8394,7.);
#1484=CIRCLE('',#8396,7.);
#1485=CIRCLE('',#8397,7.);
#1486=CIRCLE('',#8402,14.0002640201693);
#1487=CIRCLE('',#8403,1.5);
#1488=CIRCLE('',#8411,7.);
#1489=CIRCLE('',#8413,1.5);
#1490=CIRCLE('',#8415,1.35);
#1491=CIRCLE('',#8417,3.1);
#1492=CIRCLE('',#8421,7.);
#1493=CIRCLE('',#8425,1.55);
#1494=CIRCLE('',#8426,1.55);
#1495=CIRCLE('',#8427,1.55);
#1496=CIRCLE('',#8428,1.55);
#1497=CIRCLE('',#8429,1.55);
#1498=CIRCLE('',#8431,1.35);
#1499=CIRCLE('',#8434,3.1);
#1500=CIRCLE('',#8436,1.);
#1501=CIRCLE('',#8437,3.5);
#1502=CIRCLE('',#8438,3.5);
#1503=CIRCLE('',#8439,1.);
#1504=CIRCLE('',#8440,1.);
#1505=CIRCLE('',#8442,1.);
#1506=CIRCLE('',#8455,3.1);
#1507=CIRCLE('',#8457,1.55);
#1508=CIRCLE('',#8458,1.55);
#1509=CIRCLE('',#8459,1.55);
#1510=CIRCLE('',#8460,1.55);
#1511=CIRCLE('',#8461,1.55);
#1512=CIRCLE('',#8466,14.0002640201693);
#1513=CIRCLE('',#8467,1.5);
#1514=CIRCLE('',#8474,1.5);
#1515=CIRCLE('',#8476,1.35);
#1516=CIRCLE('',#8480,1.35);
#1517=CIRCLE('',#8483,3.1);
#1518=CIRCLE('',#8484,3.1);
#1519=CIRCLE('',#8486,1.55);
#1520=CIRCLE('',#8492,1.);
#1521=CIRCLE('',#8516,1.55);
#1522=CIRCLE('',#8536,3.5);
#1523=CIRCLE('',#8545,0.9);
#1524=CIRCLE('',#8547,0.9);
#1525=CIRCLE('',#8549,1.);
#1526=CIRCLE('',#8551,1.);
#1527=CIRCLE('',#8555,3.5);
#1528=CIRCLE('',#8560,3.59900539363273);
#1529=CIRCLE('',#8562,1.4);
#1530=CIRCLE('',#8564,1.4);
#1531=CIRCLE('',#8566,1.4);
#1532=CIRCLE('',#8568,1.4);
#1533=CIRCLE('',#8570,1.50000000000001);
#1534=CIRCLE('',#8577,1.5);
#1535=CIRCLE('',#8579,14.0002640201693);
#1536=CIRCLE('',#8583,1.50000000000001);
#1537=CIRCLE('',#8588,1.5);
#1538=CIRCLE('',#8590,14.0002640201693);
#1539=CIRCLE('',#8597,2.5);
#1540=CIRCLE('',#8607,2.);
#1541=CIRCLE('',#8608,2.);
#1542=CIRCLE('',#8611,2.);
#1543=CIRCLE('',#8613,2.);
#1544=CIRCLE('',#8618,5.5);
#1545=CIRCLE('',#8623,2.5);
#1546=CIRCLE('',#8626,3.59900539363273);
#1547=CIRCLE('',#8643,1.);
#1548=CIRCLE('',#8657,3.);
#1549=CIRCLE('',#8673,2.5);
#1550=CIRCLE('',#8679,3.15);
#1551=CIRCLE('',#8700,3.15);
#1552=CIRCLE('',#8703,1.5);
#1553=CIRCLE('',#8706,4.00000057287081);
#1554=CIRCLE('',#8711,1.75);
#1555=CIRCLE('',#8729,1.75);
#1556=CIRCLE('',#8738,2.35);
#1557=CIRCLE('',#8740,2.35);
#1558=CIRCLE('',#8778,1.49999999999721);
#1559=CIRCLE('',#8785,4.);
#1560=LINE('',#11039,#2478);
#1561=LINE('',#11043,#2479);
#1562=LINE('',#11048,#2480);
#1563=LINE('',#11059,#2481);
#1564=LINE('',#11061,#2482);
#1565=LINE('',#11063,#2483);
#1566=LINE('',#11065,#2484);
#1567=LINE('',#11067,#2485);
#1568=LINE('',#11068,#2486);
#1569=LINE('',#11071,#2487);
#1570=LINE('',#11073,#2488);
#1571=LINE('',#11075,#2489);
#1572=LINE('',#11077,#2490);
#1573=LINE('',#11079,#2491);
#1574=LINE('',#11081,#2492);
#1575=LINE('',#11085,#2493);
#1576=LINE('',#11087,#2494);
#1577=LINE('',#11091,#2495);
#1578=LINE('',#11095,#2496);
#1579=LINE('',#11099,#2497);
#1580=LINE('',#11101,#2498);
#1581=LINE('',#11105,#2499);
#1582=LINE('',#11107,#2500);
#1583=LINE('',#11109,#2501);
#1584=LINE('',#11111,#2502);
#1585=LINE('',#11113,#2503);
#1586=LINE('',#11114,#2504);
#1587=LINE('',#11118,#2505);
#1588=LINE('',#11120,#2506);
#1589=LINE('',#11122,#2507);
#1590=LINE('',#11124,#2508);
#1591=LINE('',#11126,#2509);
#1592=LINE('',#11127,#2510);
#1593=LINE('',#11130,#2511);
#1594=LINE('',#11132,#2512);
#1595=LINE('',#11134,#2513);
#1596=LINE('',#11136,#2514);
#1597=LINE('',#11138,#2515);
#1598=LINE('',#11142,#2516);
#1599=LINE('',#11144,#2517);
#1600=LINE('',#11146,#2518);
#1601=LINE('',#11148,#2519);
#1602=LINE('',#11150,#2520);
#1603=LINE('',#11152,#2521);
#1604=LINE('',#11154,#2522);
#1605=LINE('',#11156,#2523);
#1606=LINE('',#11158,#2524);
#1607=LINE('',#11162,#2525);
#1608=LINE('',#11164,#2526);
#1609=LINE('',#11166,#2527);
#1610=LINE('',#11168,#2528);
#1611=LINE('',#11169,#2529);
#1612=LINE('',#11174,#2530);
#1613=LINE('',#11178,#2531);
#1614=LINE('',#11179,#2532);
#1615=LINE('',#11184,#2533);
#1616=LINE('',#11186,#2534);
#1617=LINE('',#11187,#2535);
#1618=LINE('',#11190,#2536);
#1619=LINE('',#11193,#2537);
#1620=LINE('',#11196,#2538);
#1621=LINE('',#11199,#2539);
#1622=LINE('',#11202,#2540);
#1623=LINE('',#11204,#2541);
#1624=LINE('',#11205,#2542);
#1625=LINE('',#11208,#2543);
#1626=LINE('',#11209,#2544);
#1627=LINE('',#11212,#2545);
#1628=LINE('',#11214,#2546);
#1629=LINE('',#11215,#2547);
#1630=LINE('',#11219,#2548);
#1631=LINE('',#11227,#2549);
#1632=LINE('',#11229,#2550);
#1633=LINE('',#11233,#2551);
#1634=LINE('',#11235,#2552);
#1635=LINE('',#11237,#2553);
#1636=LINE('',#11239,#2554);
#1637=LINE('',#11241,#2555);
#1638=LINE('',#11242,#2556);
#1639=LINE('',#11244,#2557);
#1640=LINE('',#11245,#2558);
#1641=LINE('',#11247,#2559);
#1642=LINE('',#11249,#2560);
#1643=LINE('',#11251,#2561);
#1644=LINE('',#11253,#2562);
#1645=LINE('',#11255,#2563);
#1646=LINE('',#11256,#2564);
#1647=LINE('',#11259,#2565);
#1648=LINE('',#11261,#2566);
#1649=LINE('',#11263,#2567);
#1650=LINE('',#11265,#2568);
#1651=LINE('',#11266,#2569);
#1652=LINE('',#11269,#2570);
#1653=LINE('',#11271,#2571);
#1654=LINE('',#11273,#2572);
#1655=LINE('',#11275,#2573);
#1656=LINE('',#11277,#2574);
#1657=LINE('',#11278,#2575);
#1658=LINE('',#11280,#2576);
#1659=LINE('',#11281,#2577);
#1660=LINE('',#11283,#2578);
#1661=LINE('',#11285,#2579);
#1662=LINE('',#11287,#2580);
#1663=LINE('',#11289,#2581);
#1664=LINE('',#11291,#2582);
#1665=LINE('',#11293,#2583);
#1666=LINE('',#11297,#2584);
#1667=LINE('',#11299,#2585);
#1668=LINE('',#11303,#2586);
#1669=LINE('',#11307,#2587);
#1670=LINE('',#11309,#2588);
#1671=LINE('',#11311,#2589);
#1672=LINE('',#11313,#2590);
#1673=LINE('',#11315,#2591);
#1674=LINE('',#11317,#2592);
#1675=LINE('',#11319,#2593);
#1676=LINE('',#11321,#2594);
#1677=LINE('',#11323,#2595);
#1678=LINE('',#11325,#2596);
#1679=LINE('',#11327,#2597);
#1680=LINE('',#11329,#2598);
#1681=LINE('',#11331,#2599);
#1682=LINE('',#11333,#2600);
#1683=LINE('',#11337,#2601);
#1684=LINE('',#11345,#2602);
#1685=LINE('',#11347,#2603);
#1686=LINE('',#11349,#2604);
#1687=LINE('',#11351,#2605);
#1688=LINE('',#11353,#2606);
#1689=LINE('',#11355,#2607);
#1690=LINE('',#11356,#2608);
#1691=LINE('',#11359,#2609);
#1692=LINE('',#11361,#2610);
#1693=LINE('',#11363,#2611);
#1694=LINE('',#11364,#2612);
#1695=LINE('',#11367,#2613);
#1696=LINE('',#11369,#2614);
#1697=LINE('',#11371,#2615);
#1698=LINE('',#11373,#2616);
#1699=LINE('',#11375,#2617);
#1700=LINE('',#11377,#2618);
#1701=LINE('',#11378,#2619);
#1702=LINE('',#11381,#2620);
#1703=LINE('',#11383,#2621);
#1704=LINE('',#11385,#2622);
#1705=LINE('',#11387,#2623);
#1706=LINE('',#11389,#2624);
#1707=LINE('',#11391,#2625);
#1708=LINE('',#11393,#2626);
#1709=LINE('',#11394,#2627);
#1710=LINE('',#11399,#2628);
#1711=LINE('',#11401,#2629);
#1712=LINE('',#11405,#2630);
#1713=LINE('',#11407,#2631);
#1714=LINE('',#11409,#2632);
#1715=LINE('',#11410,#2633);
#1716=LINE('',#11413,#2634);
#1717=LINE('',#11415,#2635);
#1718=LINE('',#11417,#2636);
#1719=LINE('',#11422,#2637);
#1720=LINE('',#11426,#2638);
#1721=LINE('',#11435,#2639);
#1722=LINE('',#11457,#2640);
#1723=LINE('',#11479,#2641);
#1724=LINE('',#11481,#2642);
#1725=LINE('',#11490,#2643);
#1726=LINE('',#11499,#2644);
#1727=LINE('',#11507,#2645);
#1728=LINE('',#11512,#2646);
#1729=LINE('',#11516,#2647);
#1730=LINE('',#11518,#2648);
#1731=LINE('',#11520,#2649);
#1732=LINE('',#11524,#2650);
#1733=LINE('',#11526,#2651);
#1734=LINE('',#11527,#2652);
#1735=LINE('',#11531,#2653);
#1736=LINE('',#11535,#2654);
#1737=LINE('',#11537,#2655);
#1738=LINE('',#11539,#2656);
#1739=LINE('',#11541,#2657);
#1740=LINE('',#11543,#2658);
#1741=LINE('',#11545,#2659);
#1742=LINE('',#11547,#2660);
#1743=LINE('',#11549,#2661);
#1744=LINE('',#11551,#2662);
#1745=LINE('',#11553,#2663);
#1746=LINE('',#11555,#2664);
#1747=LINE('',#11557,#2665);
#1748=LINE('',#11559,#2666);
#1749=LINE('',#11561,#2667);
#1750=LINE('',#11565,#2668);
#1751=LINE('',#11567,#2669);
#1752=LINE('',#11569,#2670);
#1753=LINE('',#11573,#2671);
#1754=LINE('',#11575,#2672);
#1755=LINE('',#11577,#2673);
#1756=LINE('',#11581,#2674);
#1757=LINE('',#11585,#2675);
#1758=LINE('',#11587,#2676);
#1759=LINE('',#11588,#2677);
#1760=LINE('',#11597,#2678);
#1761=LINE('',#11599,#2679);
#1762=LINE('',#11601,#2680);
#1763=LINE('',#11602,#2681);
#1764=LINE('',#11605,#2682);
#1765=LINE('',#11607,#2683);
#1766=LINE('',#11609,#2684);
#1767=LINE('',#11611,#2685);
#1768=LINE('',#11613,#2686);
#1769=LINE('',#11615,#2687);
#1770=LINE('',#11617,#2688);
#1771=LINE('',#11619,#2689);
#1772=LINE('',#11621,#2690);
#1773=LINE('',#11622,#2691);
#1774=LINE('',#11625,#2692);
#1775=LINE('',#11627,#2693);
#1776=LINE('',#11629,#2694);
#1777=LINE('',#11630,#2695);
#1778=LINE('',#11633,#2696);
#1779=LINE('',#11635,#2697);
#1780=LINE('',#11637,#2698);
#1781=LINE('',#11638,#2699);
#1782=LINE('',#11641,#2700);
#1783=LINE('',#11643,#2701);
#1784=LINE('',#11645,#2702);
#1785=LINE('',#11647,#2703);
#1786=LINE('',#11649,#2704);
#1787=LINE('',#11651,#2705);
#1788=LINE('',#11653,#2706);
#1789=LINE('',#11655,#2707);
#1790=LINE('',#11657,#2708);
#1791=LINE('',#11658,#2709);
#1792=LINE('',#11663,#2710);
#1793=LINE('',#11665,#2711);
#1794=LINE('',#11667,#2712);
#1795=LINE('',#11668,#2713);
#1796=LINE('',#11671,#2714);
#1797=LINE('',#11673,#2715);
#1798=LINE('',#11675,#2716);
#1799=LINE('',#11676,#2717);
#1800=LINE('',#11679,#2718);
#1801=LINE('',#11683,#2719);
#1802=LINE('',#11694,#2720);
#1803=LINE('',#11697,#2721);
#1804=LINE('',#11701,#2722);
#1805=LINE('',#11703,#2723);
#1806=LINE('',#11705,#2724);
#1807=LINE('',#11706,#2725);
#1808=LINE('',#11714,#2726);
#1809=LINE('',#11720,#2727);
#1810=LINE('',#11727,#2728);
#1811=LINE('',#11729,#2729);
#1812=LINE('',#11731,#2730);
#1813=LINE('',#11737,#2731);
#1814=LINE('',#11739,#2732);
#1815=LINE('',#11740,#2733);
#1816=LINE('',#11743,#2734);
#1817=LINE('',#11745,#2735);
#1818=LINE('',#11747,#2736);
#1819=LINE('',#11750,#2737);
#1820=LINE('',#11753,#2738);
#1821=LINE('',#11754,#2739);
#1822=LINE('',#11757,#2740);
#1823=LINE('',#11758,#2741);
#1824=LINE('',#11763,#2742);
#1825=LINE('',#11765,#2743);
#1826=LINE('',#11766,#2744);
#1827=LINE('',#11769,#2745);
#1828=LINE('',#11770,#2746);
#1829=LINE('',#11773,#2747);
#1830=LINE('',#11774,#2748);
#1831=LINE('',#11777,#2749);
#1832=LINE('',#11779,#2750);
#1833=LINE('',#11780,#2751);
#1834=LINE('',#11785,#2752);
#1835=LINE('',#11786,#2753);
#1836=LINE('',#11791,#2754);
#1837=LINE('',#11795,#2755);
#1838=LINE('',#11796,#2756);
#1839=LINE('',#11799,#2757);
#1840=LINE('',#11800,#2758);
#1841=LINE('',#11806,#2759);
#1842=LINE('',#11808,#2760);
#1843=LINE('',#11810,#2761);
#1844=LINE('',#11811,#2762);
#1845=LINE('',#11815,#2763);
#1846=LINE('',#11816,#2764);
#1847=LINE('',#11817,#2765);
#1848=LINE('',#11821,#2766);
#1849=LINE('',#11822,#2767);
#1850=LINE('',#11823,#2768);
#1851=LINE('',#11826,#2769);
#1852=LINE('',#11828,#2770);
#1853=LINE('',#11829,#2771);
#1854=LINE('',#11833,#2772);
#1855=LINE('',#11834,#2773);
#1856=LINE('',#11836,#2774);
#1857=LINE('',#11837,#2775);
#1858=LINE('',#11840,#2776);
#1859=LINE('',#11841,#2777);
#1860=LINE('',#11844,#2778);
#1861=LINE('',#11845,#2779);
#1862=LINE('',#11848,#2780);
#1863=LINE('',#11849,#2781);
#1864=LINE('',#11852,#2782);
#1865=LINE('',#11853,#2783);
#1866=LINE('',#11854,#2784);
#1867=LINE('',#11857,#2785);
#1868=LINE('',#11858,#2786);
#1869=LINE('',#11860,#2787);
#1870=LINE('',#11862,#2788);
#1871=LINE('',#11868,#2789);
#1872=LINE('',#11874,#2790);
#1873=LINE('',#11878,#2791);
#1874=LINE('',#11883,#2792);
#1875=LINE('',#11891,#2793);
#1876=LINE('',#11893,#2794);
#1877=LINE('',#11899,#2795);
#1878=LINE('',#11903,#2796);
#1879=LINE('',#11905,#2797);
#1880=LINE('',#11908,#2798);
#1881=LINE('',#11910,#2799);
#1882=LINE('',#11912,#2800);
#1883=LINE('',#11913,#2801);
#1884=LINE('',#11917,#2802);
#1885=LINE('',#11918,#2803);
#1886=LINE('',#11919,#2804);
#1887=LINE('',#11921,#2805);
#1888=LINE('',#11922,#2806);
#1889=LINE('',#11925,#2807);
#1890=LINE('',#11926,#2808);
#1891=LINE('',#11927,#2809);
#1892=LINE('',#11930,#2810);
#1893=LINE('',#11932,#2811);
#1894=LINE('',#11933,#2812);
#1895=LINE('',#11936,#2813);
#1896=LINE('',#11938,#2814);
#1897=LINE('',#11939,#2815);
#1898=LINE('',#11941,#2816);
#1899=LINE('',#11946,#2817);
#1900=LINE('',#11947,#2818);
#1901=LINE('',#11948,#2819);
#1902=LINE('',#11951,#2820);
#1903=LINE('',#11952,#2821);
#1904=LINE('',#11955,#2822);
#1905=LINE('',#11956,#2823);
#1906=LINE('',#11958,#2824);
#1907=LINE('',#11961,#2825);
#1908=LINE('',#11963,#2826);
#1909=LINE('',#11964,#2827);
#1910=LINE('',#11967,#2828);
#1911=LINE('',#11968,#2829);
#1912=LINE('',#11971,#2830);
#1913=LINE('',#11972,#2831);
#1914=LINE('',#11975,#2832);
#1915=LINE('',#11977,#2833);
#1916=LINE('',#11978,#2834);
#1917=LINE('',#11981,#2835);
#1918=LINE('',#11983,#2836);
#1919=LINE('',#11984,#2837);
#1920=LINE('',#11986,#2838);
#1921=LINE('',#11987,#2839);
#1922=LINE('',#11990,#2840);
#1923=LINE('',#11992,#2841);
#1924=LINE('',#11994,#2842);
#1925=LINE('',#11996,#2843);
#1926=LINE('',#11998,#2844);
#1927=LINE('',#12005,#2845);
#1928=LINE('',#12009,#2846);
#1929=LINE('',#12014,#2847);
#1930=LINE('',#12018,#2848);
#1931=LINE('',#12054,#2849);
#1932=LINE('',#12057,#2850);
#1933=LINE('',#12062,#2851);
#1934=LINE('',#12064,#2852);
#1935=LINE('',#12066,#2853);
#1936=LINE('',#12068,#2854);
#1937=LINE('',#12069,#2855);
#1938=LINE('',#12072,#2856);
#1939=LINE('',#12074,#2857);
#1940=LINE('',#12076,#2858);
#1941=LINE('',#12078,#2859);
#1942=LINE('',#12082,#2860);
#1943=LINE('',#12084,#2861);
#1944=LINE('',#12085,#2862);
#1945=LINE('',#12090,#2863);
#1946=LINE('',#12096,#2864);
#1947=LINE('',#12101,#2865);
#1948=LINE('',#12150,#2866);
#1949=LINE('',#12152,#2867);
#1950=LINE('',#12155,#2868);
#1951=LINE('',#12157,#2869);
#1952=LINE('',#12159,#2870);
#1953=LINE('',#12161,#2871);
#1954=LINE('',#12162,#2872);
#1955=LINE('',#12165,#2873);
#1956=LINE('',#12172,#2874);
#1957=LINE('',#12174,#2875);
#1958=LINE('',#12180,#2876);
#1959=LINE('',#12185,#2877);
#1960=LINE('',#12188,#2878);
#1961=LINE('',#12189,#2879);
#1962=LINE('',#12193,#2880);
#1963=LINE('',#12197,#2881);
#1964=LINE('',#12204,#2882);
#1965=LINE('',#12210,#2883);
#1966=LINE('',#12217,#2884);
#1967=LINE('',#12219,#2885);
#1968=LINE('',#12221,#2886);
#1969=LINE('',#12225,#2887);
#1970=LINE('',#12226,#2888);
#1971=LINE('',#12228,#2889);
#1972=LINE('',#12230,#2890);
#1973=LINE('',#12232,#2891);
#1974=LINE('',#12234,#2892);
#1975=LINE('',#12235,#2893);
#1976=LINE('',#12237,#2894);
#1977=LINE('',#12239,#2895);
#1978=LINE('',#12243,#2896);
#1979=LINE('',#12245,#2897);
#1980=LINE('',#12247,#2898);
#1981=LINE('',#12251,#2899);
#1982=LINE('',#12253,#2900);
#1983=LINE('',#12257,#2901);
#1984=LINE('',#12259,#2902);
#1985=LINE('',#12261,#2903);
#1986=LINE('',#12263,#2904);
#1987=LINE('',#12265,#2905);
#1988=LINE('',#12267,#2906);
#1989=LINE('',#12269,#2907);
#1990=LINE('',#12271,#2908);
#1991=LINE('',#12273,#2909);
#1992=LINE('',#12275,#2910);
#1993=LINE('',#12276,#2911);
#1994=LINE('',#12280,#2912);
#1995=LINE('',#12283,#2913);
#1996=LINE('',#12285,#2914);
#1997=LINE('',#12287,#2915);
#1998=LINE('',#12289,#2916);
#1999=LINE('',#12290,#2917);
#2000=LINE('',#12292,#2918);
#2001=LINE('',#12295,#2919);
#2002=LINE('',#12296,#2920);
#2003=LINE('',#12297,#2921);
#2004=LINE('',#12300,#2922);
#2005=LINE('',#12302,#2923);
#2006=LINE('',#12303,#2924);
#2007=LINE('',#12306,#2925);
#2008=LINE('',#12308,#2926);
#2009=LINE('',#12309,#2927);
#2010=LINE('',#12313,#2928);
#2011=LINE('',#12316,#2929);
#2012=LINE('',#12317,#2930);
#2013=LINE('',#12321,#2931);
#2014=LINE('',#12325,#2932);
#2015=LINE('',#12351,#2933);
#2016=LINE('',#12356,#2934);
#2017=LINE('',#12362,#2935);
#2018=LINE('',#12366,#2936);
#2019=LINE('',#12372,#2937);
#2020=LINE('',#12374,#2938);
#2021=LINE('',#12375,#2939);
#2022=LINE('',#12377,#2940);
#2023=LINE('',#12378,#2941);
#2024=LINE('',#12402,#2942);
#2025=LINE('',#12404,#2943);
#2026=LINE('',#12406,#2944);
#2027=LINE('',#12407,#2945);
#2028=LINE('',#12409,#2946);
#2029=LINE('',#12410,#2947);
#2030=LINE('',#12413,#2948);
#2031=LINE('',#12415,#2949);
#2032=LINE('',#12417,#2950);
#2033=LINE('',#12421,#2951);
#2034=LINE('',#12423,#2952);
#2035=LINE('',#12424,#2953);
#2036=LINE('',#12429,#2954);
#2037=LINE('',#12431,#2955);
#2038=LINE('',#12437,#2956);
#2039=LINE('',#12443,#2957);
#2040=LINE('',#12449,#2958);
#2041=LINE('',#12452,#2959);
#2042=LINE('',#12453,#2960);
#2043=LINE('',#12458,#2961);
#2044=LINE('',#12465,#2962);
#2045=LINE('',#12469,#2963);
#2046=LINE('',#12471,#2964);
#2047=LINE('',#12472,#2965);
#2048=LINE('',#12475,#2966);
#2049=LINE('',#12477,#2967);
#2050=LINE('',#12479,#2968);
#2051=LINE('',#12480,#2969);
#2052=LINE('',#12483,#2970);
#2053=LINE('',#12487,#2971);
#2054=LINE('',#12491,#2972);
#2055=LINE('',#12495,#2973);
#2056=LINE('',#12497,#2974);
#2057=LINE('',#12499,#2975);
#2058=LINE('',#12501,#2976);
#2059=LINE('',#12502,#2977);
#2060=LINE('',#12505,#2978);
#2061=LINE('',#12506,#2979);
#2062=LINE('',#12508,#2980);
#2063=LINE('',#12511,#2981);
#2064=LINE('',#12515,#2982);
#2065=LINE('',#12519,#2983);
#2066=LINE('',#12522,#2984);
#2067=LINE('',#12525,#2985);
#2068=LINE('',#12529,#2986);
#2069=LINE('',#12531,#2987);
#2070=LINE('',#12533,#2988);
#2071=LINE('',#12534,#2989);
#2072=LINE('',#12537,#2990);
#2073=LINE('',#12539,#2991);
#2074=LINE('',#12540,#2992);
#2075=LINE('',#12544,#2993);
#2076=LINE('',#12546,#2994);
#2077=LINE('',#12548,#2995);
#2078=LINE('',#12549,#2996);
#2079=LINE('',#12552,#2997);
#2080=LINE('',#12554,#2998);
#2081=LINE('',#12555,#2999);
#2082=LINE('',#12557,#3000);
#2083=LINE('',#12558,#3001);
#2084=LINE('',#12561,#3002);
#2085=LINE('',#12563,#3003);
#2086=LINE('',#12564,#3004);
#2087=LINE('',#12567,#3005);
#2088=LINE('',#12568,#3006);
#2089=LINE('',#12571,#3007);
#2090=LINE('',#12572,#3008);
#2091=LINE('',#12575,#3009);
#2092=LINE('',#12576,#3010);
#2093=LINE('',#12579,#3011);
#2094=LINE('',#12580,#3012);
#2095=LINE('',#12582,#3013);
#2096=LINE('',#12586,#3014);
#2097=LINE('',#12587,#3015);
#2098=LINE('',#12592,#3016);
#2099=LINE('',#12594,#3017);
#2100=LINE('',#12596,#3018);
#2101=LINE('',#12597,#3019);
#2102=LINE('',#12601,#3020);
#2103=LINE('',#12602,#3021);
#2104=LINE('',#12603,#3022);
#2105=LINE('',#12606,#3023);
#2106=LINE('',#12608,#3024);
#2107=LINE('',#12609,#3025);
#2108=LINE('',#12612,#3026);
#2109=LINE('',#12613,#3027);
#2110=LINE('',#12616,#3028);
#2111=LINE('',#12618,#3029);
#2112=LINE('',#12619,#3030);
#2113=LINE('',#12622,#3031);
#2114=LINE('',#12624,#3032);
#2115=LINE('',#12625,#3033);
#2116=LINE('',#12628,#3034);
#2117=LINE('',#12630,#3035);
#2118=LINE('',#12631,#3036);
#2119=LINE('',#12633,#3037);
#2120=LINE('',#12634,#3038);
#2121=LINE('',#12637,#3039);
#2122=LINE('',#12639,#3040);
#2123=LINE('',#12640,#3041);
#2124=LINE('',#12642,#3042);
#2125=LINE('',#12645,#3043);
#2126=LINE('',#12646,#3044);
#2127=LINE('',#12648,#3045);
#2128=LINE('',#12686,#3046);
#2129=LINE('',#12688,#3047);
#2130=LINE('',#12691,#3048);
#2131=LINE('',#12732,#3049);
#2132=LINE('',#12735,#3050);
#2133=LINE('',#12738,#3051);
#2134=LINE('',#12741,#3052);
#2135=LINE('',#12743,#3053);
#2136=LINE('',#12744,#3054);
#2137=LINE('',#12747,#3055);
#2138=LINE('',#12749,#3056);
#2139=LINE('',#12750,#3057);
#2140=LINE('',#12752,#3058);
#2141=LINE('',#12755,#3059);
#2142=LINE('',#12756,#3060);
#2143=LINE('',#12759,#3061);
#2144=LINE('',#12760,#3062);
#2145=LINE('',#12767,#3063);
#2146=LINE('',#12774,#3064);
#2147=LINE('',#12776,#3065);
#2148=LINE('',#12778,#3066);
#2149=LINE('',#12781,#3067);
#2150=LINE('',#12785,#3068);
#2151=LINE('',#12788,#3069);
#2152=LINE('',#12791,#3070);
#2153=LINE('',#12793,#3071);
#2154=LINE('',#12794,#3072);
#2155=LINE('',#12799,#3073);
#2156=LINE('',#12801,#3074);
#2157=LINE('',#12803,#3075);
#2158=LINE('',#12804,#3076);
#2159=LINE('',#12806,#3077);
#2160=LINE('',#12807,#3078);
#2161=LINE('',#12808,#3079);
#2162=LINE('',#12818,#3080);
#2163=LINE('',#12821,#3081);
#2164=LINE('',#12828,#3082);
#2165=LINE('',#12830,#3083);
#2166=LINE('',#12832,#3084);
#2167=LINE('',#12833,#3085);
#2168=LINE('',#12837,#3086);
#2169=LINE('',#12847,#3087);
#2170=LINE('',#12854,#3088);
#2171=LINE('',#12855,#3089);
#2172=LINE('',#12858,#3090);
#2173=LINE('',#12859,#3091);
#2174=LINE('',#12863,#3092);
#2175=LINE('',#12866,#3093);
#2176=LINE('',#12868,#3094);
#2177=LINE('',#12870,#3095);
#2178=LINE('',#12873,#3096);
#2179=LINE('',#12874,#3097);
#2180=LINE('',#12878,#3098);
#2181=LINE('',#12885,#3099);
#2182=LINE('',#12888,#3100);
#2183=LINE('',#12889,#3101);
#2184=LINE('',#12891,#3102);
#2185=LINE('',#12893,#3103);
#2186=LINE('',#12897,#3104);
#2187=LINE('',#12899,#3105);
#2188=LINE('',#12900,#3106);
#2189=LINE('',#12904,#3107);
#2190=LINE('',#12913,#3108);
#2191=LINE('',#12914,#3109);
#2192=LINE('',#12915,#3110);
#2193=LINE('',#12918,#3111);
#2194=LINE('',#12919,#3112);
#2195=LINE('',#12922,#3113);
#2196=LINE('',#12923,#3114);
#2197=LINE('',#12925,#3115);
#2198=LINE('',#12927,#3116);
#2199=LINE('',#12928,#3117);
#2200=LINE('',#12931,#3118);
#2201=LINE('',#12932,#3119);
#2202=LINE('',#12935,#3120);
#2203=LINE('',#12937,#3121);
#2204=LINE('',#12939,#3122);
#2205=LINE('',#12940,#3123);
#2206=LINE('',#12946,#3124);
#2207=LINE('',#12949,#3125);
#2208=LINE('',#12953,#3126);
#2209=LINE('',#12954,#3127);
#2210=LINE('',#12956,#3128);
#2211=LINE('',#12958,#3129);
#2212=LINE('',#12960,#3130);
#2213=LINE('',#12962,#3131);
#2214=LINE('',#12963,#3132);
#2215=LINE('',#12967,#3133);
#2216=LINE('',#12968,#3134);
#2217=LINE('',#12969,#3135);
#2218=LINE('',#12970,#3136);
#2219=LINE('',#12974,#3137);
#2220=LINE('',#12975,#3138);
#2221=LINE('',#12979,#3139);
#2222=LINE('',#12982,#3140);
#2223=LINE('',#12984,#3141);
#2224=LINE('',#12986,#3142);
#2225=LINE('',#12988,#3143);
#2226=LINE('',#12989,#3144);
#2227=LINE('',#12991,#3145);
#2228=LINE('',#13004,#3146);
#2229=LINE('',#13027,#3147);
#2230=LINE('',#13040,#3148);
#2231=LINE('',#13046,#3149);
#2232=LINE('',#13049,#3150);
#2233=LINE('',#13051,#3151);
#2234=LINE('',#13053,#3152);
#2235=LINE('',#13055,#3153);
#2236=LINE('',#13057,#3154);
#2237=LINE('',#13059,#3155);
#2238=LINE('',#13061,#3156);
#2239=LINE('',#13063,#3157);
#2240=LINE('',#13065,#3158);
#2241=LINE('',#13067,#3159);
#2242=LINE('',#13069,#3160);
#2243=LINE('',#13070,#3161);
#2244=LINE('',#13075,#3162);
#2245=LINE('',#13078,#3163);
#2246=LINE('',#13079,#3164);
#2247=LINE('',#13081,#3165);
#2248=LINE('',#13083,#3166);
#2249=LINE('',#13086,#3167);
#2250=LINE('',#13088,#3168);
#2251=LINE('',#13090,#3169);
#2252=LINE('',#13092,#3170);
#2253=LINE('',#13098,#3171);
#2254=LINE('',#13099,#3172);
#2255=LINE('',#13104,#3173);
#2256=LINE('',#13107,#3174);
#2257=LINE('',#13108,#3175);
#2258=LINE('',#13110,#3176);
#2259=LINE('',#13112,#3177);
#2260=LINE('',#13114,#3178);
#2261=LINE('',#13115,#3179);
#2262=LINE('',#13117,#3180);
#2263=LINE('',#13120,#3181);
#2264=LINE('',#13122,#3182);
#2265=LINE('',#13124,#3183);
#2266=LINE('',#13132,#3184);
#2267=LINE('',#13141,#3185);
#2268=LINE('',#13149,#3186);
#2269=LINE('',#13155,#3187);
#2270=LINE('',#13158,#3188);
#2271=LINE('',#13160,#3189);
#2272=LINE('',#13162,#3190);
#2273=LINE('',#13164,#3191);
#2274=LINE('',#13165,#3192);
#2275=LINE('',#13168,#3193);
#2276=LINE('',#13169,#3194);
#2277=LINE('',#13172,#3195);
#2278=LINE('',#13173,#3196);
#2279=LINE('',#13176,#3197);
#2280=LINE('',#13177,#3198);
#2281=LINE('',#13180,#3199);
#2282=LINE('',#13181,#3200);
#2283=LINE('',#13183,#3201);
#2284=LINE('',#13185,#3202);
#2285=LINE('',#13186,#3203);
#2286=LINE('',#13189,#3204);
#2287=LINE('',#13190,#3205);
#2288=LINE('',#13192,#3206);
#2289=LINE('',#13194,#3207);
#2290=LINE('',#13195,#3208);
#2291=LINE('',#13197,#3209);
#2292=LINE('',#13199,#3210);
#2293=LINE('',#13203,#3211);
#2294=LINE('',#13204,#3212);
#2295=LINE('',#13205,#3213);
#2296=LINE('',#13207,#3214);
#2297=LINE('',#13209,#3215);
#2298=LINE('',#13212,#3216);
#2299=LINE('',#13214,#3217);
#2300=LINE('',#13215,#3218);
#2301=LINE('',#13218,#3219);
#2302=LINE('',#13219,#3220);
#2303=LINE('',#13222,#3221);
#2304=LINE('',#13224,#3222);
#2305=LINE('',#13225,#3223);
#2306=LINE('',#13227,#3224);
#2307=LINE('',#13228,#3225);
#2308=LINE('',#13231,#3226);
#2309=LINE('',#13232,#3227);
#2310=LINE('',#13235,#3228);
#2311=LINE('',#13236,#3229);
#2312=LINE('',#13238,#3230);
#2313=LINE('',#13242,#3231);
#2314=LINE('',#13246,#3232);
#2315=LINE('',#13247,#3233);
#2316=LINE('',#13248,#3234);
#2317=LINE('',#13250,#3235);
#2318=LINE('',#13251,#3236);
#2319=LINE('',#13290,#3237);
#2320=LINE('',#13292,#3238);
#2321=LINE('',#13294,#3239);
#2322=LINE('',#13332,#3240);
#2323=LINE('',#13334,#3241);
#2324=LINE('',#13335,#3242);
#2325=LINE('',#13341,#3243);
#2326=LINE('',#13342,#3244);
#2327=LINE('',#13344,#3245);
#2328=LINE('',#13345,#3246);
#2329=LINE('',#13348,#3247);
#2330=LINE('',#13349,#3248);
#2331=LINE('',#13352,#3249);
#2332=LINE('',#13353,#3250);
#2333=LINE('',#13355,#3251);
#2334=LINE('',#13357,#3252);
#2335=LINE('',#13359,#3253);
#2336=LINE('',#13364,#3254);
#2337=LINE('',#13365,#3255);
#2338=LINE('',#13368,#3256);
#2339=LINE('',#13369,#3257);
#2340=LINE('',#13371,#3258);
#2341=LINE('',#13375,#3259);
#2342=LINE('',#13376,#3260);
#2343=LINE('',#13378,#3261);
#2344=LINE('',#13380,#3262);
#2345=LINE('',#13386,#3263);
#2346=LINE('',#13388,#3264);
#2347=LINE('',#13390,#3265);
#2348=LINE('',#13394,#3266);
#2349=LINE('',#13398,#3267);
#2350=LINE('',#13401,#3268);
#2351=LINE('',#13406,#3269);
#2352=LINE('',#13407,#3270);
#2353=LINE('',#13408,#3271);
#2354=LINE('',#13411,#3272);
#2355=LINE('',#13412,#3273);
#2356=LINE('',#13415,#3274);
#2357=LINE('',#13416,#3275);
#2358=LINE('',#13419,#3276);
#2359=LINE('',#13420,#3277);
#2360=LINE('',#13423,#3278);
#2361=LINE('',#13424,#3279);
#2362=LINE('',#13427,#3280);
#2363=LINE('',#13428,#3281);
#2364=LINE('',#13431,#3282);
#2365=LINE('',#13432,#3283);
#2366=LINE('',#13435,#3284);
#2367=LINE('',#13436,#3285);
#2368=LINE('',#13439,#3286);
#2369=LINE('',#13440,#3287);
#2370=LINE('',#13442,#3288);
#2371=LINE('',#13446,#3289);
#2372=LINE('',#13447,#3290);
#2373=LINE('',#13448,#3291);
#2374=LINE('',#13451,#3292);
#2375=LINE('',#13452,#3293);
#2376=LINE('',#13455,#3294);
#2377=LINE('',#13456,#3295);
#2378=LINE('',#13458,#3296);
#2379=LINE('',#13462,#3297);
#2380=LINE('',#13463,#3298);
#2381=LINE('',#13464,#3299);
#2382=LINE('',#13467,#3300);
#2383=LINE('',#13468,#3301);
#2384=LINE('',#13471,#3302);
#2385=LINE('',#13472,#3303);
#2386=LINE('',#13474,#3304);
#2387=LINE('',#13478,#3305);
#2388=LINE('',#13479,#3306);
#2389=LINE('',#13480,#3307);
#2390=LINE('',#13483,#3308);
#2391=LINE('',#13484,#3309);
#2392=LINE('',#13487,#3310);
#2393=LINE('',#13488,#3311);
#2394=LINE('',#13491,#3312);
#2395=LINE('',#13492,#3313);
#2396=LINE('',#13495,#3314);
#2397=LINE('',#13496,#3315);
#2398=LINE('',#13499,#3316);
#2399=LINE('',#13500,#3317);
#2400=LINE('',#13503,#3318);
#2401=LINE('',#13504,#3319);
#2402=LINE('',#13507,#3320);
#2403=LINE('',#13508,#3321);
#2404=LINE('',#13511,#3322);
#2405=LINE('',#13512,#3323);
#2406=LINE('',#13514,#3324);
#2407=LINE('',#13518,#3325);
#2408=LINE('',#13519,#3326);
#2409=LINE('',#13520,#3327);
#2410=LINE('',#13523,#3328);
#2411=LINE('',#13524,#3329);
#2412=LINE('',#13527,#3330);
#2413=LINE('',#13528,#3331);
#2414=LINE('',#13530,#3332);
#2415=LINE('',#13532,#3333);
#2416=LINE('',#13534,#3334);
#2417=LINE('',#13537,#3335);
#2418=LINE('',#13538,#3336);
#2419=LINE('',#13542,#3337);
#2420=LINE('',#13547,#3338);
#2421=LINE('',#13548,#3339);
#2422=LINE('',#13551,#3340);
#2423=LINE('',#13552,#3341);
#2424=LINE('',#13556,#3342);
#2425=LINE('',#13561,#3343);
#2426=LINE('',#13640,#3344);
#2427=LINE('',#13642,#3345);
#2428=LINE('',#13644,#3346);
#2429=LINE('',#13646,#3347);
#2430=LINE('',#13648,#3348);
#2431=LINE('',#13650,#3349);
#2432=LINE('',#13651,#3350);
#2433=LINE('',#13653,#3351);
#2434=LINE('',#13654,#3352);
#2435=LINE('',#13656,#3353);
#2436=LINE('',#13658,#3354);
#2437=LINE('',#13660,#3355);
#2438=LINE('',#13662,#3356);
#2439=LINE('',#13664,#3357);
#2440=LINE('',#13668,#3358);
#2441=LINE('',#13670,#3359);
#2442=LINE('',#13671,#3360);
#2443=LINE('',#13674,#3361);
#2444=LINE('',#13675,#3362);
#2445=LINE('',#13678,#3363);
#2446=LINE('',#13679,#3364);
#2447=LINE('',#13681,#3365);
#2448=LINE('',#13685,#3366);
#2449=LINE('',#13687,#3367);
#2450=LINE('',#13688,#3368);
#2451=LINE('',#13691,#3369);
#2452=LINE('',#13692,#3370);
#2453=LINE('',#13696,#3371);
#2454=LINE('',#13697,#3372);
#2455=LINE('',#13699,#3373);
#2456=LINE('',#13701,#3374);
#2457=LINE('',#13702,#3375);
#2458=LINE('',#13704,#3376);
#2459=LINE('',#13706,#3377);
#2460=LINE('',#13708,#3378);
#2461=LINE('',#13710,#3379);
#2462=LINE('',#13714,#3380);
#2463=LINE('',#13716,#3381);
#2464=LINE('',#13717,#3382);
#2465=LINE('',#13720,#3383);
#2466=LINE('',#13721,#3384);
#2467=LINE('',#13724,#3385);
#2468=LINE('',#13725,#3386);
#2469=LINE('',#13728,#3387);
#2470=LINE('',#13729,#3388);
#2471=LINE('',#13732,#3389);
#2472=LINE('',#13734,#3390);
#2473=LINE('',#13736,#3391);
#2474=LINE('',#13737,#3392);
#2475=LINE('',#13739,#3393);
#2476=LINE('',#13741,#3394);
#2477=LINE('',#13743,#3395);
#2478=VECTOR('',#8846,10.);
#2479=VECTOR('',#8849,1.4);
#2480=VECTOR('',#8854,10.);
#2481=VECTOR('',#8869,10.);
#2482=VECTOR('',#8870,10.);
#2483=VECTOR('',#8871,10.);
#2484=VECTOR('',#8872,10.);
#2485=VECTOR('',#8873,10.);
#2486=VECTOR('',#8874,10.);
#2487=VECTOR('',#8877,10.);
#2488=VECTOR('',#8878,10.);
#2489=VECTOR('',#8879,10.);
#2490=VECTOR('',#8880,10.);
#2491=VECTOR('',#8881,10.);
#2492=VECTOR('',#8882,10.);
#2493=VECTOR('',#8885,10.);
#2494=VECTOR('',#8886,10.);
#2495=VECTOR('',#8889,10.);
#2496=VECTOR('',#8892,10.);
#2497=VECTOR('',#8895,10.);
#2498=VECTOR('',#8896,10.);
#2499=VECTOR('',#8899,10.);
#2500=VECTOR('',#8900,10.);
#2501=VECTOR('',#8901,10.);
#2502=VECTOR('',#8902,10.);
#2503=VECTOR('',#8903,10.);
#2504=VECTOR('',#8904,10.);
#2505=VECTOR('',#8907,10.);
#2506=VECTOR('',#8908,10.);
#2507=VECTOR('',#8909,10.);
#2508=VECTOR('',#8910,10.);
#2509=VECTOR('',#8911,10.);
#2510=VECTOR('',#8912,10.);
#2511=VECTOR('',#8915,10.);
#2512=VECTOR('',#8916,10.);
#2513=VECTOR('',#8917,10.);
#2514=VECTOR('',#8918,10.);
#2515=VECTOR('',#8919,10.);
#2516=VECTOR('',#8922,10.);
#2517=VECTOR('',#8923,10.);
#2518=VECTOR('',#8924,10.);
#2519=VECTOR('',#8925,10.);
#2520=VECTOR('',#8926,10.);
#2521=VECTOR('',#8927,10.);
#2522=VECTOR('',#8928,10.);
#2523=VECTOR('',#8929,10.);
#2524=VECTOR('',#8930,10.);
#2525=VECTOR('',#8933,10.);
#2526=VECTOR('',#8934,10.);
#2527=VECTOR('',#8935,10.);
#2528=VECTOR('',#8936,10.);
#2529=VECTOR('',#8937,10.);
#2530=VECTOR('',#8942,10.);
#2531=VECTOR('',#8945,10.);
#2532=VECTOR('',#8946,10.);
#2533=VECTOR('',#8951,10.);
#2534=VECTOR('',#8952,10.);
#2535=VECTOR('',#8953,10.);
#2536=VECTOR('',#8956,10.);
#2537=VECTOR('',#8959,10.);
#2538=VECTOR('',#8962,10.);
#2539=VECTOR('',#8965,10.);
#2540=VECTOR('',#8968,10.);
#2541=VECTOR('',#8969,10.);
#2542=VECTOR('',#8970,10.);
#2543=VECTOR('',#8973,10.);
#2544=VECTOR('',#8974,10.);
#2545=VECTOR('',#8977,10.);
#2546=VECTOR('',#8978,10.);
#2547=VECTOR('',#8979,10.);
#2548=VECTOR('',#8982,10.);
#2549=VECTOR('',#8989,10.);
#2550=VECTOR('',#8990,10.);
#2551=VECTOR('',#8993,10.);
#2552=VECTOR('',#8994,10.);
#2553=VECTOR('',#8995,10.);
#2554=VECTOR('',#8996,10.);
#2555=VECTOR('',#8997,10.);
#2556=VECTOR('',#8998,10.);
#2557=VECTOR('',#8999,10.);
#2558=VECTOR('',#9000,10.);
#2559=VECTOR('',#9001,10.);
#2560=VECTOR('',#9002,10.);
#2561=VECTOR('',#9003,10.);
#2562=VECTOR('',#9004,10.);
#2563=VECTOR('',#9005,10.);
#2564=VECTOR('',#9006,10.);
#2565=VECTOR('',#9009,10.);
#2566=VECTOR('',#9010,10.);
#2567=VECTOR('',#9011,10.);
#2568=VECTOR('',#9012,10.);
#2569=VECTOR('',#9013,10.);
#2570=VECTOR('',#9016,10.);
#2571=VECTOR('',#9017,10.);
#2572=VECTOR('',#9018,10.);
#2573=VECTOR('',#9019,10.);
#2574=VECTOR('',#9020,10.);
#2575=VECTOR('',#9021,10.);
#2576=VECTOR('',#9022,10.);
#2577=VECTOR('',#9023,10.);
#2578=VECTOR('',#9024,10.);
#2579=VECTOR('',#9025,10.);
#2580=VECTOR('',#9026,10.);
#2581=VECTOR('',#9027,10.);
#2582=VECTOR('',#9028,10.);
#2583=VECTOR('',#9029,10.);
#2584=VECTOR('',#9032,10.);
#2585=VECTOR('',#9033,10.);
#2586=VECTOR('',#9036,10.);
#2587=VECTOR('',#9039,10.);
#2588=VECTOR('',#9040,10.);
#2589=VECTOR('',#9041,10.);
#2590=VECTOR('',#9042,10.);
#2591=VECTOR('',#9043,10.);
#2592=VECTOR('',#9044,10.);
#2593=VECTOR('',#9045,10.);
#2594=VECTOR('',#9046,10.);
#2595=VECTOR('',#9047,10.);
#2596=VECTOR('',#9048,10.);
#2597=VECTOR('',#9049,10.);
#2598=VECTOR('',#9050,10.);
#2599=VECTOR('',#9051,10.);
#2600=VECTOR('',#9052,10.);
#2601=VECTOR('',#9055,10.);
#2602=VECTOR('',#9062,10.);
#2603=VECTOR('',#9063,10.);
#2604=VECTOR('',#9064,10.);
#2605=VECTOR('',#9065,10.);
#2606=VECTOR('',#9066,10.);
#2607=VECTOR('',#9067,10.);
#2608=VECTOR('',#9068,10.);
#2609=VECTOR('',#9069,10.);
#2610=VECTOR('',#9070,10.);
#2611=VECTOR('',#9071,10.);
#2612=VECTOR('',#9072,10.);
#2613=VECTOR('',#9073,10.);
#2614=VECTOR('',#9074,10.);
#2615=VECTOR('',#9075,10.);
#2616=VECTOR('',#9076,10.);
#2617=VECTOR('',#9077,10.);
#2618=VECTOR('',#9078,10.);
#2619=VECTOR('',#9079,10.);
#2620=VECTOR('',#9080,10.);
#2621=VECTOR('',#9081,10.);
#2622=VECTOR('',#9082,10.);
#2623=VECTOR('',#9083,10.);
#2624=VECTOR('',#9084,10.);
#2625=VECTOR('',#9085,10.);
#2626=VECTOR('',#9086,10.);
#2627=VECTOR('',#9087,10.);
#2628=VECTOR('',#9092,10.);
#2629=VECTOR('',#9093,10.);
#2630=VECTOR('',#9098,10.);
#2631=VECTOR('',#9099,10.);
#2632=VECTOR('',#9100,10.);
#2633=VECTOR('',#9101,10.);
#2634=VECTOR('',#9104,10.);
#2635=VECTOR('',#9105,10.);
#2636=VECTOR('',#9106,10.);
#2637=VECTOR('',#9111,10.);
#2638=VECTOR('',#9114,10.);
#2639=VECTOR('',#9117,10.);
#2640=VECTOR('',#9120,10.);
#2641=VECTOR('',#9125,10.);
#2642=VECTOR('',#9126,10.);
#2643=VECTOR('',#9129,10.);
#2644=VECTOR('',#9132,10.);
#2645=VECTOR('',#9141,3.35000000000113);
#2646=VECTOR('',#9146,10.);
#2647=VECTOR('',#9149,10.);
#2648=VECTOR('',#9150,10.);
#2649=VECTOR('',#9151,10.);
#2650=VECTOR('',#9154,10.);
#2651=VECTOR('',#9155,10.);
#2652=VECTOR('',#9156,10.);
#2653=VECTOR('',#9159,10.);
#2654=VECTOR('',#9162,10.);
#2655=VECTOR('',#9163,10.);
#2656=VECTOR('',#9164,10.);
#2657=VECTOR('',#9165,10.);
#2658=VECTOR('',#9166,10.);
#2659=VECTOR('',#9167,10.);
#2660=VECTOR('',#9168,10.);
#2661=VECTOR('',#9169,10.);
#2662=VECTOR('',#9170,10.);
#2663=VECTOR('',#9171,10.);
#2664=VECTOR('',#9172,10.);
#2665=VECTOR('',#9173,10.);
#2666=VECTOR('',#9174,10.);
#2667=VECTOR('',#9175,10.);
#2668=VECTOR('',#9178,10.);
#2669=VECTOR('',#9179,10.);
#2670=VECTOR('',#9180,10.);
#2671=VECTOR('',#9183,10.);
#2672=VECTOR('',#9184,10.);
#2673=VECTOR('',#9185,10.);
#2674=VECTOR('',#9188,10.);
#2675=VECTOR('',#9191,10.);
#2676=VECTOR('',#9194,10.);
#2677=VECTOR('',#9195,10.);
#2678=VECTOR('',#9202,10.);
#2679=VECTOR('',#9203,10.);
#2680=VECTOR('',#9204,10.);
#2681=VECTOR('',#9205,10.);
#2682=VECTOR('',#9206,10.);
#2683=VECTOR('',#9207,10.);
#2684=VECTOR('',#9208,10.);
#2685=VECTOR('',#9209,10.);
#2686=VECTOR('',#9210,10.);
#2687=VECTOR('',#9211,10.);
#2688=VECTOR('',#9212,10.);
#2689=VECTOR('',#9213,10.);
#2690=VECTOR('',#9214,10.);
#2691=VECTOR('',#9215,10.);
#2692=VECTOR('',#9216,10.);
#2693=VECTOR('',#9217,10.);
#2694=VECTOR('',#9218,10.);
#2695=VECTOR('',#9219,10.);
#2696=VECTOR('',#9220,10.);
#2697=VECTOR('',#9221,10.);
#2698=VECTOR('',#9222,10.);
#2699=VECTOR('',#9223,10.);
#2700=VECTOR('',#9224,10.);
#2701=VECTOR('',#9225,10.);
#2702=VECTOR('',#9226,10.);
#2703=VECTOR('',#9227,10.);
#2704=VECTOR('',#9228,10.);
#2705=VECTOR('',#9229,10.);
#2706=VECTOR('',#9230,10.);
#2707=VECTOR('',#9231,10.);
#2708=VECTOR('',#9232,10.);
#2709=VECTOR('',#9233,10.);
#2710=VECTOR('',#9236,10.);
#2711=VECTOR('',#9237,10.);
#2712=VECTOR('',#9238,10.);
#2713=VECTOR('',#9239,10.);
#2714=VECTOR('',#9240,10.);
#2715=VECTOR('',#9241,10.);
#2716=VECTOR('',#9242,10.);
#2717=VECTOR('',#9243,10.);
#2718=VECTOR('',#9246,3.15);
#2719=VECTOR('',#9251,10.);
#2720=VECTOR('',#9266,10.);
#2721=VECTOR('',#9269,10.);
#2722=VECTOR('',#9272,10.);
#2723=VECTOR('',#9273,10.);
#2724=VECTOR('',#9274,10.);
#2725=VECTOR('',#9275,10.);
#2726=VECTOR('',#9284,10.);
#2727=VECTOR('',#9289,10.);
#2728=VECTOR('',#9300,10.);
#2729=VECTOR('',#9301,10.);
#2730=VECTOR('',#9302,10.);
#2731=VECTOR('',#9309,10.);
#2732=VECTOR('',#9310,10.);
#2733=VECTOR('',#9311,10.);
#2734=VECTOR('',#9314,10.);
#2735=VECTOR('',#9315,10.);
#2736=VECTOR('',#9316,10.);
#2737=VECTOR('',#9321,10.);
#2738=VECTOR('',#9324,10.);
#2739=VECTOR('',#9325,10.);
#2740=VECTOR('',#9328,10.);
#2741=VECTOR('',#9329,10.);
#2742=VECTOR('',#9334,10.);
#2743=VECTOR('',#9335,10.);
#2744=VECTOR('',#9336,10.);
#2745=VECTOR('',#9339,10.);
#2746=VECTOR('',#9340,10.);
#2747=VECTOR('',#9343,10.);
#2748=VECTOR('',#9344,10.);
#2749=VECTOR('',#9347,10.);
#2750=VECTOR('',#9348,10.);
#2751=VECTOR('',#9349,10.);
#2752=VECTOR('',#9354,10.);
#2753=VECTOR('',#9355,10.);
#2754=VECTOR('',#9362,10.);
#2755=VECTOR('',#9367,10.);
#2756=VECTOR('',#9368,10.);
#2757=VECTOR('',#9371,10.);
#2758=VECTOR('',#9372,10.);
#2759=VECTOR('',#9377,10.);
#2760=VECTOR('',#9378,10.);
#2761=VECTOR('',#9379,10.);
#2762=VECTOR('',#9380,10.);
#2763=VECTOR('',#9383,10.);
#2764=VECTOR('',#9384,10.);
#2765=VECTOR('',#9385,10.);
#2766=VECTOR('',#9388,10.);
#2767=VECTOR('',#9389,10.);
#2768=VECTOR('',#9390,10.);
#2769=VECTOR('',#9393,10.);
#2770=VECTOR('',#9394,10.);
#2771=VECTOR('',#9395,10.);
#2772=VECTOR('',#9398,10.);
#2773=VECTOR('',#9399,10.);
#2774=VECTOR('',#9400,10.);
#2775=VECTOR('',#9401,10.);
#2776=VECTOR('',#9404,10.);
#2777=VECTOR('',#9405,10.);
#2778=VECTOR('',#9408,10.);
#2779=VECTOR('',#9409,10.);
#2780=VECTOR('',#9412,10.);
#2781=VECTOR('',#9413,10.);
#2782=VECTOR('',#9416,10.);
#2783=VECTOR('',#9417,10.);
#2784=VECTOR('',#9418,10.);
#2785=VECTOR('',#9421,10.);
#2786=VECTOR('',#9422,10.);
#2787=VECTOR('',#9425,10.);
#2788=VECTOR('',#9428,10.);
#2789=VECTOR('',#9435,3.05);
#2790=VECTOR('',#9444,1.55);
#2791=VECTOR('',#9449,3.09999999999997);
#2792=VECTOR('',#9454,1.4);
#2793=VECTOR('',#9465,1.5);
#2794=VECTOR('',#9468,2.24999999999998);
#2795=VECTOR('',#9473,2.24999999999998);
#2796=VECTOR('',#9480,1.5);
#2797=VECTOR('',#9483,3.09999999999997);
#2798=VECTOR('',#9486,10.);
#2799=VECTOR('',#9487,10.);
#2800=VECTOR('',#9488,10.);
#2801=VECTOR('',#9489,10.);
#2802=VECTOR('',#9492,10.);
#2803=VECTOR('',#9493,10.);
#2804=VECTOR('',#9494,10.);
#2805=VECTOR('',#9497,10.);
#2806=VECTOR('',#9498,10.);
#2807=VECTOR('',#9501,10.);
#2808=VECTOR('',#9502,10.);
#2809=VECTOR('',#9503,10.);
#2810=VECTOR('',#9506,10.);
#2811=VECTOR('',#9507,10.);
#2812=VECTOR('',#9508,10.);
#2813=VECTOR('',#9511,10.);
#2814=VECTOR('',#9512,10.);
#2815=VECTOR('',#9513,10.);
#2816=VECTOR('',#9516,10.);
#2817=VECTOR('',#9521,10.);
#2818=VECTOR('',#9522,10.);
#2819=VECTOR('',#9523,10.);
#2820=VECTOR('',#9526,10.);
#2821=VECTOR('',#9527,10.);
#2822=VECTOR('',#9530,10.);
#2823=VECTOR('',#9531,10.);
#2824=VECTOR('',#9534,10.);
#2825=VECTOR('',#9537,10.);
#2826=VECTOR('',#9538,10.);
#2827=VECTOR('',#9539,10.);
#2828=VECTOR('',#9542,10.);
#2829=VECTOR('',#9543,10.);
#2830=VECTOR('',#9546,10.);
#2831=VECTOR('',#9547,10.);
#2832=VECTOR('',#9550,10.);
#2833=VECTOR('',#9551,10.);
#2834=VECTOR('',#9552,10.);
#2835=VECTOR('',#9555,10.);
#2836=VECTOR('',#9556,10.);
#2837=VECTOR('',#9557,10.);
#2838=VECTOR('',#9560,10.);
#2839=VECTOR('',#9561,10.);
#2840=VECTOR('',#9566,10.);
#2841=VECTOR('',#9569,10.);
#2842=VECTOR('',#9572,10.);
#2843=VECTOR('',#9575,10.);
#2844=VECTOR('',#9578,10.);
#2845=VECTOR('',#9587,10.);
#2846=VECTOR('',#9590,10.);
#2847=VECTOR('',#9595,10.);
#2848=VECTOR('',#9598,10.);
#2849=VECTOR('',#9619,10.);
#2850=VECTOR('',#9624,10.);
#2851=VECTOR('',#9629,10.);
#2852=VECTOR('',#9630,10.);
#2853=VECTOR('',#9631,10.);
#2854=VECTOR('',#9632,10.);
#2855=VECTOR('',#9633,10.);
#2856=VECTOR('',#9636,10.);
#2857=VECTOR('',#9637,10.);
#2858=VECTOR('',#9638,10.);
#2859=VECTOR('',#9639,10.);
#2860=VECTOR('',#9642,10.);
#2861=VECTOR('',#9643,10.);
#2862=VECTOR('',#9644,10.);
#2863=VECTOR('',#9649,10.);
#2864=VECTOR('',#9654,10.);
#2865=VECTOR('',#9659,10.);
#2866=VECTOR('',#9664,10.);
#2867=VECTOR('',#9665,10.);
#2868=VECTOR('',#9668,10.);
#2869=VECTOR('',#9669,10.);
#2870=VECTOR('',#9670,10.);
#2871=VECTOR('',#9671,10.);
#2872=VECTOR('',#9672,10.);
#2873=VECTOR('',#9675,1.5);
#2874=VECTOR('',#9684,10.);
#2875=VECTOR('',#9685,10.);
#2876=VECTOR('',#9692,10.);
#2877=VECTOR('',#9699,10.);
#2878=VECTOR('',#9702,10.);
#2879=VECTOR('',#9703,10.);
#2880=VECTOR('',#9706,10.);
#2881=VECTOR('',#9709,1.55);
#2882=VECTOR('',#9716,10.);
#2883=VECTOR('',#9725,1.35);
#2884=VECTOR('',#9734,10.);
#2885=VECTOR('',#9735,10.);
#2886=VECTOR('',#9736,10.);
#2887=VECTOR('',#9739,10.);
#2888=VECTOR('',#9740,4.);
#2889=VECTOR('',#9741,10.);
#2890=VECTOR('',#9742,10.);
#2891=VECTOR('',#9743,10.);
#2892=VECTOR('',#9744,10.);
#2893=VECTOR('',#9745,10.);
#2894=VECTOR('',#9746,4.);
#2895=VECTOR('',#9747,10.);
#2896=VECTOR('',#9750,10.);
#2897=VECTOR('',#9751,10.);
#2898=VECTOR('',#9752,10.);
#2899=VECTOR('',#9755,10.);
#2900=VECTOR('',#9756,10.);
#2901=VECTOR('',#9759,10.);
#2902=VECTOR('',#9760,9.99999999999999);
#2903=VECTOR('',#9761,10.);
#2904=VECTOR('',#9762,10.);
#2905=VECTOR('',#9763,10.);
#2906=VECTOR('',#9764,10.);
#2907=VECTOR('',#9765,10.);
#2908=VECTOR('',#9766,10.);
#2909=VECTOR('',#9767,10.);
#2910=VECTOR('',#9768,10.);
#2911=VECTOR('',#9769,10.);
#2912=VECTOR('',#9774,10.);
#2913=VECTOR('',#9777,10.);
#2914=VECTOR('',#9778,10.);
#2915=VECTOR('',#9779,10.);
#2916=VECTOR('',#9780,10.);
#2917=VECTOR('',#9781,10.);
#2918=VECTOR('',#9784,10.);
#2919=VECTOR('',#9787,10.);
#2920=VECTOR('',#9788,10.);
#2921=VECTOR('',#9789,10.);
#2922=VECTOR('',#9792,10.);
#2923=VECTOR('',#9793,10.);
#2924=VECTOR('',#9794,10.);
#2925=VECTOR('',#9797,10.);
#2926=VECTOR('',#9798,10.);
#2927=VECTOR('',#9799,10.);
#2928=VECTOR('',#9804,10.);
#2929=VECTOR('',#9807,10.);
#2930=VECTOR('',#9808,10.);
#2931=VECTOR('',#9815,10.);
#2932=VECTOR('',#9818,10.);
#2933=VECTOR('',#9819,10.);
#2934=VECTOR('',#9824,10.);
#2935=VECTOR('',#9829,10.);
#2936=VECTOR('',#9832,1.55);
#2937=VECTOR('',#9839,10.);
#2938=VECTOR('',#9840,10.);
#2939=VECTOR('',#9841,10.);
#2940=VECTOR('',#9842,10.);
#2941=VECTOR('',#9843,10.);
#2942=VECTOR('',#9848,10.);
#2943=VECTOR('',#9849,10.);
#2944=VECTOR('',#9850,10.);
#2945=VECTOR('',#9851,10.);
#2946=VECTOR('',#9852,10.);
#2947=VECTOR('',#9853,10.);
#2948=VECTOR('',#9856,10.);
#2949=VECTOR('',#9857,10.);
#2950=VECTOR('',#9858,10.);
#2951=VECTOR('',#9861,10.);
#2952=VECTOR('',#9862,10.);
#2953=VECTOR('',#9863,10.);
#2954=VECTOR('',#9868,10.);
#2955=VECTOR('',#9869,10.);
#2956=VECTOR('',#9874,10.);
#2957=VECTOR('',#9881,1.5);
#2958=VECTOR('',#9890,10.);
#2959=VECTOR('',#9893,10.);
#2960=VECTOR('',#9894,10.);
#2961=VECTOR('',#9901,1.35);
#2962=VECTOR('',#9910,1.55);
#2963=VECTOR('',#9915,10.);
#2964=VECTOR('',#9916,10.);
#2965=VECTOR('',#9917,10.);
#2966=VECTOR('',#9920,10.);
#2967=VECTOR('',#9921,10.);
#2968=VECTOR('',#9922,10.);
#2969=VECTOR('',#9923,10.);
#2970=VECTOR('',#9926,10.);
#2971=VECTOR('',#9931,10.);
#2972=VECTOR('',#9936,10.);
#2973=VECTOR('',#9941,10.);
#2974=VECTOR('',#9942,10.);
#2975=VECTOR('',#9943,10.);
#2976=VECTOR('',#9944,10.);
#2977=VECTOR('',#9945,10.);
#2978=VECTOR('',#9948,10.);
#2979=VECTOR('',#9949,10.);
#2980=VECTOR('',#9952,10.);
#2981=VECTOR('',#9955,10.);
#2982=VECTOR('',#9960,10.);
#2983=VECTOR('',#9965,10.);
#2984=VECTOR('',#9968,10.);
#2985=VECTOR('',#9971,10.);
#2986=VECTOR('',#9974,9.99999999999999);
#2987=VECTOR('',#9975,10.);
#2988=VECTOR('',#9976,10.);
#2989=VECTOR('',#9977,10.);
#2990=VECTOR('',#9980,10.);
#2991=VECTOR('',#9981,10.);
#2992=VECTOR('',#9982,10.);
#2993=VECTOR('',#9985,10.);
#2994=VECTOR('',#9986,9.99999999999999);
#2995=VECTOR('',#9987,10.);
#2996=VECTOR('',#9988,10.);
#2997=VECTOR('',#9991,10.);
#2998=VECTOR('',#9992,10.);
#2999=VECTOR('',#9993,10.);
#3000=VECTOR('',#9996,10.);
#3001=VECTOR('',#9997,10.);
#3002=VECTOR('',#10000,10.);
#3003=VECTOR('',#10001,10.);
#3004=VECTOR('',#10002,10.);
#3005=VECTOR('',#10005,10.);
#3006=VECTOR('',#10006,10.);
#3007=VECTOR('',#10009,10.);
#3008=VECTOR('',#10010,10.);
#3009=VECTOR('',#10013,10.);
#3010=VECTOR('',#10014,10.);
#3011=VECTOR('',#10017,10.);
#3012=VECTOR('',#10018,10.);
#3013=VECTOR('',#10021,10.);
#3014=VECTOR('',#10026,9.99999999999999);
#3015=VECTOR('',#10027,10.);
#3016=VECTOR('',#10032,10.);
#3017=VECTOR('',#10033,9.99999999999999);
#3018=VECTOR('',#10034,10.);
#3019=VECTOR('',#10035,10.);
#3020=VECTOR('',#10038,10.);
#3021=VECTOR('',#10039,10.);
#3022=VECTOR('',#10040,10.);
#3023=VECTOR('',#10043,10.);
#3024=VECTOR('',#10044,10.);
#3025=VECTOR('',#10045,10.);
#3026=VECTOR('',#10048,10.);
#3027=VECTOR('',#10049,10.);
#3028=VECTOR('',#10052,10.);
#3029=VECTOR('',#10053,10.);
#3030=VECTOR('',#10054,10.);
#3031=VECTOR('',#10057,10.);
#3032=VECTOR('',#10058,10.);
#3033=VECTOR('',#10059,10.);
#3034=VECTOR('',#10062,10.);
#3035=VECTOR('',#10063,10.);
#3036=VECTOR('',#10064,10.);
#3037=VECTOR('',#10067,10.);
#3038=VECTOR('',#10068,10.);
#3039=VECTOR('',#10071,10.);
#3040=VECTOR('',#10072,10.);
#3041=VECTOR('',#10073,10.);
#3042=VECTOR('',#10076,10.);
#3043=VECTOR('',#10079,10.);
#3044=VECTOR('',#10080,10.);
#3045=VECTOR('',#10083,10.);
#3046=VECTOR('',#10088,3.1);
#3047=VECTOR('',#10091,1.55);
#3048=VECTOR('',#10094,3.1);
#3049=VECTOR('',#10097,10.);
#3050=VECTOR('',#10100,10.);
#3051=VECTOR('',#10105,10.);
#3052=VECTOR('',#10108,10.);
#3053=VECTOR('',#10109,10.);
#3054=VECTOR('',#10110,10.);
#3055=VECTOR('',#10113,10.);
#3056=VECTOR('',#10114,10.);
#3057=VECTOR('',#10115,10.);
#3058=VECTOR('',#10118,10.);
#3059=VECTOR('',#10121,10.);
#3060=VECTOR('',#10122,10.);
#3061=VECTOR('',#10125,10.);
#3062=VECTOR('',#10126,10.);
#3063=VECTOR('',#10135,0.9);
#3064=VECTOR('',#10144,1.);
#3065=VECTOR('',#10147,10.);
#3066=VECTOR('',#10150,10.);
#3067=VECTOR('',#10153,10.);
#3068=VECTOR('',#10156,10.);
#3069=VECTOR('',#10161,10.);
#3070=VECTOR('',#10164,10.);
#3071=VECTOR('',#10165,10.);
#3072=VECTOR('',#10166,10.);
#3073=VECTOR('',#10171,10.);
#3074=VECTOR('',#10172,10.);
#3075=VECTOR('',#10173,10.);
#3076=VECTOR('',#10174,10.);
#3077=VECTOR('',#10175,10.);
#3078=VECTOR('',#10176,10.);
#3079=VECTOR('',#10177,10.);
#3080=VECTOR('',#10190,1.4);
#3081=VECTOR('',#10193,1.4);
#3082=VECTOR('',#10202,10.);
#3083=VECTOR('',#10203,10.);
#3084=VECTOR('',#10204,10.);
#3085=VECTOR('',#10205,10.);
#3086=VECTOR('',#10210,10.);
#3087=VECTOR('',#10223,10.);
#3088=VECTOR('',#10226,10.);
#3089=VECTOR('',#10227,10.);
#3090=VECTOR('',#10230,10.);
#3091=VECTOR('',#10231,10.);
#3092=VECTOR('',#10236,1.50000000000001);
#3093=VECTOR('',#10239,10.);
#3094=VECTOR('',#10240,10.);
#3095=VECTOR('',#10241,10.);
#3096=VECTOR('',#10246,10.);
#3097=VECTOR('',#10247,10.);
#3098=VECTOR('',#10252,1.5);
#3099=VECTOR('',#10255,10.);
#3100=VECTOR('',#10260,10.);
#3101=VECTOR('',#10261,10.);
#3102=VECTOR('',#10264,10.);
#3103=VECTOR('',#10267,10.);
#3104=VECTOR('',#10272,10.);
#3105=VECTOR('',#10273,10.);
#3106=VECTOR('',#10274,10.);
#3107=VECTOR('',#10279,10.);
#3108=VECTOR('',#10284,10.);
#3109=VECTOR('',#10285,10.);
#3110=VECTOR('',#10286,10.);
#3111=VECTOR('',#10289,10.);
#3112=VECTOR('',#10290,10.);
#3113=VECTOR('',#10293,10.);
#3114=VECTOR('',#10294,10.);
#3115=VECTOR('',#10297,10.);
#3116=VECTOR('',#10300,10.);
#3117=VECTOR('',#10301,10.);
#3118=VECTOR('',#10304,10.);
#3119=VECTOR('',#10305,10.);
#3120=VECTOR('',#10308,10.);
#3121=VECTOR('',#10309,10.);
#3122=VECTOR('',#10310,10.);
#3123=VECTOR('',#10311,10.);
#3124=VECTOR('',#10316,10.);
#3125=VECTOR('',#10319,10.);
#3126=VECTOR('',#10322,10.);
#3127=VECTOR('',#10323,10.);
#3128=VECTOR('',#10324,10.);
#3129=VECTOR('',#10325,10.);
#3130=VECTOR('',#10326,10.);
#3131=VECTOR('',#10327,10.);
#3132=VECTOR('',#10328,10.);
#3133=VECTOR('',#10331,10.);
#3134=VECTOR('',#10332,10.);
#3135=VECTOR('',#10333,10.);
#3136=VECTOR('',#10334,10.);
#3137=VECTOR('',#10337,10.);
#3138=VECTOR('',#10338,10.);
#3139=VECTOR('',#10343,10.);
#3140=VECTOR('',#10346,10.);
#3141=VECTOR('',#10347,10.);
#3142=VECTOR('',#10348,9.99999999999999);
#3143=VECTOR('',#10349,10.);
#3144=VECTOR('',#10350,10.);
#3145=VECTOR('',#10353,10.);
#3146=VECTOR('',#10364,10.);
#3147=VECTOR('',#10369,10.);
#3148=VECTOR('',#10372,10.);
#3149=VECTOR('',#10383,10.);
#3150=VECTOR('',#10388,10.);
#3151=VECTOR('',#10391,10.);
#3152=VECTOR('',#10394,10.);
#3153=VECTOR('',#10397,10.);
#3154=VECTOR('',#10400,10.);
#3155=VECTOR('',#10403,10.);
#3156=VECTOR('',#10406,10.);
#3157=VECTOR('',#10409,10.);
#3158=VECTOR('',#10412,10.);
#3159=VECTOR('',#10415,10.);
#3160=VECTOR('',#10418,10.);
#3161=VECTOR('',#10419,10.);
#3162=VECTOR('',#10426,1.);
#3163=VECTOR('',#10429,10.);
#3164=VECTOR('',#10430,10.);
#3165=VECTOR('',#10433,10.);
#3166=VECTOR('',#10436,10.);
#3167=VECTOR('',#10441,10.);
#3168=VECTOR('',#10444,10.);
#3169=VECTOR('',#10447,10.);
#3170=VECTOR('',#10450,10.);
#3171=VECTOR('',#10461,10.);
#3172=VECTOR('',#10462,10.);
#3173=VECTOR('',#10471,10.);
#3174=VECTOR('',#10474,10.);
#3175=VECTOR('',#10475,10.);
#3176=VECTOR('',#10478,10.);
#3177=VECTOR('',#10481,10.);
#3178=VECTOR('',#10484,10.);
#3179=VECTOR('',#10485,10.);
#3180=VECTOR('',#10488,10.);
#3181=VECTOR('',#10493,10.);
#3182=VECTOR('',#10496,10.);
#3183=VECTOR('',#10499,10.);
#3184=VECTOR('',#10508,10.);
#3185=VECTOR('',#10511,10.);
#3186=VECTOR('',#10514,10.);
#3187=VECTOR('',#10523,3.15);
#3188=VECTOR('',#10526,10.);
#3189=VECTOR('',#10527,10.);
#3190=VECTOR('',#10528,10.);
#3191=VECTOR('',#10529,10.);
#3192=VECTOR('',#10530,10.);
#3193=VECTOR('',#10533,10.);
#3194=VECTOR('',#10534,10.);
#3195=VECTOR('',#10537,10.);
#3196=VECTOR('',#10538,10.);
#3197=VECTOR('',#10541,10.);
#3198=VECTOR('',#10542,10.);
#3199=VECTOR('',#10545,10.);
#3200=VECTOR('',#10546,10.);
#3201=VECTOR('',#10547,10.);
#3202=VECTOR('',#10548,10.);
#3203=VECTOR('',#10549,10.);
#3204=VECTOR('',#10552,10.);
#3205=VECTOR('',#10553,10.);
#3206=VECTOR('',#10556,10.);
#3207=VECTOR('',#10557,10.);
#3208=VECTOR('',#10558,10.);
#3209=VECTOR('',#10561,10.);
#3210=VECTOR('',#10564,10.);
#3211=VECTOR('',#10569,10.);
#3212=VECTOR('',#10570,10.);
#3213=VECTOR('',#10571,12.);
#3214=VECTOR('',#10574,10.);
#3215=VECTOR('',#10577,10.);
#3216=VECTOR('',#10580,10.);
#3217=VECTOR('',#10581,10.);
#3218=VECTOR('',#10582,10.);
#3219=VECTOR('',#10585,10.);
#3220=VECTOR('',#10586,10.);
#3221=VECTOR('',#10589,10.);
#3222=VECTOR('',#10590,10.);
#3223=VECTOR('',#10591,10.);
#3224=VECTOR('',#10592,10.);
#3225=VECTOR('',#10593,10.);
#3226=VECTOR('',#10596,10.);
#3227=VECTOR('',#10597,10.);
#3228=VECTOR('',#10600,10.);
#3229=VECTOR('',#10601,10.);
#3230=VECTOR('',#10604,10.);
#3231=VECTOR('',#10609,3.15);
#3232=VECTOR('',#10612,10.);
#3233=VECTOR('',#10613,10.);
#3234=VECTOR('',#10614,10.);
#3235=VECTOR('',#10617,10.);
#3236=VECTOR('',#10618,10.);
#3237=VECTOR('',#10625,10.);
#3238=VECTOR('',#10626,10.);
#3239=VECTOR('',#10627,10.);
#3240=VECTOR('',#10634,10.);
#3241=VECTOR('',#10637,10.);
#3242=VECTOR('',#10638,10.);
#3243=VECTOR('',#10645,10.);
#3244=VECTOR('',#10646,10.);
#3245=VECTOR('',#10649,10.);
#3246=VECTOR('',#10650,10.);
#3247=VECTOR('',#10653,10.);
#3248=VECTOR('',#10654,10.);
#3249=VECTOR('',#10657,10.);
#3250=VECTOR('',#10658,10.);
#3251=VECTOR('',#10661,10.);
#3252=VECTOR('',#10664,10.);
#3253=VECTOR('',#10667,10.);
#3254=VECTOR('',#10674,10.);
#3255=VECTOR('',#10675,10.);
#3256=VECTOR('',#10678,10.);
#3257=VECTOR('',#10679,10.);
#3258=VECTOR('',#10682,10.);
#3259=VECTOR('',#10687,10.);
#3260=VECTOR('',#10688,10.);
#3261=VECTOR('',#10691,10.);
#3262=VECTOR('',#10694,10.);
#3263=VECTOR('',#10703,10.);
#3264=VECTOR('',#10706,10.);
#3265=VECTOR('',#10709,10.);
#3266=VECTOR('',#10716,1.75);
#3267=VECTOR('',#10721,2.35);
#3268=VECTOR('',#10724,2.35);
#3269=VECTOR('',#10729,7.5);
#3270=VECTOR('',#10730,10.);
#3271=VECTOR('',#10731,10.);
#3272=VECTOR('',#10734,7.5);
#3273=VECTOR('',#10735,10.);
#3274=VECTOR('',#10738,7.5);
#3275=VECTOR('',#10739,10.);
#3276=VECTOR('',#10742,7.5);
#3277=VECTOR('',#10743,10.);
#3278=VECTOR('',#10746,7.5);
#3279=VECTOR('',#10747,10.);
#3280=VECTOR('',#10750,7.5);
#3281=VECTOR('',#10751,10.);
#3282=VECTOR('',#10754,7.5);
#3283=VECTOR('',#10755,10.);
#3284=VECTOR('',#10758,7.5);
#3285=VECTOR('',#10759,10.);
#3286=VECTOR('',#10762,7.5);
#3287=VECTOR('',#10763,10.);
#3288=VECTOR('',#10766,7.5);
#3289=VECTOR('',#10769,7.5);
#3290=VECTOR('',#10770,10.);
#3291=VECTOR('',#10771,10.);
#3292=VECTOR('',#10774,7.5);
#3293=VECTOR('',#10775,10.);
#3294=VECTOR('',#10778,7.5);
#3295=VECTOR('',#10779,10.);
#3296=VECTOR('',#10782,7.5);
#3297=VECTOR('',#10785,7.5);
#3298=VECTOR('',#10786,10.);
#3299=VECTOR('',#10787,10.);
#3300=VECTOR('',#10790,7.5);
#3301=VECTOR('',#10791,10.);
#3302=VECTOR('',#10794,7.5);
#3303=VECTOR('',#10795,10.);
#3304=VECTOR('',#10798,7.5);
#3305=VECTOR('',#10801,7.5);
#3306=VECTOR('',#10802,10.);
#3307=VECTOR('',#10803,10.);
#3308=VECTOR('',#10806,7.5);
#3309=VECTOR('',#10807,10.);
#3310=VECTOR('',#10810,7.5);
#3311=VECTOR('',#10811,10.);
#3312=VECTOR('',#10814,7.5);
#3313=VECTOR('',#10815,10.);
#3314=VECTOR('',#10818,7.5);
#3315=VECTOR('',#10819,10.);
#3316=VECTOR('',#10822,7.49999999999999);
#3317=VECTOR('',#10823,10.);
#3318=VECTOR('',#10826,7.5);
#3319=VECTOR('',#10827,10.);
#3320=VECTOR('',#10830,7.5);
#3321=VECTOR('',#10831,10.);
#3322=VECTOR('',#10834,7.5);
#3323=VECTOR('',#10835,10.);
#3324=VECTOR('',#10838,7.49999999999999);
#3325=VECTOR('',#10841,7.5);
#3326=VECTOR('',#10842,10.);
#3327=VECTOR('',#10843,10.);
#3328=VECTOR('',#10846,7.5);
#3329=VECTOR('',#10847,10.);
#3330=VECTOR('',#10850,7.5);
#3331=VECTOR('',#10851,10.);
#3332=VECTOR('',#10854,7.5);
#3333=VECTOR('',#10857,10.);
#3334=VECTOR('',#10860,10.);
#3335=VECTOR('',#10865,10.);
#3336=VECTOR('',#10866,10.);
#3337=VECTOR('',#10871,10.);
#3338=VECTOR('',#10876,10.);
#3339=VECTOR('',#10877,10.);
#3340=VECTOR('',#10880,10.);
#3341=VECTOR('',#10881,10.);
#3342=VECTOR('',#10886,10.);
#3343=VECTOR('',#10895,1.75);
#3344=VECTOR('',#10916,8.);
#3345=VECTOR('',#10917,8.);
#3346=VECTOR('',#10918,8.);
#3347=VECTOR('',#10919,8.);
#3348=VECTOR('',#10920,8.);
#3349=VECTOR('',#10921,8.);
#3350=VECTOR('',#10922,8.);
#3351=VECTOR('',#10925,8.);
#3352=VECTOR('',#10926,8.);
#3353=VECTOR('',#10929,8.);
#3354=VECTOR('',#10932,8.);
#3355=VECTOR('',#10935,8.);
#3356=VECTOR('',#10938,8.);
#3357=VECTOR('',#10941,8.);
#3358=VECTOR('',#10946,10.);
#3359=VECTOR('',#10947,8.);
#3360=VECTOR('',#10948,10.);
#3361=VECTOR('',#10951,10.);
#3362=VECTOR('',#10952,8.);
#3363=VECTOR('',#10955,8.);
#3364=VECTOR('',#10956,8.);
#3365=VECTOR('',#10959,10.);
#3366=VECTOR('',#10964,10.);
#3367=VECTOR('',#10965,8.);
#3368=VECTOR('',#10966,10.);
#3369=VECTOR('',#10969,10.);
#3370=VECTOR('',#10970,8.);
#3371=VECTOR('',#10973,8.);
#3372=VECTOR('',#10974,8.);
#3373=VECTOR('',#10975,8.);
#3374=VECTOR('',#10976,8.);
#3375=VECTOR('',#10977,8.);
#3376=VECTOR('',#10980,10.);
#3377=VECTOR('',#10983,10.);
#3378=VECTOR('',#10986,10.);
#3379=VECTOR('',#10989,10.);
#3380=VECTOR('',#10994,8.);
#3381=VECTOR('',#10995,8.);
#3382=VECTOR('',#10996,8.);
#3383=VECTOR('',#10999,8.);
#3384=VECTOR('',#11000,8.);
#3385=VECTOR('',#11003,8.);
#3386=VECTOR('',#11004,8.);
#3387=VECTOR('',#11007,8.);
#3388=VECTOR('',#11008,8.);
#3389=VECTOR('',#11011,8.);
#3390=VECTOR('',#11012,8.);
#3391=VECTOR('',#11013,8.);
#3392=VECTOR('',#11014,8.);
#3393=VECTOR('',#11017,8.);
#3394=VECTOR('',#11020,8.);
#3395=VECTOR('',#11023,8.);
#3396=VERTEX_POINT('',#11037);
#3397=VERTEX_POINT('',#11038);
#3398=VERTEX_POINT('',#11040);
#3399=VERTEX_POINT('',#11042);
#3400=VERTEX_POINT('',#11045);
#3401=VERTEX_POINT('',#11047);
#3402=VERTEX_POINT('',#11051);
#3403=VERTEX_POINT('',#11057);
#3404=VERTEX_POINT('',#11058);
#3405=VERTEX_POINT('',#11060);
#3406=VERTEX_POINT('',#11062);
#3407=VERTEX_POINT('',#11064);
#3408=VERTEX_POINT('',#11066);
#3409=VERTEX_POINT('',#11070);
#3410=VERTEX_POINT('',#11072);
#3411=VERTEX_POINT('',#11074);
#3412=VERTEX_POINT('',#11076);
#3413=VERTEX_POINT('',#11078);
#3414=VERTEX_POINT('',#11080);
#3415=VERTEX_POINT('',#11082);
#3416=VERTEX_POINT('',#11084);
#3417=VERTEX_POINT('',#11086);
#3418=VERTEX_POINT('',#11088);
#3419=VERTEX_POINT('',#11090);
#3420=VERTEX_POINT('',#11092);
#3421=VERTEX_POINT('',#11094);
#3422=VERTEX_POINT('',#11096);
#3423=VERTEX_POINT('',#11098);
#3424=VERTEX_POINT('',#11100);
#3425=VERTEX_POINT('',#11102);
#3426=VERTEX_POINT('',#11104);
#3427=VERTEX_POINT('',#11106);
#3428=VERTEX_POINT('',#11108);
#3429=VERTEX_POINT('',#11110);
#3430=VERTEX_POINT('',#11112);
#3431=VERTEX_POINT('',#11116);
#3432=VERTEX_POINT('',#11117);
#3433=VERTEX_POINT('',#11119);
#3434=VERTEX_POINT('',#11121);
#3435=VERTEX_POINT('',#11123);
#3436=VERTEX_POINT('',#11125);
#3437=VERTEX_POINT('',#11129);
#3438=VERTEX_POINT('',#11131);
#3439=VERTEX_POINT('',#11133);
#3440=VERTEX_POINT('',#11135);
#3441=VERTEX_POINT('',#11137);
#3442=VERTEX_POINT('',#11139);
#3443=VERTEX_POINT('',#11141);
#3444=VERTEX_POINT('',#11143);
#3445=VERTEX_POINT('',#11145);
#3446=VERTEX_POINT('',#11147);
#3447=VERTEX_POINT('',#11149);
#3448=VERTEX_POINT('',#11151);
#3449=VERTEX_POINT('',#11153);
#3450=VERTEX_POINT('',#11155);
#3451=VERTEX_POINT('',#11157);
#3452=VERTEX_POINT('',#11159);
#3453=VERTEX_POINT('',#11161);
#3454=VERTEX_POINT('',#11163);
#3455=VERTEX_POINT('',#11165);
#3456=VERTEX_POINT('',#11167);
#3457=VERTEX_POINT('',#11170);
#3458=VERTEX_POINT('',#11173);
#3459=VERTEX_POINT('',#11175);
#3460=VERTEX_POINT('',#11177);
#3461=VERTEX_POINT('',#11181);
#3462=VERTEX_POINT('',#11182);
#3463=VERTEX_POINT('',#11185);
#3464=VERTEX_POINT('',#11189);
#3465=VERTEX_POINT('',#11191);
#3466=VERTEX_POINT('',#11195);
#3467=VERTEX_POINT('',#11197);
#3468=VERTEX_POINT('',#11201);
#3469=VERTEX_POINT('',#11203);
#3470=VERTEX_POINT('',#11207);
#3471=VERTEX_POINT('',#11211);
#3472=VERTEX_POINT('',#11213);
#3473=VERTEX_POINT('',#11217);
#3474=VERTEX_POINT('',#11218);
#3475=VERTEX_POINT('',#11220);
#3476=VERTEX_POINT('',#11222);
#3477=VERTEX_POINT('',#11224);
#3478=VERTEX_POINT('',#11226);
#3479=VERTEX_POINT('',#11228);
#3480=VERTEX_POINT('',#11230);
#3481=VERTEX_POINT('',#11232);
#3482=VERTEX_POINT('',#11234);
#3483=VERTEX_POINT('',#11236);
#3484=VERTEX_POINT('',#11238);
#3485=VERTEX_POINT('',#11240);
#3486=VERTEX_POINT('',#11243);
#3487=VERTEX_POINT('',#11246);
#3488=VERTEX_POINT('',#11248);
#3489=VERTEX_POINT('',#11250);
#3490=VERTEX_POINT('',#11252);
#3491=VERTEX_POINT('',#11254);
#3492=VERTEX_POINT('',#11258);
#3493=VERTEX_POINT('',#11260);
#3494=VERTEX_POINT('',#11262);
#3495=VERTEX_POINT('',#11264);
#3496=VERTEX_POINT('',#11268);
#3497=VERTEX_POINT('',#11270);
#3498=VERTEX_POINT('',#11272);
#3499=VERTEX_POINT('',#11274);
#3500=VERTEX_POINT('',#11276);
#3501=VERTEX_POINT('',#11279);
#3502=VERTEX_POINT('',#11282);
#3503=VERTEX_POINT('',#11284);
#3504=VERTEX_POINT('',#11286);
#3505=VERTEX_POINT('',#11288);
#3506=VERTEX_POINT('',#11290);
#3507=VERTEX_POINT('',#11292);
#3508=VERTEX_POINT('',#11294);
#3509=VERTEX_POINT('',#11296);
#3510=VERTEX_POINT('',#11298);
#3511=VERTEX_POINT('',#11300);
#3512=VERTEX_POINT('',#11302);
#3513=VERTEX_POINT('',#11304);
#3514=VERTEX_POINT('',#11306);
#3515=VERTEX_POINT('',#11308);
#3516=VERTEX_POINT('',#11310);
#3517=VERTEX_POINT('',#11312);
#3518=VERTEX_POINT('',#11314);
#3519=VERTEX_POINT('',#11316);
#3520=VERTEX_POINT('',#11318);
#3521=VERTEX_POINT('',#11320);
#3522=VERTEX_POINT('',#11322);
#3523=VERTEX_POINT('',#11324);
#3524=VERTEX_POINT('',#11326);
#3525=VERTEX_POINT('',#11328);
#3526=VERTEX_POINT('',#11330);
#3527=VERTEX_POINT('',#11332);
#3528=VERTEX_POINT('',#11334);
#3529=VERTEX_POINT('',#11336);
#3530=VERTEX_POINT('',#11339);
#3531=VERTEX_POINT('',#11341);
#3532=VERTEX_POINT('',#11343);
#3533=VERTEX_POINT('',#11344);
#3534=VERTEX_POINT('',#11346);
#3535=VERTEX_POINT('',#11348);
#3536=VERTEX_POINT('',#11350);
#3537=VERTEX_POINT('',#11352);
#3538=VERTEX_POINT('',#11354);
#3539=VERTEX_POINT('',#11357);
#3540=VERTEX_POINT('',#11358);
#3541=VERTEX_POINT('',#11360);
#3542=VERTEX_POINT('',#11362);
#3543=VERTEX_POINT('',#11365);
#3544=VERTEX_POINT('',#11366);
#3545=VERTEX_POINT('',#11368);
#3546=VERTEX_POINT('',#11370);
#3547=VERTEX_POINT('',#11372);
#3548=VERTEX_POINT('',#11374);
#3549=VERTEX_POINT('',#11376);
#3550=VERTEX_POINT('',#11379);
#3551=VERTEX_POINT('',#11380);
#3552=VERTEX_POINT('',#11382);
#3553=VERTEX_POINT('',#11384);
#3554=VERTEX_POINT('',#11386);
#3555=VERTEX_POINT('',#11388);
#3556=VERTEX_POINT('',#11390);
#3557=VERTEX_POINT('',#11392);
#3558=VERTEX_POINT('',#11396);
#3559=VERTEX_POINT('',#11397);
#3560=VERTEX_POINT('',#11400);
#3561=VERTEX_POINT('',#11404);
#3562=VERTEX_POINT('',#11406);
#3563=VERTEX_POINT('',#11408);
#3564=VERTEX_POINT('',#11412);
#3565=VERTEX_POINT('',#11414);
#3566=VERTEX_POINT('',#11416);
#3567=VERTEX_POINT('',#11420);
#3568=VERTEX_POINT('',#11421);
#3569=VERTEX_POINT('',#11423);
#3570=VERTEX_POINT('',#11425);
#3571=VERTEX_POINT('',#11427);
#3572=VERTEX_POINT('',#11432);
#3573=VERTEX_POINT('',#11434);
#3574=VERTEX_POINT('',#11436);
#3575=VERTEX_POINT('',#11447);
#3576=VERTEX_POINT('',#11449);
#3577=VERTEX_POINT('',#11456);
#3578=VERTEX_POINT('',#11458);
#3579=VERTEX_POINT('',#11465);
#3580=VERTEX_POINT('',#11478);
#3581=VERTEX_POINT('',#11480);
#3582=VERTEX_POINT('',#11482);
#3583=VERTEX_POINT('',#11484);
#3584=VERTEX_POINT('',#11489);
#3585=VERTEX_POINT('',#11491);
#3586=VERTEX_POINT('',#11496);
#3587=VERTEX_POINT('',#11498);
#3588=VERTEX_POINT('',#11500);
#3589=VERTEX_POINT('',#11504);
#3590=VERTEX_POINT('',#11506);
#3591=VERTEX_POINT('',#11510);
#3592=VERTEX_POINT('',#11511);
#3593=VERTEX_POINT('',#11513);
#3594=VERTEX_POINT('',#11515);
#3595=VERTEX_POINT('',#11517);
#3596=VERTEX_POINT('',#11519);
#3597=VERTEX_POINT('',#11521);
#3598=VERTEX_POINT('',#11523);
#3599=VERTEX_POINT('',#11525);
#3600=VERTEX_POINT('',#11528);
#3601=VERTEX_POINT('',#11530);
#3602=VERTEX_POINT('',#11532);
#3603=VERTEX_POINT('',#11534);
#3604=VERTEX_POINT('',#11536);
#3605=VERTEX_POINT('',#11538);
#3606=VERTEX_POINT('',#11540);
#3607=VERTEX_POINT('',#11542);
#3608=VERTEX_POINT('',#11544);
#3609=VERTEX_POINT('',#11546);
#3610=VERTEX_POINT('',#11548);
#3611=VERTEX_POINT('',#11550);
#3612=VERTEX_POINT('',#11552);
#3613=VERTEX_POINT('',#11554);
#3614=VERTEX_POINT('',#11556);
#3615=VERTEX_POINT('',#11558);
#3616=VERTEX_POINT('',#11560);
#3617=VERTEX_POINT('',#11562);
#3618=VERTEX_POINT('',#11564);
#3619=VERTEX_POINT('',#11566);
#3620=VERTEX_POINT('',#11568);
#3621=VERTEX_POINT('',#11570);
#3622=VERTEX_POINT('',#11572);
#3623=VERTEX_POINT('',#11574);
#3624=VERTEX_POINT('',#11576);
#3625=VERTEX_POINT('',#11578);
#3626=VERTEX_POINT('',#11580);
#3627=VERTEX_POINT('',#11582);
#3628=VERTEX_POINT('',#11584);
#3629=VERTEX_POINT('',#11589);
#3630=VERTEX_POINT('',#11591);
#3631=VERTEX_POINT('',#11593);
#3632=VERTEX_POINT('',#11595);
#3633=VERTEX_POINT('',#11596);
#3634=VERTEX_POINT('',#11598);
#3635=VERTEX_POINT('',#11600);
#3636=VERTEX_POINT('',#11603);
#3637=VERTEX_POINT('',#11604);
#3638=VERTEX_POINT('',#11606);
#3639=VERTEX_POINT('',#11608);
#3640=VERTEX_POINT('',#11610);
#3641=VERTEX_POINT('',#11612);
#3642=VERTEX_POINT('',#11614);
#3643=VERTEX_POINT('',#11616);
#3644=VERTEX_POINT('',#11618);
#3645=VERTEX_POINT('',#11620);
#3646=VERTEX_POINT('',#11623);
#3647=VERTEX_POINT('',#11624);
#3648=VERTEX_POINT('',#11626);
#3649=VERTEX_POINT('',#11628);
#3650=VERTEX_POINT('',#11631);
#3651=VERTEX_POINT('',#11632);
#3652=VERTEX_POINT('',#11634);
#3653=VERTEX_POINT('',#11636);
#3654=VERTEX_POINT('',#11639);
#3655=VERTEX_POINT('',#11640);
#3656=VERTEX_POINT('',#11642);
#3657=VERTEX_POINT('',#11644);
#3658=VERTEX_POINT('',#11646);
#3659=VERTEX_POINT('',#11648);
#3660=VERTEX_POINT('',#11650);
#3661=VERTEX_POINT('',#11652);
#3662=VERTEX_POINT('',#11654);
#3663=VERTEX_POINT('',#11656);
#3664=VERTEX_POINT('',#11659);
#3665=VERTEX_POINT('',#11661);
#3666=VERTEX_POINT('',#11662);
#3667=VERTEX_POINT('',#11664);
#3668=VERTEX_POINT('',#11666);
#3669=VERTEX_POINT('',#11669);
#3670=VERTEX_POINT('',#11670);
#3671=VERTEX_POINT('',#11672);
#3672=VERTEX_POINT('',#11674);
#3673=VERTEX_POINT('',#11678);
#3674=VERTEX_POINT('',#11682);
#3675=VERTEX_POINT('',#11684);
#3676=VERTEX_POINT('',#11690);
#3677=VERTEX_POINT('',#11692);
#3678=VERTEX_POINT('',#11696);
#3679=VERTEX_POINT('',#11698);
#3680=VERTEX_POINT('',#11700);
#3681=VERTEX_POINT('',#11702);
#3682=VERTEX_POINT('',#11704);
#3683=VERTEX_POINT('',#11710);
#3684=VERTEX_POINT('',#11711);
#3685=VERTEX_POINT('',#11713);
#3686=VERTEX_POINT('',#11715);
#3687=VERTEX_POINT('',#11717);
#3688=VERTEX_POINT('',#11719);
#3689=VERTEX_POINT('',#11726);
#3690=VERTEX_POINT('',#11728);
#3691=VERTEX_POINT('',#11730);
#3692=VERTEX_POINT('',#11734);
#3693=VERTEX_POINT('',#11736);
#3694=VERTEX_POINT('',#11738);
#3695=VERTEX_POINT('',#11742);
#3696=VERTEX_POINT('',#11744);
#3697=VERTEX_POINT('',#11746);
#3698=VERTEX_POINT('',#11752);
#3699=VERTEX_POINT('',#11756);
#3700=VERTEX_POINT('',#11760);
#3701=VERTEX_POINT('',#11762);
#3702=VERTEX_POINT('',#11764);
#3703=VERTEX_POINT('',#11768);
#3704=VERTEX_POINT('',#11772);
#3705=VERTEX_POINT('',#11776);
#3706=VERTEX_POINT('',#11778);
#3707=VERTEX_POINT('',#11781);
#3708=VERTEX_POINT('',#11784);
#3709=VERTEX_POINT('',#11790);
#3710=VERTEX_POINT('',#11794);
#3711=VERTEX_POINT('',#11798);
#3712=VERTEX_POINT('',#11801);
#3713=VERTEX_POINT('',#11804);
#3714=VERTEX_POINT('',#11805);
#3715=VERTEX_POINT('',#11807);
#3716=VERTEX_POINT('',#11809);
#3717=VERTEX_POINT('',#11813);
#3718=VERTEX_POINT('',#11814);
#3719=VERTEX_POINT('',#11819);
#3720=VERTEX_POINT('',#11820);
#3721=VERTEX_POINT('',#11825);
#3722=VERTEX_POINT('',#11827);
#3723=VERTEX_POINT('',#11831);
#3724=VERTEX_POINT('',#11832);
#3725=VERTEX_POINT('',#11835);
#3726=VERTEX_POINT('',#11839);
#3727=VERTEX_POINT('',#11843);
#3728=VERTEX_POINT('',#11847);
#3729=VERTEX_POINT('',#11851);
#3730=VERTEX_POINT('',#11856);
#3731=VERTEX_POINT('',#11864);
#3732=VERTEX_POINT('',#11867);
#3733=VERTEX_POINT('',#11871);
#3734=VERTEX_POINT('',#11876);
#3735=VERTEX_POINT('',#11880);
#3736=VERTEX_POINT('',#11882);
#3737=VERTEX_POINT('',#11886);
#3738=VERTEX_POINT('',#11889);
#3739=VERTEX_POINT('',#11895);
#3740=VERTEX_POINT('',#11896);
#3741=VERTEX_POINT('',#11898);
#3742=VERTEX_POINT('',#11907);
#3743=VERTEX_POINT('',#11909);
#3744=VERTEX_POINT('',#11911);
#3745=VERTEX_POINT('',#11915);
#3746=VERTEX_POINT('',#11916);
#3747=VERTEX_POINT('',#11924);
#3748=VERTEX_POINT('',#11929);
#3749=VERTEX_POINT('',#11931);
#3750=VERTEX_POINT('',#11935);
#3751=VERTEX_POINT('',#11937);
#3752=VERTEX_POINT('',#11944);
#3753=VERTEX_POINT('',#11945);
#3754=VERTEX_POINT('',#11950);
#3755=VERTEX_POINT('',#11954);
#3756=VERTEX_POINT('',#11960);
#3757=VERTEX_POINT('',#11962);
#3758=VERTEX_POINT('',#11966);
#3759=VERTEX_POINT('',#11970);
#3760=VERTEX_POINT('',#11974);
#3761=VERTEX_POINT('',#11976);
#3762=VERTEX_POINT('',#11980);
#3763=VERTEX_POINT('',#11982);
#3764=VERTEX_POINT('',#12003);
#3765=VERTEX_POINT('',#12004);
#3766=VERTEX_POINT('',#12006);
#3767=VERTEX_POINT('',#12008);
#3768=VERTEX_POINT('',#12012);
#3769=VERTEX_POINT('',#12013);
#3770=VERTEX_POINT('',#12015);
#3771=VERTEX_POINT('',#12017);
#3772=VERTEX_POINT('',#12021);
#3773=VERTEX_POINT('',#12028);
#3774=VERTEX_POINT('',#12039);
#3775=VERTEX_POINT('',#12047);
#3776=VERTEX_POINT('',#12049);
#3777=VERTEX_POINT('',#12051);
#3778=VERTEX_POINT('',#12053);
#3779=VERTEX_POINT('',#12060);
#3780=VERTEX_POINT('',#12061);
#3781=VERTEX_POINT('',#12063);
#3782=VERTEX_POINT('',#12065);
#3783=VERTEX_POINT('',#12067);
#3784=VERTEX_POINT('',#12071);
#3785=VERTEX_POINT('',#12073);
#3786=VERTEX_POINT('',#12075);
#3787=VERTEX_POINT('',#12077);
#3788=VERTEX_POINT('',#12079);
#3789=VERTEX_POINT('',#12081);
#3790=VERTEX_POINT('',#12083);
#3791=VERTEX_POINT('',#12086);
#3792=VERTEX_POINT('',#12089);
#3793=VERTEX_POINT('',#12091);
#3794=VERTEX_POINT('',#12093);
#3795=VERTEX_POINT('',#12095);
#3796=VERTEX_POINT('',#12097);
#3797=VERTEX_POINT('',#12099);
#3798=VERTEX_POINT('',#12103);
#3799=VERTEX_POINT('',#12104);
#3800=VERTEX_POINT('',#12121);
#3801=VERTEX_POINT('',#12149);
#3802=VERTEX_POINT('',#12151);
#3803=VERTEX_POINT('',#12154);
#3804=VERTEX_POINT('',#12156);
#3805=VERTEX_POINT('',#12158);
#3806=VERTEX_POINT('',#12160);
#3807=VERTEX_POINT('',#12164);
#3808=VERTEX_POINT('',#12168);
#3809=VERTEX_POINT('',#12171);
#3810=VERTEX_POINT('',#12173);
#3811=VERTEX_POINT('',#12177);
#3812=VERTEX_POINT('',#12179);
#3813=VERTEX_POINT('',#12181);
#3814=VERTEX_POINT('',#12187);
#3815=VERTEX_POINT('',#12191);
#3816=VERTEX_POINT('',#12192);
#3817=VERTEX_POINT('',#12194);
#3818=VERTEX_POINT('',#12196);
#3819=VERTEX_POINT('',#12199);
#3820=VERTEX_POINT('',#12201);
#3821=VERTEX_POINT('',#12203);
#3822=VERTEX_POINT('',#12207);
#3823=VERTEX_POINT('',#12214);
#3824=VERTEX_POINT('',#12216);
#3825=VERTEX_POINT('',#12218);
#3826=VERTEX_POINT('',#12220);
#3827=VERTEX_POINT('',#12222);
#3828=VERTEX_POINT('',#12224);
#3829=VERTEX_POINT('',#12227);
#3830=VERTEX_POINT('',#12229);
#3831=VERTEX_POINT('',#12231);
#3832=VERTEX_POINT('',#12233);
#3833=VERTEX_POINT('',#12236);
#3834=VERTEX_POINT('',#12238);
#3835=VERTEX_POINT('',#12240);
#3836=VERTEX_POINT('',#12242);
#3837=VERTEX_POINT('',#12244);
#3838=VERTEX_POINT('',#12246);
#3839=VERTEX_POINT('',#12248);
#3840=VERTEX_POINT('',#12250);
#3841=VERTEX_POINT('',#12252);
#3842=VERTEX_POINT('',#12254);
#3843=VERTEX_POINT('',#12256);
#3844=VERTEX_POINT('',#12258);
#3845=VERTEX_POINT('',#12260);
#3846=VERTEX_POINT('',#12262);
#3847=VERTEX_POINT('',#12264);
#3848=VERTEX_POINT('',#12266);
#3849=VERTEX_POINT('',#12268);
#3850=VERTEX_POINT('',#12270);
#3851=VERTEX_POINT('',#12272);
#3852=VERTEX_POINT('',#12274);
#3853=VERTEX_POINT('',#12278);
#3854=VERTEX_POINT('',#12282);
#3855=VERTEX_POINT('',#12284);
#3856=VERTEX_POINT('',#12286);
#3857=VERTEX_POINT('',#12288);
#3858=VERTEX_POINT('',#12294);
#3859=VERTEX_POINT('',#12299);
#3860=VERTEX_POINT('',#12301);
#3861=VERTEX_POINT('',#12305);
#3862=VERTEX_POINT('',#12307);
#3863=VERTEX_POINT('',#12311);
#3864=VERTEX_POINT('',#12315);
#3865=VERTEX_POINT('',#12323);
#3866=VERTEX_POINT('',#12324);
#3867=VERTEX_POINT('',#12326);
#3868=VERTEX_POINT('',#12333);
#3869=VERTEX_POINT('',#12350);
#3870=VERTEX_POINT('',#12354);
#3871=VERTEX_POINT('',#12355);
#3872=VERTEX_POINT('',#12357);
#3873=VERTEX_POINT('',#12359);
#3874=VERTEX_POINT('',#12361);
#3875=VERTEX_POINT('',#12363);
#3876=VERTEX_POINT('',#12365);
#3877=VERTEX_POINT('',#12370);
#3878=VERTEX_POINT('',#12371);
#3879=VERTEX_POINT('',#12373);
#3880=VERTEX_POINT('',#12376);
#3881=VERTEX_POINT('',#12401);
#3882=VERTEX_POINT('',#12403);
#3883=VERTEX_POINT('',#12405);
#3884=VERTEX_POINT('',#12408);
#3885=VERTEX_POINT('',#12412);
#3886=VERTEX_POINT('',#12414);
#3887=VERTEX_POINT('',#12416);
#3888=VERTEX_POINT('',#12418);
#3889=VERTEX_POINT('',#12420);
#3890=VERTEX_POINT('',#12422);
#3891=VERTEX_POINT('',#12425);
#3892=VERTEX_POINT('',#12428);
#3893=VERTEX_POINT('',#12430);
#3894=VERTEX_POINT('',#12432);
#3895=VERTEX_POINT('',#12434);
#3896=VERTEX_POINT('',#12436);
#3897=VERTEX_POINT('',#12438);
#3898=VERTEX_POINT('',#12442);
#3899=VERTEX_POINT('',#12446);
#3900=VERTEX_POINT('',#12451);
#3901=VERTEX_POINT('',#12455);
#3902=VERTEX_POINT('',#12460);
#3903=VERTEX_POINT('',#12464);
#3904=VERTEX_POINT('',#12468);
#3905=VERTEX_POINT('',#12470);
#3906=VERTEX_POINT('',#12474);
#3907=VERTEX_POINT('',#12476);
#3908=VERTEX_POINT('',#12478);
#3909=VERTEX_POINT('',#12482);
#3910=VERTEX_POINT('',#12486);
#3911=VERTEX_POINT('',#12490);
#3912=VERTEX_POINT('',#12494);
#3913=VERTEX_POINT('',#12496);
#3914=VERTEX_POINT('',#12498);
#3915=VERTEX_POINT('',#12500);
#3916=VERTEX_POINT('',#12504);
#3917=VERTEX_POINT('',#12510);
#3918=VERTEX_POINT('',#12514);
#3919=VERTEX_POINT('',#12518);
#3920=VERTEX_POINT('',#12521);
#3921=VERTEX_POINT('',#12523);
#3922=VERTEX_POINT('',#12527);
#3923=VERTEX_POINT('',#12528);
#3924=VERTEX_POINT('',#12530);
#3925=VERTEX_POINT('',#12532);
#3926=VERTEX_POINT('',#12536);
#3927=VERTEX_POINT('',#12538);
#3928=VERTEX_POINT('',#12542);
#3929=VERTEX_POINT('',#12543);
#3930=VERTEX_POINT('',#12545);
#3931=VERTEX_POINT('',#12547);
#3932=VERTEX_POINT('',#12551);
#3933=VERTEX_POINT('',#12553);
#3934=VERTEX_POINT('',#12560);
#3935=VERTEX_POINT('',#12562);
#3936=VERTEX_POINT('',#12566);
#3937=VERTEX_POINT('',#12570);
#3938=VERTEX_POINT('',#12574);
#3939=VERTEX_POINT('',#12578);
#3940=VERTEX_POINT('',#12583);
#3941=VERTEX_POINT('',#12590);
#3942=VERTEX_POINT('',#12591);
#3943=VERTEX_POINT('',#12593);
#3944=VERTEX_POINT('',#12595);
#3945=VERTEX_POINT('',#12599);
#3946=VERTEX_POINT('',#12600);
#3947=VERTEX_POINT('',#12605);
#3948=VERTEX_POINT('',#12607);
#3949=VERTEX_POINT('',#12611);
#3950=VERTEX_POINT('',#12615);
#3951=VERTEX_POINT('',#12617);
#3952=VERTEX_POINT('',#12621);
#3953=VERTEX_POINT('',#12623);
#3954=VERTEX_POINT('',#12627);
#3955=VERTEX_POINT('',#12629);
#3956=VERTEX_POINT('',#12636);
#3957=VERTEX_POINT('',#12638);
#3958=VERTEX_POINT('',#12644);
#3959=VERTEX_POINT('',#12651);
#3960=VERTEX_POINT('',#12690);
#3961=VERTEX_POINT('',#12692);
#3962=VERTEX_POINT('',#12730);
#3963=VERTEX_POINT('',#12731);
#3964=VERTEX_POINT('',#12733);
#3965=VERTEX_POINT('',#12740);
#3966=VERTEX_POINT('',#12742);
#3967=VERTEX_POINT('',#12746);
#3968=VERTEX_POINT('',#12748);
#3969=VERTEX_POINT('',#12754);
#3970=VERTEX_POINT('',#12758);
#3971=VERTEX_POINT('',#12762);
#3972=VERTEX_POINT('',#12765);
#3973=VERTEX_POINT('',#12769);
#3974=VERTEX_POINT('',#12772);
#3975=VERTEX_POINT('',#12780);
#3976=VERTEX_POINT('',#12782);
#3977=VERTEX_POINT('',#12784);
#3978=VERTEX_POINT('',#12790);
#3979=VERTEX_POINT('',#12792);
#3980=VERTEX_POINT('',#12796);
#3981=VERTEX_POINT('',#12798);
#3982=VERTEX_POINT('',#12800);
#3983=VERTEX_POINT('',#12802);
#3984=VERTEX_POINT('',#12805);
#3985=VERTEX_POINT('',#12810);
#3986=VERTEX_POINT('',#12813);
#3987=VERTEX_POINT('',#12816);
#3988=VERTEX_POINT('',#12820);
#3989=VERTEX_POINT('',#12824);
#3990=VERTEX_POINT('',#12827);
#3991=VERTEX_POINT('',#12829);
#3992=VERTEX_POINT('',#12831);
#3993=VERTEX_POINT('',#12835);
#3994=VERTEX_POINT('',#12841);
#3995=VERTEX_POINT('',#12844);
#3996=VERTEX_POINT('',#12845);
#3997=VERTEX_POINT('',#12853);
#3998=VERTEX_POINT('',#12857);
#3999=VERTEX_POINT('',#12861);
#4000=VERTEX_POINT('',#12865);
#4001=VERTEX_POINT('',#12867);
#4002=VERTEX_POINT('',#12869);
#4003=VERTEX_POINT('',#12876);
#4004=VERTEX_POINT('',#12880);
#4005=VERTEX_POINT('',#12884);
#4006=VERTEX_POINT('',#12896);
#4007=VERTEX_POINT('',#12898);
#4008=VERTEX_POINT('',#12902);
#4009=VERTEX_POINT('',#12911);
#4010=VERTEX_POINT('',#12912);
#4011=VERTEX_POINT('',#12917);
#4012=VERTEX_POINT('',#12921);
#4013=VERTEX_POINT('',#12930);
#4014=VERTEX_POINT('',#12934);
#4015=VERTEX_POINT('',#12936);
#4016=VERTEX_POINT('',#12938);
#4017=VERTEX_POINT('',#12942);
#4018=VERTEX_POINT('',#12943);
#4019=VERTEX_POINT('',#12945);
#4020=VERTEX_POINT('',#12947);
#4021=VERTEX_POINT('',#12951);
#4022=VERTEX_POINT('',#12952);
#4023=VERTEX_POINT('',#12955);
#4024=VERTEX_POINT('',#12957);
#4025=VERTEX_POINT('',#12959);
#4026=VERTEX_POINT('',#12961);
#4027=VERTEX_POINT('',#12965);
#4028=VERTEX_POINT('',#12966);
#4029=VERTEX_POINT('',#12971);
#4030=VERTEX_POINT('',#12973);
#4031=VERTEX_POINT('',#12977);
#4032=VERTEX_POINT('',#12981);
#4033=VERTEX_POINT('',#12983);
#4034=VERTEX_POINT('',#12985);
#4035=VERTEX_POINT('',#12987);
#4036=VERTEX_POINT('',#12997);
#4037=VERTEX_POINT('',#13006);
#4038=VERTEX_POINT('',#13007);
#4039=VERTEX_POINT('',#13018);
#4040=VERTEX_POINT('',#13020);
#4041=VERTEX_POINT('',#13038);
#4042=VERTEX_POINT('',#13073);
#4043=VERTEX_POINT('',#13077);
#4044=VERTEX_POINT('',#13106);
#4045=VERTEX_POINT('',#13127);
#4046=VERTEX_POINT('',#13129);
#4047=VERTEX_POINT('',#13131);
#4048=VERTEX_POINT('',#13133);
#4049=VERTEX_POINT('',#13135);
#4050=VERTEX_POINT('',#13140);
#4051=VERTEX_POINT('',#13142);
#4052=VERTEX_POINT('',#13147);
#4053=VERTEX_POINT('',#13153);
#4054=VERTEX_POINT('',#13157);
#4055=VERTEX_POINT('',#13159);
#4056=VERTEX_POINT('',#13161);
#4057=VERTEX_POINT('',#13163);
#4058=VERTEX_POINT('',#13167);
#4059=VERTEX_POINT('',#13171);
#4060=VERTEX_POINT('',#13175);
#4061=VERTEX_POINT('',#13179);
#4062=VERTEX_POINT('',#13182);
#4063=VERTEX_POINT('',#13184);
#4064=VERTEX_POINT('',#13188);
#4065=VERTEX_POINT('',#13193);
#4066=VERTEX_POINT('',#13202);
#4067=VERTEX_POINT('',#13211);
#4068=VERTEX_POINT('',#13213);
#4069=VERTEX_POINT('',#13217);
#4070=VERTEX_POINT('',#13221);
#4071=VERTEX_POINT('',#13223);
#4072=VERTEX_POINT('',#13226);
#4073=VERTEX_POINT('',#13230);
#4074=VERTEX_POINT('',#13234);
#4075=VERTEX_POINT('',#13240);
#4076=VERTEX_POINT('',#13244);
#4077=VERTEX_POINT('',#13245);
#4078=VERTEX_POINT('',#13272);
#4079=VERTEX_POINT('',#13274);
#4080=VERTEX_POINT('',#13289);
#4081=VERTEX_POINT('',#13291);
#4082=VERTEX_POINT('',#13293);
#4083=VERTEX_POINT('',#13337);
#4084=VERTEX_POINT('',#13340);
#4085=VERTEX_POINT('',#13347);
#4086=VERTEX_POINT('',#13351);
#4087=VERTEX_POINT('',#13363);
#4088=VERTEX_POINT('',#13367);
#4089=VERTEX_POINT('',#13374);
#4090=VERTEX_POINT('',#13382);
#4091=VERTEX_POINT('',#13396);
#4092=VERTEX_POINT('',#13400);
#4093=VERTEX_POINT('',#13404);
#4094=VERTEX_POINT('',#13405);
#4095=VERTEX_POINT('',#13410);
#4096=VERTEX_POINT('',#13414);
#4097=VERTEX_POINT('',#13418);
#4098=VERTEX_POINT('',#13422);
#4099=VERTEX_POINT('',#13426);
#4100=VERTEX_POINT('',#13430);
#4101=VERTEX_POINT('',#13434);
#4102=VERTEX_POINT('',#13438);
#4103=VERTEX_POINT('',#13444);
#4104=VERTEX_POINT('',#13445);
#4105=VERTEX_POINT('',#13450);
#4106=VERTEX_POINT('',#13454);
#4107=VERTEX_POINT('',#13460);
#4108=VERTEX_POINT('',#13461);
#4109=VERTEX_POINT('',#13466);
#4110=VERTEX_POINT('',#13470);
#4111=VERTEX_POINT('',#13476);
#4112=VERTEX_POINT('',#13477);
#4113=VERTEX_POINT('',#13482);
#4114=VERTEX_POINT('',#13486);
#4115=VERTEX_POINT('',#13490);
#4116=VERTEX_POINT('',#13494);
#4117=VERTEX_POINT('',#13498);
#4118=VERTEX_POINT('',#13502);
#4119=VERTEX_POINT('',#13506);
#4120=VERTEX_POINT('',#13510);
#4121=VERTEX_POINT('',#13516);
#4122=VERTEX_POINT('',#13517);
#4123=VERTEX_POINT('',#13522);
#4124=VERTEX_POINT('',#13526);
#4125=VERTEX_POINT('',#13540);
#4126=VERTEX_POINT('',#13544);
#4127=VERTEX_POINT('',#13546);
#4128=VERTEX_POINT('',#13550);
#4129=VERTEX_POINT('',#13554);
#4130=VERTEX_POINT('',#13638);
#4131=VERTEX_POINT('',#13639);
#4132=VERTEX_POINT('',#13641);
#4133=VERTEX_POINT('',#13643);
#4134=VERTEX_POINT('',#13645);
#4135=VERTEX_POINT('',#13647);
#4136=VERTEX_POINT('',#13649);
#4137=VERTEX_POINT('',#13667);
#4138=VERTEX_POINT('',#13669);
#4139=VERTEX_POINT('',#13673);
#4140=VERTEX_POINT('',#13677);
#4141=VERTEX_POINT('',#13684);
#4142=VERTEX_POINT('',#13686);
#4143=VERTEX_POINT('',#13690);
#4144=VERTEX_POINT('',#13694);
#4145=VERTEX_POINT('',#13695);
#4146=VERTEX_POINT('',#13698);
#4147=VERTEX_POINT('',#13700);
#4148=VERTEX_POINT('',#13713);
#4149=VERTEX_POINT('',#13715);
#4150=VERTEX_POINT('',#13719);
#4151=VERTEX_POINT('',#13723);
#4152=VERTEX_POINT('',#13727);
#4153=VERTEX_POINT('',#13731);
#4154=VERTEX_POINT('',#13733);
#4155=VERTEX_POINT('',#13735);
#4156=EDGE_CURVE('',#3396,#3397,#1560,.T.);
#4157=EDGE_CURVE('',#3398,#3396,#1412,.T.);
#4158=EDGE_CURVE('',#3398,#3399,#1561,.T.);
#4159=EDGE_CURVE('',#3399,#3399,#1352,.T.);
#4160=EDGE_CURVE('',#3400,#3398,#1413,.T.);
#4161=EDGE_CURVE('',#3401,#3400,#1562,.T.);
#4162=EDGE_CURVE('',#3397,#3401,#1353,.T.);
#4163=EDGE_CURVE('',#3402,#3402,#1414,.T.);
#4164=EDGE_CURVE('',#3400,#3396,#1415,.T.);
#4165=EDGE_CURVE('',#3401,#3397,#1354,.T.);
#4166=EDGE_CURVE('',#3403,#3404,#1563,.T.);
#4167=EDGE_CURVE('',#3403,#3405,#1564,.T.);
#4168=EDGE_CURVE('',#3405,#3406,#1565,.F.);
#4169=EDGE_CURVE('',#3406,#3407,#1566,.F.);
#4170=EDGE_CURVE('',#3407,#3408,#1567,.T.);
#4171=EDGE_CURVE('',#3404,#3408,#1568,.T.);
#4172=EDGE_CURVE('',#3409,#3407,#1569,.T.);
#4173=EDGE_CURVE('',#3410,#3409,#1570,.T.);
#4174=EDGE_CURVE('',#3411,#3410,#1571,.T.);
#4175=EDGE_CURVE('',#3411,#3412,#1572,.T.);
#4176=EDGE_CURVE('',#3412,#3413,#1573,.T.);
#4177=EDGE_CURVE('',#3413,#3414,#1574,.T.);
#4178=EDGE_CURVE('',#3414,#3415,#1416,.T.);
#4179=EDGE_CURVE('',#3415,#3416,#1575,.T.);
#4180=EDGE_CURVE('',#3416,#3417,#1576,.T.);
#4181=EDGE_CURVE('',#3417,#3418,#1417,.T.);
#4182=EDGE_CURVE('',#3419,#3418,#1577,.T.);
#4183=EDGE_CURVE('',#3420,#3419,#1418,.T.);
#4184=EDGE_CURVE('',#3421,#3420,#1578,.T.);
#4185=EDGE_CURVE('',#3421,#3422,#1419,.T.);
#4186=EDGE_CURVE('',#3422,#3423,#1579,.T.);
#4187=EDGE_CURVE('',#3423,#3424,#1580,.T.);
#4188=EDGE_CURVE('',#3424,#3425,#1420,.T.);
#4189=EDGE_CURVE('',#3425,#3426,#1581,.T.);
#4190=EDGE_CURVE('',#3426,#3427,#1582,.T.);
#4191=EDGE_CURVE('',#3427,#3428,#1583,.T.);
#4192=EDGE_CURVE('',#3429,#3428,#1584,.T.);
#4193=EDGE_CURVE('',#3430,#3429,#1585,.T.);
#4194=EDGE_CURVE('',#3408,#3430,#1586,.T.);
#4195=EDGE_CURVE('',#3431,#3432,#1587,.T.);
#4196=EDGE_CURVE('',#3431,#3433,#1588,.T.);
#4197=EDGE_CURVE('',#3433,#3434,#1589,.F.);
#4198=EDGE_CURVE('',#3434,#3435,#1590,.F.);
#4199=EDGE_CURVE('',#3435,#3436,#1591,.T.);
#4200=EDGE_CURVE('',#3432,#3436,#1592,.T.);
#4201=EDGE_CURVE('',#3437,#3435,#1593,.T.);
#4202=EDGE_CURVE('',#3438,#3437,#1594,.T.);
#4203=EDGE_CURVE('',#3438,#3439,#1595,.T.);
#4204=EDGE_CURVE('',#3440,#3439,#1596,.T.);
#4205=EDGE_CURVE('',#3441,#3440,#1597,.T.);
#4206=EDGE_CURVE('',#3441,#3442,#1355,.T.);
#4207=EDGE_CURVE('',#3443,#3442,#1598,.F.);
#4208=EDGE_CURVE('',#3444,#3443,#1599,.T.);
#4209=EDGE_CURVE('',#3445,#3444,#1600,.T.);
#4210=EDGE_CURVE('',#3446,#3445,#1601,.T.);
#4211=EDGE_CURVE('',#3447,#3446,#1602,.F.);
#4212=EDGE_CURVE('',#3447,#3448,#1603,.T.);
#4213=EDGE_CURVE('',#3448,#3449,#1604,.T.);
#4214=EDGE_CURVE('',#3449,#3450,#1605,.T.);
#4215=EDGE_CURVE('',#3450,#3451,#1606,.F.);
#4216=EDGE_CURVE('',#3451,#3452,#1356,.T.);
#4217=EDGE_CURVE('',#3453,#3452,#1607,.T.);
#4218=EDGE_CURVE('',#3454,#3453,#1608,.T.);
#4219=EDGE_CURVE('',#3454,#3455,#1609,.T.);
#4220=EDGE_CURVE('',#3456,#3455,#1610,.T.);
#4221=EDGE_CURVE('',#3436,#3456,#1611,.T.);
#4222=EDGE_CURVE('',#3457,#3457,#1421,.T.);
#4223=EDGE_CURVE('',#3458,#3437,#1612,.F.);
#4224=EDGE_CURVE('',#3458,#3459,#1357,.T.);
#4225=EDGE_CURVE('',#3459,#3460,#1613,.T.);
#4226=EDGE_CURVE('',#3438,#3460,#1614,.T.);
#4227=EDGE_CURVE('',#3461,#3462,#1358,.T.);
#4228=EDGE_CURVE('',#3461,#3456,#1615,.F.);
#4229=EDGE_CURVE('',#3463,#3455,#1616,.T.);
#4230=EDGE_CURVE('',#3462,#3463,#1617,.T.);
#4231=EDGE_CURVE('',#3454,#3464,#1618,.T.);
#4232=EDGE_CURVE('',#3464,#3465,#1359,.T.);
#4233=EDGE_CURVE('',#3463,#3465,#1619,.T.);
#4234=EDGE_CURVE('',#3460,#3466,#1620,.T.);
#4235=EDGE_CURVE('',#3466,#3467,#1360,.T.);
#4236=EDGE_CURVE('',#3439,#3467,#1621,.T.);
#4237=EDGE_CURVE('',#3434,#3468,#1622,.T.);
#4238=EDGE_CURVE('',#3468,#3469,#1623,.T.);
#4239=EDGE_CURVE('',#3437,#3469,#1624,.F.);
#4240=EDGE_CURVE('',#3433,#3470,#1625,.T.);
#4241=EDGE_CURVE('',#3470,#3468,#1626,.T.);
#4242=EDGE_CURVE('',#3432,#3471,#1627,.F.);
#4243=EDGE_CURVE('',#3471,#3472,#1628,.T.);
#4244=EDGE_CURVE('',#3431,#3472,#1629,.T.);
#4245=EDGE_CURVE('',#3473,#3474,#1630,.T.);
#4246=EDGE_CURVE('',#3475,#3473,#1422,.T.);
#4247=EDGE_CURVE('',#3476,#3475,#1423,.T.);
#4248=EDGE_CURVE('',#3477,#3476,#1424,.T.);
#4249=EDGE_CURVE('',#3478,#3477,#1631,.T.);
#4250=EDGE_CURVE('',#3479,#3478,#1632,.T.);
#4251=EDGE_CURVE('',#3480,#3479,#1425,.T.);
#4252=EDGE_CURVE('',#3480,#3481,#1633,.F.);
#4253=EDGE_CURVE('',#3481,#3482,#1634,.T.);
#4254=EDGE_CURVE('',#3482,#3483,#1635,.T.);
#4255=EDGE_CURVE('',#3484,#3483,#1636,.T.);
#4256=EDGE_CURVE('',#3484,#3485,#1637,.T.);
#4257=EDGE_CURVE('',#3485,#3411,#1638,.T.);
#4258=EDGE_CURVE('',#3486,#3410,#1639,.T.);
#4259=EDGE_CURVE('',#3486,#3454,#1640,.T.);
#4260=EDGE_CURVE('',#3453,#3487,#1641,.T.);
#4261=EDGE_CURVE('',#3487,#3488,#1642,.T.);
#4262=EDGE_CURVE('',#3488,#3489,#1643,.T.);
#4263=EDGE_CURVE('',#3489,#3490,#1644,.T.);
#4264=EDGE_CURVE('',#3491,#3490,#1645,.T.);
#4265=EDGE_CURVE('',#3491,#3465,#1646,.T.);
#4266=EDGE_CURVE('',#3465,#3462,#1361,.T.);
#4267=EDGE_CURVE('',#3492,#3463,#1647,.T.);
#4268=EDGE_CURVE('',#3492,#3493,#1648,.T.);
#4269=EDGE_CURVE('',#3493,#3494,#1649,.T.);
#4270=EDGE_CURVE('',#3495,#3494,#1650,.F.);
#4271=EDGE_CURVE('',#3495,#3460,#1651,.T.);
#4272=EDGE_CURVE('',#3459,#3466,#1362,.T.);
#4273=EDGE_CURVE('',#3466,#3496,#1652,.T.);
#4274=EDGE_CURVE('',#3497,#3496,#1653,.T.);
#4275=EDGE_CURVE('',#3497,#3498,#1654,.T.);
#4276=EDGE_CURVE('',#3498,#3499,#1655,.T.);
#4277=EDGE_CURVE('',#3499,#3500,#1656,.T.);
#4278=EDGE_CURVE('',#3500,#3440,#1657,.T.);
#4279=EDGE_CURVE('',#3501,#3439,#1658,.T.);
#4280=EDGE_CURVE('',#3501,#3429,#1659,.T.);
#4281=EDGE_CURVE('',#3428,#3502,#1660,.T.);
#4282=EDGE_CURVE('',#3503,#3502,#1661,.T.);
#4283=EDGE_CURVE('',#3503,#3504,#1662,.T.);
#4284=EDGE_CURVE('',#3504,#3505,#1663,.T.);
#4285=EDGE_CURVE('',#3505,#3506,#1664,.T.);
#4286=EDGE_CURVE('',#3506,#3507,#1665,.F.);
#4287=EDGE_CURVE('',#3507,#3508,#1426,.F.);
#4288=EDGE_CURVE('',#3509,#3508,#1666,.T.);
#4289=EDGE_CURVE('',#3510,#3509,#1667,.T.);
#4290=EDGE_CURVE('',#3510,#3511,#1427,.T.);
#4291=EDGE_CURVE('',#3512,#3511,#1668,.T.);
#4292=EDGE_CURVE('',#3513,#3512,#1428,.T.);
#4293=EDGE_CURVE('',#3513,#3514,#1669,.T.);
#4294=EDGE_CURVE('',#3515,#3514,#1670,.T.);
#4295=EDGE_CURVE('',#3515,#3516,#1671,.T.);
#4296=EDGE_CURVE('',#3517,#3516,#1672,.F.);
#4297=EDGE_CURVE('',#3518,#3517,#1673,.T.);
#4298=EDGE_CURVE('',#3519,#3518,#1674,.T.);
#4299=EDGE_CURVE('',#3520,#3519,#1675,.T.);
#4300=EDGE_CURVE('',#3520,#3521,#1676,.T.);
#4301=EDGE_CURVE('',#3521,#3522,#1677,.T.);
#4302=EDGE_CURVE('',#3522,#3523,#1678,.T.);
#4303=EDGE_CURVE('',#3523,#3524,#1679,.T.);
#4304=EDGE_CURVE('',#3524,#3525,#1680,.F.);
#4305=EDGE_CURVE('',#3526,#3525,#1681,.T.);
#4306=EDGE_CURVE('',#3527,#3526,#1682,.T.);
#4307=EDGE_CURVE('',#3528,#3527,#1429,.T.);
#4308=EDGE_CURVE('',#3529,#3528,#1683,.T.);
#4309=EDGE_CURVE('',#3474,#3529,#1430,.T.);
#4310=EDGE_CURVE('',#3530,#3530,#1431,.T.);
#4311=EDGE_CURVE('',#3531,#3531,#1432,.T.);
#4312=EDGE_CURVE('',#3532,#3533,#1684,.T.);
#4313=EDGE_CURVE('',#3533,#3534,#1685,.T.);
#4314=EDGE_CURVE('',#3534,#3535,#1686,.T.);
#4315=EDGE_CURVE('',#3535,#3536,#1687,.T.);
#4316=EDGE_CURVE('',#3536,#3537,#1688,.T.);
#4317=EDGE_CURVE('',#3537,#3538,#1689,.T.);
#4318=EDGE_CURVE('',#3538,#3532,#1690,.T.);
#4319=EDGE_CURVE('',#3539,#3540,#1691,.T.);
#4320=EDGE_CURVE('',#3540,#3541,#1692,.T.);
#4321=EDGE_CURVE('',#3541,#3542,#1693,.T.);
#4322=EDGE_CURVE('',#3542,#3539,#1694,.T.);
#4323=EDGE_CURVE('',#3543,#3544,#1695,.T.);
#4324=EDGE_CURVE('',#3544,#3545,#1696,.T.);
#4325=EDGE_CURVE('',#3545,#3546,#1697,.T.);
#4326=EDGE_CURVE('',#3546,#3547,#1698,.T.);
#4327=EDGE_CURVE('',#3547,#3548,#1699,.T.);
#4328=EDGE_CURVE('',#3548,#3549,#1700,.T.);
#4329=EDGE_CURVE('',#3549,#3543,#1701,.T.);
#4330=EDGE_CURVE('',#3550,#3551,#1702,.T.);
#4331=EDGE_CURVE('',#3551,#3552,#1703,.T.);
#4332=EDGE_CURVE('',#3552,#3553,#1704,.T.);
#4333=EDGE_CURVE('',#3553,#3554,#1705,.T.);
#4334=EDGE_CURVE('',#3554,#3555,#1706,.T.);
#4335=EDGE_CURVE('',#3555,#3556,#1707,.T.);
#4336=EDGE_CURVE('',#3556,#3557,#1708,.T.);
#4337=EDGE_CURVE('',#3557,#3550,#1709,.T.);
#4338=EDGE_CURVE('',#3558,#3559,#1433,.T.);
#4339=EDGE_CURVE('',#3476,#3558,#1710,.T.);
#4340=EDGE_CURVE('',#3560,#3473,#1711,.T.);
#4341=EDGE_CURVE('',#3559,#3560,#1434,.T.);
#4342=EDGE_CURVE('',#3561,#3474,#1712,.T.);
#4343=EDGE_CURVE('',#3561,#3562,#1713,.T.);
#4344=EDGE_CURVE('',#3562,#3563,#1714,.T.);
#4345=EDGE_CURVE('',#3563,#3560,#1715,.T.);
#4346=EDGE_CURVE('',#3564,#3563,#1716,.T.);
#4347=EDGE_CURVE('',#3564,#3565,#1717,.T.);
#4348=EDGE_CURVE('',#3566,#3565,#1718,.F.);
#4349=EDGE_CURVE('',#3566,#3558,#1435,.T.);
#4350=EDGE_CURVE('',#3567,#3568,#1719,.T.);
#4351=EDGE_CURVE('',#3569,#3568,#1436,.T.);
#4352=EDGE_CURVE('',#3570,#3569,#1720,.T.);
#4353=EDGE_CURVE('',#3570,#3571,#33,.T.);
#4354=EDGE_CURVE('',#3572,#3571,#1437,.T.);
#4355=EDGE_CURVE('',#3573,#3572,#1721,.T.);
#4356=EDGE_CURVE('',#3573,#3574,#34,.T.);
#4357=EDGE_CURVE('',#3574,#3575,#1363,.T.);
#4358=EDGE_CURVE('',#3576,#3575,#35,.T.);
#4359=EDGE_CURVE('',#3576,#3577,#1722,.F.);
#4360=EDGE_CURVE('',#3577,#3578,#36,.T.);
#4361=EDGE_CURVE('',#3579,#3578,#1364,.T.);
#4362=EDGE_CURVE('',#3567,#3579,#37,.T.);
#4363=EDGE_CURVE('',#3569,#3580,#1723,.T.);
#4364=EDGE_CURVE('',#3577,#3581,#1724,.F.);
#4365=EDGE_CURVE('',#3582,#3581,#1365,.T.);
#4366=EDGE_CURVE('',#3582,#3583,#38,.T.);
#4367=EDGE_CURVE('',#3583,#3584,#1725,.T.);
#4368=EDGE_CURVE('',#3585,#3584,#39,.T.);
#4369=EDGE_CURVE('',#3586,#3585,#1366,.T.);
#4370=EDGE_CURVE('',#3586,#3587,#1726,.T.);
#4371=EDGE_CURVE('',#3587,#3588,#1438,.T.);
#4372=EDGE_CURVE('',#3580,#3588,#1367,.T.);
#4373=EDGE_CURVE('',#3589,#3589,#1439,.T.);
#4374=EDGE_CURVE('',#3589,#3590,#1727,.T.);
#4375=EDGE_CURVE('',#3590,#3590,#1440,.T.);
#4376=EDGE_CURVE('',#3591,#3592,#1728,.T.);
#4377=EDGE_CURVE('',#3593,#3592,#1368,.T.);
#4378=EDGE_CURVE('',#3593,#3594,#1729,.T.);
#4379=EDGE_CURVE('',#3594,#3595,#1730,.T.);
#4380=EDGE_CURVE('',#3596,#3595,#1731,.T.);
#4381=EDGE_CURVE('',#3597,#3596,#1369,.T.);
#4382=EDGE_CURVE('',#3598,#3597,#1732,.T.);
#4383=EDGE_CURVE('',#3599,#3598,#1733,.T.);
#4384=EDGE_CURVE('',#3599,#3562,#1734,.T.);
#4385=EDGE_CURVE('',#3600,#3561,#1441,.T.);
#4386=EDGE_CURVE('',#3600,#3601,#1735,.T.);
#4387=EDGE_CURVE('',#3602,#3601,#1442,.T.);
#4388=EDGE_CURVE('',#3603,#3602,#1736,.T.);
#4389=EDGE_CURVE('',#3604,#3603,#1737,.T.);
#4390=EDGE_CURVE('',#3604,#3605,#1738,.F.);
#4391=EDGE_CURVE('',#3605,#3606,#1739,.T.);
#4392=EDGE_CURVE('',#3607,#3606,#1740,.T.);
#4393=EDGE_CURVE('',#3607,#3608,#1741,.T.);
#4394=EDGE_CURVE('',#3608,#3609,#1742,.T.);
#4395=EDGE_CURVE('',#3610,#3609,#1743,.T.);
#4396=EDGE_CURVE('',#3610,#3611,#1744,.T.);
#4397=EDGE_CURVE('',#3612,#3611,#1745,.T.);
#4398=EDGE_CURVE('',#3613,#3612,#1746,.F.);
#4399=EDGE_CURVE('',#3613,#3614,#1747,.T.);
#4400=EDGE_CURVE('',#3614,#3615,#1748,.T.);
#4401=EDGE_CURVE('',#3616,#3615,#1749,.T.);
#4402=EDGE_CURVE('',#3617,#3616,#1443,.T.);
#4403=EDGE_CURVE('',#3618,#3617,#1750,.T.);
#4404=EDGE_CURVE('',#3618,#3619,#1751,.T.);
#4405=EDGE_CURVE('',#3620,#3619,#1752,.T.);
#4406=EDGE_CURVE('',#3621,#3620,#1370,.T.);
#4407=EDGE_CURVE('',#3622,#3621,#1753,.T.);
#4408=EDGE_CURVE('',#3623,#3622,#1754,.F.);
#4409=EDGE_CURVE('',#3624,#3623,#1755,.F.);
#4410=EDGE_CURVE('',#3625,#3624,#1371,.T.);
#4411=EDGE_CURVE('',#3625,#3626,#1756,.T.);
#4412=EDGE_CURVE('',#3627,#3626,#1444,.T.);
#4413=EDGE_CURVE('',#3628,#3627,#1757,.T.);
#4414=EDGE_CURVE('',#3628,#3591,#1445,.T.);
#4415=EDGE_CURVE('',#3470,#3403,#1758,.T.);
#4416=EDGE_CURVE('',#3472,#3405,#1759,.T.);
#4417=EDGE_CURVE('',#3629,#3629,#1446,.T.);
#4418=EDGE_CURVE('',#3630,#3630,#1447,.T.);
#4419=EDGE_CURVE('',#3631,#3631,#1448,.F.);
#4420=EDGE_CURVE('',#3632,#3633,#1760,.T.);
#4421=EDGE_CURVE('',#3633,#3634,#1761,.T.);
#4422=EDGE_CURVE('',#3634,#3635,#1762,.T.);
#4423=EDGE_CURVE('',#3635,#3632,#1763,.T.);
#4424=EDGE_CURVE('',#3636,#3637,#1764,.T.);
#4425=EDGE_CURVE('',#3637,#3638,#1765,.T.);
#4426=EDGE_CURVE('',#3638,#3639,#1766,.T.);
#4427=EDGE_CURVE('',#3639,#3640,#1767,.T.);
#4428=EDGE_CURVE('',#3640,#3641,#1768,.T.);
#4429=EDGE_CURVE('',#3641,#3642,#1769,.T.);
#4430=EDGE_CURVE('',#3642,#3643,#1770,.T.);
#4431=EDGE_CURVE('',#3643,#3644,#1771,.T.);
#4432=EDGE_CURVE('',#3644,#3645,#1772,.T.);
#4433=EDGE_CURVE('',#3645,#3636,#1773,.T.);
#4434=EDGE_CURVE('',#3646,#3647,#1774,.T.);
#4435=EDGE_CURVE('',#3647,#3648,#1775,.T.);
#4436=EDGE_CURVE('',#3648,#3649,#1776,.T.);
#4437=EDGE_CURVE('',#3649,#3646,#1777,.T.);
#4438=EDGE_CURVE('',#3650,#3651,#1778,.T.);
#4439=EDGE_CURVE('',#3651,#3652,#1779,.T.);
#4440=EDGE_CURVE('',#3652,#3653,#1780,.T.);
#4441=EDGE_CURVE('',#3653,#3650,#1781,.T.);
#4442=EDGE_CURVE('',#3654,#3655,#1782,.T.);
#4443=EDGE_CURVE('',#3655,#3656,#1783,.T.);
#4444=EDGE_CURVE('',#3656,#3657,#1784,.T.);
#4445=EDGE_CURVE('',#3657,#3658,#1785,.T.);
#4446=EDGE_CURVE('',#3658,#3659,#1786,.T.);
#4447=EDGE_CURVE('',#3659,#3660,#1787,.T.);
#4448=EDGE_CURVE('',#3660,#3661,#1788,.T.);
#4449=EDGE_CURVE('',#3661,#3662,#1789,.T.);
#4450=EDGE_CURVE('',#3662,#3663,#1790,.T.);
#4451=EDGE_CURVE('',#3663,#3654,#1791,.T.);
#4452=EDGE_CURVE('',#3664,#3664,#1449,.F.);
#4453=EDGE_CURVE('',#3665,#3666,#1792,.T.);
#4454=EDGE_CURVE('',#3666,#3667,#1793,.T.);
#4455=EDGE_CURVE('',#3667,#3668,#1794,.T.);
#4456=EDGE_CURVE('',#3668,#3665,#1795,.T.);
#4457=EDGE_CURVE('',#3669,#3670,#1796,.T.);
#4458=EDGE_CURVE('',#3670,#3671,#1797,.T.);
#4459=EDGE_CURVE('',#3671,#3672,#1798,.T.);
#4460=EDGE_CURVE('',#3672,#3669,#1799,.T.);
#4461=EDGE_CURVE('',#3589,#3673,#1800,.T.);
#4462=EDGE_CURVE('',#3673,#3673,#1450,.T.);
#4463=EDGE_CURVE('',#3674,#3504,#1801,.T.);
#4464=EDGE_CURVE('',#3675,#3674,#1451,.T.);
#4465=EDGE_CURVE('',#3669,#3675,#1452,.T.);
#4466=EDGE_CURVE('',#3505,#3672,#1453,.T.);
#4467=EDGE_CURVE('',#3665,#3482,#1454,.T.);
#4468=EDGE_CURVE('',#3676,#3668,#1455,.T.);
#4469=EDGE_CURVE('',#3677,#3676,#1456,.T.);
#4470=EDGE_CURVE('',#3483,#3677,#1802,.T.);
#4471=EDGE_CURVE('',#3677,#3678,#1803,.T.);
#4472=EDGE_CURVE('',#3679,#3678,#1372,.T.);
#4473=EDGE_CURVE('',#3679,#3680,#1804,.T.);
#4474=EDGE_CURVE('',#3680,#3681,#1805,.T.);
#4475=EDGE_CURVE('',#3682,#3681,#1806,.F.);
#4476=EDGE_CURVE('',#3682,#3484,#1807,.T.);
#4477=EDGE_CURVE('',#3678,#3676,#1457,.T.);
#4478=EDGE_CURVE('',#3683,#3684,#1373,.T.);
#4479=EDGE_CURVE('',#3683,#3685,#1808,.T.);
#4480=EDGE_CURVE('',#3685,#3686,#1374,.T.);
#4481=EDGE_CURVE('',#3686,#3687,#1458,.T.);
#4482=EDGE_CURVE('',#3688,#3687,#1809,.T.);
#4483=EDGE_CURVE('',#3684,#3688,#1459,.T.);
#4484=EDGE_CURVE('',#3667,#3688,#1460,.T.);
#4485=EDGE_CURVE('',#3687,#3679,#1461,.T.);
#4486=EDGE_CURVE('',#3489,#3689,#1810,.T.);
#4487=EDGE_CURVE('',#3689,#3690,#1811,.T.);
#4488=EDGE_CURVE('',#3690,#3691,#1812,.T.);
#4489=EDGE_CURVE('',#3691,#3490,#1462,.T.);
#4490=EDGE_CURVE('',#3497,#3692,#1463,.T.);
#4491=EDGE_CURVE('',#3692,#3693,#1813,.T.);
#4492=EDGE_CURVE('',#3693,#3694,#1814,.T.);
#4493=EDGE_CURVE('',#3694,#3498,#1815,.T.);
#4494=EDGE_CURVE('',#3500,#3695,#1816,.T.);
#4495=EDGE_CURVE('',#3696,#3695,#1817,.T.);
#4496=EDGE_CURVE('',#3697,#3696,#1818,.T.);
#4497=EDGE_CURVE('',#3697,#3441,#1375,.T.);
#4498=EDGE_CURVE('',#3697,#3442,#1819,.T.);
#4499=EDGE_CURVE('',#3499,#3698,#1820,.F.);
#4500=EDGE_CURVE('',#3698,#3695,#1821,.T.);
#4501=EDGE_CURVE('',#3694,#3699,#1822,.F.);
#4502=EDGE_CURVE('',#3698,#3699,#1823,.T.);
#4503=EDGE_CURVE('',#3700,#3452,#1376,.T.);
#4504=EDGE_CURVE('',#3700,#3701,#1824,.T.);
#4505=EDGE_CURVE('',#3701,#3702,#1825,.T.);
#4506=EDGE_CURVE('',#3487,#3702,#1826,.T.);
#4507=EDGE_CURVE('',#3703,#3702,#1827,.T.);
#4508=EDGE_CURVE('',#3488,#3703,#1828,.F.);
#4509=EDGE_CURVE('',#3703,#3704,#1829,.T.);
#4510=EDGE_CURVE('',#3689,#3704,#1830,.F.);
#4511=EDGE_CURVE('',#3705,#3693,#1831,.T.);
#4512=EDGE_CURVE('',#3705,#3706,#1832,.F.);
#4513=EDGE_CURVE('',#3699,#3706,#1833,.T.);
#4514=EDGE_CURVE('',#3707,#3707,#1464,.T.);
#4515=EDGE_CURVE('',#3708,#3692,#1834,.T.);
#4516=EDGE_CURVE('',#3708,#3705,#1835,.T.);
#4517=EDGE_CURVE('',#3708,#3496,#1465,.T.);
#4518=EDGE_CURVE('',#3709,#3691,#1836,.T.);
#4519=EDGE_CURVE('',#3709,#3491,#1466,.T.);
#4520=EDGE_CURVE('',#3710,#3690,#1837,.T.);
#4521=EDGE_CURVE('',#3709,#3710,#1838,.T.);
#4522=EDGE_CURVE('',#3704,#3711,#1839,.T.);
#4523=EDGE_CURVE('',#3710,#3711,#1840,.F.);
#4524=EDGE_CURVE('',#3712,#3712,#1467,.T.);
#4525=EDGE_CURVE('',#3713,#3714,#1841,.T.);
#4526=EDGE_CURVE('',#3713,#3715,#1842,.T.);
#4527=EDGE_CURVE('',#3716,#3715,#1843,.F.);
#4528=EDGE_CURVE('',#3714,#3716,#1844,.T.);
#4529=EDGE_CURVE('',#3717,#3718,#1845,.F.);
#4530=EDGE_CURVE('',#3713,#3718,#1846,.T.);
#4531=EDGE_CURVE('',#3714,#3717,#1847,.T.);
#4532=EDGE_CURVE('',#3719,#3720,#1848,.T.);
#4533=EDGE_CURVE('',#3718,#3720,#1849,.T.);
#4534=EDGE_CURVE('',#3717,#3719,#1850,.T.);
#4535=EDGE_CURVE('',#3715,#3721,#1851,.T.);
#4536=EDGE_CURVE('',#3722,#3721,#1852,.T.);
#4537=EDGE_CURVE('',#3716,#3722,#1853,.T.);
#4538=EDGE_CURVE('',#3723,#3724,#1854,.T.);
#4539=EDGE_CURVE('',#3721,#3723,#1855,.T.);
#4540=EDGE_CURVE('',#3721,#3725,#1856,.T.);
#4541=EDGE_CURVE('',#3724,#3725,#1857,.T.);
#4542=EDGE_CURVE('',#3725,#3726,#1858,.T.);
#4543=EDGE_CURVE('',#3715,#3726,#1859,.T.);
#4544=EDGE_CURVE('',#3727,#3713,#1860,.T.);
#4545=EDGE_CURVE('',#3726,#3727,#1861,.T.);
#4546=EDGE_CURVE('',#3728,#3723,#1862,.T.);
#4547=EDGE_CURVE('',#3722,#3728,#1863,.T.);
#4548=EDGE_CURVE('',#3729,#3724,#1864,.T.);
#4549=EDGE_CURVE('',#3720,#3729,#1865,.T.);
#4550=EDGE_CURVE('',#3720,#3723,#1866,.T.);
#4551=EDGE_CURVE('',#3730,#3729,#1867,.T.);
#4552=EDGE_CURVE('',#3718,#3730,#1868,.T.);
#4553=EDGE_CURVE('',#3727,#3730,#1869,.T.);
#4554=EDGE_CURVE('',#3719,#3728,#1870,.T.);
#4555=EDGE_CURVE('',#3731,#3731,#1468,.T.);
#4556=EDGE_CURVE('',#3457,#3732,#1871,.T.);
#4557=EDGE_CURVE('',#3732,#3732,#1469,.T.);
#4558=EDGE_CURVE('',#3733,#3733,#1470,.T.);
#4559=EDGE_CURVE('',#3731,#3733,#1872,.T.);
#4560=EDGE_CURVE('',#3734,#3734,#1471,.T.);
#4561=EDGE_CURVE('',#3734,#3707,#1873,.T.);
#4562=EDGE_CURVE('',#3735,#3735,#1377,.T.);
#4563=EDGE_CURVE('',#3735,#3736,#1874,.T.);
#4564=EDGE_CURVE('',#3736,#3736,#1472,.T.);
#4565=EDGE_CURVE('',#3737,#3737,#1473,.T.);
#4566=EDGE_CURVE('',#3738,#3738,#1474,.T.);
#4567=EDGE_CURVE('',#3738,#3737,#1875,.T.);
#4568=EDGE_CURVE('',#3738,#3734,#1876,.T.);
#4569=EDGE_CURVE('',#3739,#3740,#1475,.T.);
#4570=EDGE_CURVE('',#3740,#3741,#1877,.T.);
#4571=EDGE_CURVE('',#3741,#3741,#1476,.T.);
#4572=EDGE_CURVE('',#3740,#3739,#1477,.T.);
#4573=EDGE_CURVE('',#3739,#3402,#1878,.T.);
#4574=EDGE_CURVE('',#3741,#3712,#1879,.T.);
#4575=EDGE_CURVE('',#3742,#3445,#1880,.T.);
#4576=EDGE_CURVE('',#3742,#3743,#1881,.T.);
#4577=EDGE_CURVE('',#3744,#3743,#1882,.T.);
#4578=EDGE_CURVE('',#3744,#3446,#1883,.T.);
#4579=EDGE_CURVE('',#3745,#3746,#1884,.T.);
#4580=EDGE_CURVE('',#3746,#3742,#1885,.T.);
#4581=EDGE_CURVE('',#3745,#3444,#1886,.F.);
#4582=EDGE_CURVE('',#3696,#3745,#1887,.T.);
#4583=EDGE_CURVE('',#3443,#3696,#1888,.T.);
#4584=EDGE_CURVE('',#3701,#3747,#1889,.T.);
#4585=EDGE_CURVE('',#3450,#3701,#1890,.T.);
#4586=EDGE_CURVE('',#3747,#3449,#1891,.F.);
#4587=EDGE_CURVE('',#3747,#3748,#1892,.T.);
#4588=EDGE_CURVE('',#3749,#3448,#1893,.T.);
#4589=EDGE_CURVE('',#3748,#3749,#1894,.T.);
#4590=EDGE_CURVE('',#3750,#3447,#1895,.T.);
#4591=EDGE_CURVE('',#3750,#3751,#1896,.T.);
#4592=EDGE_CURVE('',#3749,#3751,#1897,.T.);
#4593=EDGE_CURVE('',#3750,#3744,#1898,.T.);
#4594=EDGE_CURVE('',#3752,#3753,#1899,.F.);
#4595=EDGE_CURVE('',#3752,#3746,#1900,.F.);
#4596=EDGE_CURVE('',#3753,#3706,#1901,.T.);
#4597=EDGE_CURVE('',#3705,#3754,#1902,.T.);
#4598=EDGE_CURVE('',#3754,#3753,#1903,.F.);
#4599=EDGE_CURVE('',#3754,#3755,#1904,.T.);
#4600=EDGE_CURVE('',#3752,#3755,#1905,.T.);
#4601=EDGE_CURVE('',#3743,#3755,#1906,.T.);
#4602=EDGE_CURVE('',#3756,#3743,#1907,.T.);
#4603=EDGE_CURVE('',#3756,#3757,#1908,.T.);
#4604=EDGE_CURVE('',#3757,#3744,#1909,.T.);
#4605=EDGE_CURVE('',#3758,#3757,#1910,.T.);
#4606=EDGE_CURVE('',#3758,#3750,#1911,.T.);
#4607=EDGE_CURVE('',#3759,#3758,#1912,.T.);
#4608=EDGE_CURVE('',#3759,#3751,#1913,.T.);
#4609=EDGE_CURVE('',#3751,#3760,#1914,.T.);
#4610=EDGE_CURVE('',#3761,#3760,#1915,.T.);
#4611=EDGE_CURVE('',#3761,#3748,#1916,.F.);
#4612=EDGE_CURVE('',#3762,#3760,#1917,.T.);
#4613=EDGE_CURVE('',#3762,#3763,#1918,.F.);
#4614=EDGE_CURVE('',#3761,#3763,#1919,.F.);
#4615=EDGE_CURVE('',#3710,#3762,#1920,.T.);
#4616=EDGE_CURVE('',#3763,#3711,#1921,.T.);
#4617=EDGE_CURVE('',#3700,#3451,#1922,.T.);
#4618=EDGE_CURVE('',#3495,#3755,#1923,.T.);
#4619=EDGE_CURVE('',#3494,#3756,#1924,.T.);
#4620=EDGE_CURVE('',#3493,#3759,#1925,.T.);
#4621=EDGE_CURVE('',#3492,#3760,#1926,.T.);
#4622=EDGE_CURVE('',#3764,#3765,#1927,.T.);
#4623=EDGE_CURVE('',#3766,#3765,#1478,.T.);
#4624=EDGE_CURVE('',#3766,#3767,#1928,.T.);
#4625=EDGE_CURVE('',#3767,#3764,#1479,.T.);
#4626=EDGE_CURVE('',#3768,#3769,#1929,.T.);
#4627=EDGE_CURVE('',#3769,#3770,#1480,.T.);
#4628=EDGE_CURVE('',#3770,#3771,#1930,.T.);
#4629=EDGE_CURVE('',#3768,#3771,#1481,.T.);
#4630=EDGE_CURVE('',#3772,#3671,#1482,.T.);
#4631=EDGE_CURVE('',#3506,#3772,#1378,.T.);
#4632=EDGE_CURVE('',#3764,#3421,#19,.T.);
#4633=EDGE_CURVE('',#3773,#3767,#20,.T.);
#4634=EDGE_CURVE('',#3773,#3422,#21,.T.);
#4635=EDGE_CURVE('',#3418,#3769,#22,.T.);
#4636=EDGE_CURVE('',#3417,#3774,#23,.F.);
#4637=EDGE_CURVE('',#3770,#3774,#24,.T.);
#4638=EDGE_CURVE('',#3775,#3675,#1483,.T.);
#4639=EDGE_CURVE('',#3776,#3775,#1379,.T.);
#4640=EDGE_CURVE('',#3776,#3777,#1484,.T.);
#4641=EDGE_CURVE('',#3777,#3778,#1931,.T.);
#4642=EDGE_CURVE('',#3670,#3778,#1485,.T.);
#4643=EDGE_CURVE('',#3775,#3674,#1932,.T.);
#4644=EDGE_CURVE('',#3779,#3780,#1933,.T.);
#4645=EDGE_CURVE('',#3781,#3779,#1934,.T.);
#4646=EDGE_CURVE('',#3781,#3782,#1935,.T.);
#4647=EDGE_CURVE('',#3783,#3782,#1936,.T.);
#4648=EDGE_CURVE('',#3780,#3783,#1937,.T.);
#4649=EDGE_CURVE('',#3784,#3779,#1938,.T.);
#4650=EDGE_CURVE('',#3785,#3784,#1939,.T.);
#4651=EDGE_CURVE('',#3786,#3785,#1940,.T.);
#4652=EDGE_CURVE('',#3787,#3786,#1941,.T.);
#4653=EDGE_CURVE('',#3788,#3787,#1486,.F.);
#4654=EDGE_CURVE('',#3788,#3789,#1942,.F.);
#4655=EDGE_CURVE('',#3790,#3789,#1943,.F.);
#4656=EDGE_CURVE('',#3790,#3781,#1944,.F.);
#4657=EDGE_CURVE('',#3791,#3791,#1487,.F.);
#4658=EDGE_CURVE('',#3792,#3787,#1945,.T.);
#4659=EDGE_CURVE('',#3793,#3792,#1380,.T.);
#4660=EDGE_CURVE('',#3794,#3793,#1381,.T.);
#4661=EDGE_CURVE('',#3795,#3794,#1946,.T.);
#4662=EDGE_CURVE('',#3796,#3795,#1382,.T.);
#4663=EDGE_CURVE('',#3797,#3796,#1383,.T.);
#4664=EDGE_CURVE('',#3797,#3788,#1947,.T.);
#4665=EDGE_CURVE('',#3798,#3799,#40,.T.);
#4666=EDGE_CURVE('',#3798,#3800,#41,.T.);
#4667=EDGE_CURVE('',#3799,#3800,#42,.T.);
#4668=EDGE_CURVE('',#3782,#3801,#1948,.T.);
#4669=EDGE_CURVE('',#3802,#3790,#1949,.T.);
#4670=EDGE_CURVE('',#3777,#3802,#1488,.T.);
#4671=EDGE_CURVE('',#3803,#3776,#1950,.T.);
#4672=EDGE_CURVE('',#3804,#3803,#1951,.T.);
#4673=EDGE_CURVE('',#3805,#3804,#1952,.T.);
#4674=EDGE_CURVE('',#3806,#3805,#1953,.T.);
#4675=EDGE_CURVE('',#3801,#3806,#1954,.T.);
#4676=EDGE_CURVE('',#3791,#3807,#1955,.T.);
#4677=EDGE_CURVE('',#3807,#3807,#1489,.T.);
#4678=EDGE_CURVE('',#3808,#3808,#1490,.F.);
#4679=EDGE_CURVE('',#3800,#3809,#1956,.T.);
#4680=EDGE_CURVE('',#3810,#3798,#1957,.T.);
#4681=EDGE_CURVE('',#3809,#3810,#1491,.T.);
#4682=EDGE_CURVE('',#3802,#3811,#1384,.T.);
#4683=EDGE_CURVE('',#3811,#3812,#1958,.T.);
#4684=EDGE_CURVE('',#3813,#3812,#1385,.T.);
#4685=EDGE_CURVE('',#3778,#3813,#1492,.T.);
#4686=EDGE_CURVE('',#3789,#3811,#1959,.T.);
#4687=EDGE_CURVE('',#3812,#3814,#1960,.T.);
#4688=EDGE_CURVE('',#3814,#3797,#1961,.T.);
#4689=EDGE_CURVE('',#3815,#3816,#1962,.T.);
#4690=EDGE_CURVE('',#3817,#3815,#1493,.T.);
#4691=EDGE_CURVE('',#3817,#3818,#1963,.T.);
#4692=EDGE_CURVE('',#3818,#3818,#1494,.T.);
#4693=EDGE_CURVE('',#3819,#3817,#1495,.T.);
#4694=EDGE_CURVE('',#3820,#3819,#1496,.T.);
#4695=EDGE_CURVE('',#3821,#3820,#1964,.T.);
#4696=EDGE_CURVE('',#3816,#3821,#1497,.T.);
#4697=EDGE_CURVE('',#3822,#3822,#1498,.T.);
#4698=EDGE_CURVE('',#3808,#3822,#1965,.T.);
#4699=EDGE_CURVE('',#3809,#3810,#1499,.T.);
#4700=EDGE_CURVE('',#3823,#3801,#1500,.F.);
#4701=EDGE_CURVE('',#3824,#3823,#1966,.F.);
#4702=EDGE_CURVE('',#3824,#3825,#1967,.F.);
#4703=EDGE_CURVE('',#3826,#3825,#1968,.T.);
#4704=EDGE_CURVE('',#3826,#3827,#1501,.T.);
#4705=EDGE_CURVE('',#3828,#3827,#1969,.T.);
#4706=EDGE_CURVE('',#3424,#3828,#1970,.T.);
#4707=EDGE_CURVE('',#3423,#3829,#1971,.T.);
#4708=EDGE_CURVE('',#3829,#3830,#1972,.T.);
#4709=EDGE_CURVE('',#3830,#3831,#1973,.T.);
#4710=EDGE_CURVE('',#3831,#3832,#1974,.T.);
#4711=EDGE_CURVE('',#3832,#3416,#1975,.T.);
#4712=EDGE_CURVE('',#3415,#3833,#1976,.T.);
#4713=EDGE_CURVE('',#3833,#3834,#1977,.T.);
#4714=EDGE_CURVE('',#3834,#3835,#1502,.T.);
#4715=EDGE_CURVE('',#3835,#3836,#1978,.T.);
#4716=EDGE_CURVE('',#3837,#3836,#1979,.F.);
#4717=EDGE_CURVE('',#3837,#3838,#1980,.F.);
#4718=EDGE_CURVE('',#3838,#3839,#1503,.F.);
#4719=EDGE_CURVE('',#3839,#3840,#1981,.T.);
#4720=EDGE_CURVE('',#3840,#3841,#1982,.T.);
#4721=EDGE_CURVE('',#3841,#3842,#1504,.F.);
#4722=EDGE_CURVE('',#3842,#3843,#1983,.T.);
#4723=EDGE_CURVE('',#3843,#3844,#1984,.T.);
#4724=EDGE_CURVE('',#3844,#3845,#1985,.T.);
#4725=EDGE_CURVE('',#3846,#3845,#1986,.F.);
#4726=EDGE_CURVE('',#3847,#3846,#1987,.F.);
#4727=EDGE_CURVE('',#3848,#3847,#1988,.F.);
#4728=EDGE_CURVE('',#3848,#3849,#1989,.F.);
#4729=EDGE_CURVE('',#3849,#3850,#1990,.F.);
#4730=EDGE_CURVE('',#3851,#3850,#1991,.T.);
#4731=EDGE_CURVE('',#3852,#3851,#1992,.T.);
#4732=EDGE_CURVE('',#3783,#3852,#1993,.T.);
#4733=EDGE_CURVE('',#3853,#3806,#1505,.F.);
#4734=EDGE_CURVE('',#3823,#3853,#1994,.T.);
#4735=EDGE_CURVE('',#3805,#3854,#1995,.T.);
#4736=EDGE_CURVE('',#3854,#3855,#1996,.F.);
#4737=EDGE_CURVE('',#3856,#3855,#1997,.F.);
#4738=EDGE_CURVE('',#3856,#3857,#1998,.T.);
#4739=EDGE_CURVE('',#3853,#3857,#1999,.F.);
#4740=EDGE_CURVE('',#3772,#3813,#2000,.T.);
#4741=EDGE_CURVE('',#3858,#3814,#2001,.T.);
#4742=EDGE_CURVE('',#3575,#3858,#2002,.T.);
#4743=EDGE_CURVE('',#3574,#3507,#2003,.F.);
#4744=EDGE_CURVE('',#3859,#3503,#2004,.T.);
#4745=EDGE_CURVE('',#3859,#3860,#2005,.F.);
#4746=EDGE_CURVE('',#3803,#3860,#2006,.T.);
#4747=EDGE_CURVE('',#3794,#3861,#2007,.F.);
#4748=EDGE_CURVE('',#3861,#3862,#2008,.T.);
#4749=EDGE_CURVE('',#3862,#3795,#2009,.T.);
#4750=EDGE_CURVE('',#3863,#3862,#1386,.F.);
#4751=EDGE_CURVE('',#3863,#3796,#2010,.F.);
#4752=EDGE_CURVE('',#3804,#3864,#2011,.F.);
#4753=EDGE_CURVE('',#3864,#3854,#2012,.F.);
#4754=EDGE_CURVE('',#3858,#3863,#1387,.T.);
#4755=EDGE_CURVE('',#3864,#3860,#2013,.T.);
#4756=EDGE_CURVE('',#3865,#3866,#2014,.T.);
#4757=EDGE_CURVE('',#3867,#3865,#43,.T.);
#4758=EDGE_CURVE('',#3868,#3867,#44,.T.);
#4759=EDGE_CURVE('',#3869,#3868,#2015,.T.);
#4760=EDGE_CURVE('',#3866,#3869,#1506,.T.);
#4761=EDGE_CURVE('',#3870,#3871,#2016,.T.);
#4762=EDGE_CURVE('',#3872,#3870,#1507,.T.);
#4763=EDGE_CURVE('',#3873,#3872,#1508,.T.);
#4764=EDGE_CURVE('',#3874,#3873,#2017,.T.);
#4765=EDGE_CURVE('',#3875,#3874,#1509,.T.);
#4766=EDGE_CURVE('',#3875,#3876,#2018,.T.);
#4767=EDGE_CURVE('',#3876,#3876,#1510,.T.);
#4768=EDGE_CURVE('',#3871,#3875,#1511,.T.);
#4769=EDGE_CURVE('',#3877,#3878,#2019,.T.);
#4770=EDGE_CURVE('',#3879,#3877,#2020,.T.);
#4771=EDGE_CURVE('',#3841,#3879,#2021,.T.);
#4772=EDGE_CURVE('',#3880,#3840,#2022,.T.);
#4773=EDGE_CURVE('',#3878,#3880,#2023,.T.);
#4774=EDGE_CURVE('',#3868,#3865,#45,.T.);
#4775=EDGE_CURVE('',#3881,#3839,#2024,.T.);
#4776=EDGE_CURVE('',#3882,#3881,#2025,.T.);
#4777=EDGE_CURVE('',#3883,#3882,#2026,.T.);
#4778=EDGE_CURVE('',#3680,#3883,#2027,.T.);
#4779=EDGE_CURVE('',#3884,#3686,#2028,.T.);
#4780=EDGE_CURVE('',#3880,#3884,#2029,.F.);
#4781=EDGE_CURVE('',#3878,#3885,#2030,.T.);
#4782=EDGE_CURVE('',#3886,#3884,#2031,.F.);
#4783=EDGE_CURVE('',#3886,#3887,#2032,.F.);
#4784=EDGE_CURVE('',#3888,#3887,#1512,.F.);
#4785=EDGE_CURVE('',#3889,#3888,#2033,.T.);
#4786=EDGE_CURVE('',#3890,#3889,#2034,.T.);
#4787=EDGE_CURVE('',#3885,#3890,#2035,.T.);
#4788=EDGE_CURVE('',#3891,#3891,#1513,.F.);
#4789=EDGE_CURVE('',#3888,#3892,#2036,.T.);
#4790=EDGE_CURVE('',#3887,#3893,#2037,.T.);
#4791=EDGE_CURVE('',#3894,#3893,#1388,.T.);
#4792=EDGE_CURVE('',#3895,#3894,#1389,.T.);
#4793=EDGE_CURVE('',#3896,#3895,#2038,.T.);
#4794=EDGE_CURVE('',#3897,#3896,#1390,.T.);
#4795=EDGE_CURVE('',#3892,#3897,#1391,.T.);
#4796=EDGE_CURVE('',#3891,#3898,#2039,.T.);
#4797=EDGE_CURVE('',#3898,#3898,#1514,.T.);
#4798=EDGE_CURVE('',#3899,#3899,#1515,.F.);
#4799=EDGE_CURVE('',#3685,#3886,#2040,.T.);
#4800=EDGE_CURVE('',#3893,#3900,#2041,.T.);
#4801=EDGE_CURVE('',#3900,#3683,#2042,.T.);
#4802=EDGE_CURVE('',#3901,#3901,#1516,.T.);
#4803=EDGE_CURVE('',#3899,#3901,#2043,.T.);
#4804=EDGE_CURVE('',#3866,#3902,#1517,.T.);
#4805=EDGE_CURVE('',#3902,#3869,#1518,.T.);
#4806=EDGE_CURVE('',#3872,#3903,#2044,.T.);
#4807=EDGE_CURVE('',#3903,#3903,#1519,.F.);
#4808=EDGE_CURVE('',#3890,#3904,#2045,.T.);
#4809=EDGE_CURVE('',#3905,#3904,#2046,.T.);
#4810=EDGE_CURVE('',#3905,#3885,#2047,.T.);
#4811=EDGE_CURVE('',#3892,#3906,#2048,.F.);
#4812=EDGE_CURVE('',#3906,#3907,#2049,.T.);
#4813=EDGE_CURVE('',#3908,#3907,#2050,.T.);
#4814=EDGE_CURVE('',#3889,#3908,#2051,.T.);
#4815=EDGE_CURVE('',#3909,#3897,#2052,.T.);
#4816=EDGE_CURVE('',#3909,#3906,#1392,.T.);
#4817=EDGE_CURVE('',#3838,#3910,#2053,.T.);
#4818=EDGE_CURVE('',#3910,#3881,#1520,.T.);
#4819=EDGE_CURVE('',#3896,#3911,#2054,.F.);
#4820=EDGE_CURVE('',#3911,#3909,#1393,.T.);
#4821=EDGE_CURVE('',#3910,#3912,#2055,.T.);
#4822=EDGE_CURVE('',#3913,#3912,#2056,.F.);
#4823=EDGE_CURVE('',#3913,#3914,#2057,.T.);
#4824=EDGE_CURVE('',#3915,#3914,#2058,.T.);
#4825=EDGE_CURVE('',#3882,#3915,#2059,.F.);
#4826=EDGE_CURVE('',#3916,#3895,#2060,.T.);
#4827=EDGE_CURVE('',#3911,#3916,#2061,.T.);
#4828=EDGE_CURVE('',#3904,#3908,#2062,.T.);
#4829=EDGE_CURVE('',#3917,#3894,#2063,.T.);
#4830=EDGE_CURVE('',#3917,#3916,#1394,.T.);
#4831=EDGE_CURVE('',#3918,#3900,#2064,.T.);
#4832=EDGE_CURVE('',#3918,#3917,#1395,.T.);
#4833=EDGE_CURVE('',#3684,#3919,#2065,.T.);
#4834=EDGE_CURVE('',#3919,#3481,#1396,.T.);
#4835=EDGE_CURVE('',#3920,#3480,#2066,.T.);
#4836=EDGE_CURVE('',#3920,#3921,#1397,.T.);
#4837=EDGE_CURVE('',#3921,#3918,#2067,.T.);
#4838=EDGE_CURVE('',#3922,#3923,#2068,.T.);
#4839=EDGE_CURVE('',#3922,#3924,#2069,.T.);
#4840=EDGE_CURVE('',#3924,#3925,#2070,.T.);
#4841=EDGE_CURVE('',#3923,#3925,#2071,.T.);
#4842=EDGE_CURVE('',#3926,#3922,#2072,.T.);
#4843=EDGE_CURVE('',#3926,#3927,#2073,.T.);
#4844=EDGE_CURVE('',#3927,#3924,#2074,.T.);
#4845=EDGE_CURVE('',#3928,#3929,#2075,.T.);
#4846=EDGE_CURVE('',#3930,#3929,#2076,.T.);
#4847=EDGE_CURVE('',#3931,#3930,#2077,.T.);
#4848=EDGE_CURVE('',#3931,#3928,#2078,.T.);
#4849=EDGE_CURVE('',#3932,#3927,#2079,.T.);
#4850=EDGE_CURVE('',#3933,#3926,#2080,.T.);
#4851=EDGE_CURVE('',#3932,#3933,#2081,.T.);
#4852=EDGE_CURVE('',#3925,#3928,#2082,.T.);
#4853=EDGE_CURVE('',#3923,#3931,#2083,.T.);
#4854=EDGE_CURVE('',#3927,#3934,#2084,.T.);
#4855=EDGE_CURVE('',#3934,#3935,#2085,.T.);
#4856=EDGE_CURVE('',#3924,#3935,#2086,.T.);
#4857=EDGE_CURVE('',#3936,#3934,#2087,.T.);
#4858=EDGE_CURVE('',#3936,#3932,#2088,.T.);
#4859=EDGE_CURVE('',#3935,#3937,#2089,.T.);
#4860=EDGE_CURVE('',#3925,#3937,#2090,.T.);
#4861=EDGE_CURVE('',#3937,#3938,#2091,.T.);
#4862=EDGE_CURVE('',#3928,#3938,#2092,.T.);
#4863=EDGE_CURVE('',#3938,#3939,#2093,.T.);
#4864=EDGE_CURVE('',#3929,#3939,#2094,.T.);
#4865=EDGE_CURVE('',#3939,#3936,#2095,.T.);
#4866=EDGE_CURVE('',#3940,#3940,#1521,.F.);
#4867=EDGE_CURVE('',#3930,#3933,#2096,.T.);
#4868=EDGE_CURVE('',#3929,#3932,#2097,.T.);
#4869=EDGE_CURVE('',#3941,#3942,#2098,.T.);
#4870=EDGE_CURVE('',#3943,#3941,#2099,.T.);
#4871=EDGE_CURVE('',#3944,#3943,#2100,.T.);
#4872=EDGE_CURVE('',#3942,#3944,#2101,.T.);
#4873=EDGE_CURVE('',#3945,#3946,#2102,.T.);
#4874=EDGE_CURVE('',#3941,#3945,#2103,.T.);
#4875=EDGE_CURVE('',#3946,#3942,#2104,.T.);
#4876=EDGE_CURVE('',#3942,#3947,#2105,.T.);
#4877=EDGE_CURVE('',#3947,#3948,#2106,.T.);
#4878=EDGE_CURVE('',#3946,#3948,#2107,.T.);
#4879=EDGE_CURVE('',#3949,#3944,#2108,.T.);
#4880=EDGE_CURVE('',#3949,#3947,#2109,.T.);
#4881=EDGE_CURVE('',#3950,#3941,#2110,.T.);
#4882=EDGE_CURVE('',#3951,#3945,#2111,.T.);
#4883=EDGE_CURVE('',#3950,#3951,#2112,.T.);
#4884=EDGE_CURVE('',#3952,#3950,#2113,.T.);
#4885=EDGE_CURVE('',#3953,#3951,#2114,.T.);
#4886=EDGE_CURVE('',#3952,#3953,#2115,.T.);
#4887=EDGE_CURVE('',#3954,#3952,#2116,.T.);
#4888=EDGE_CURVE('',#3955,#3953,#2117,.T.);
#4889=EDGE_CURVE('',#3954,#3955,#2118,.T.);
#4890=EDGE_CURVE('',#3947,#3954,#2119,.T.);
#4891=EDGE_CURVE('',#3948,#3955,#2120,.T.);
#4892=EDGE_CURVE('',#3956,#3952,#2121,.T.);
#4893=EDGE_CURVE('',#3957,#3956,#2122,.T.);
#4894=EDGE_CURVE('',#3957,#3950,#2123,.T.);
#4895=EDGE_CURVE('',#3943,#3957,#2124,.T.);
#4896=EDGE_CURVE('',#3958,#3949,#2125,.T.);
#4897=EDGE_CURVE('',#3958,#3954,#2126,.T.);
#4898=EDGE_CURVE('',#3956,#3958,#2127,.T.);
#4899=EDGE_CURVE('',#3959,#3959,#46,.T.);
#4900=EDGE_CURVE('',#3959,#3902,#2128,.T.);
#4901=EDGE_CURVE('',#3940,#3819,#2129,.T.);
#4902=EDGE_CURVE('',#3799,#3960,#2130,.T.);
#4903=EDGE_CURVE('',#3961,#3960,#47,.T.);
#4904=EDGE_CURVE('',#3960,#3961,#48,.T.);
#4905=EDGE_CURVE('',#3962,#3963,#2131,.T.);
#4906=EDGE_CURVE('',#3962,#3964,#1522,.T.);
#4907=EDGE_CURVE('',#3827,#3964,#2132,.T.);
#4908=EDGE_CURVE('',#3963,#3826,#1398,.T.);
#4909=EDGE_CURVE('',#3964,#3962,#2133,.T.);
#4910=EDGE_CURVE('',#3965,#3825,#2134,.T.);
#4911=EDGE_CURVE('',#3966,#3965,#2135,.T.);
#4912=EDGE_CURVE('',#3966,#3963,#2136,.F.);
#4913=EDGE_CURVE('',#3967,#3831,#2137,.F.);
#4914=EDGE_CURVE('',#3967,#3968,#2138,.T.);
#4915=EDGE_CURVE('',#3968,#3832,#2139,.T.);
#4916=EDGE_CURVE('',#3774,#3968,#2140,.T.);
#4917=EDGE_CURVE('',#3773,#3969,#2141,.T.);
#4918=EDGE_CURVE('',#3969,#3829,#2142,.T.);
#4919=EDGE_CURVE('',#3766,#3970,#2143,.F.);
#4920=EDGE_CURVE('',#3970,#3969,#2144,.T.);
#4921=EDGE_CURVE('',#3971,#3971,#1523,.T.);
#4922=EDGE_CURVE('',#3972,#3972,#1524,.T.);
#4923=EDGE_CURVE('',#3972,#3971,#2145,.T.);
#4924=EDGE_CURVE('',#3973,#3973,#1525,.T.);
#4925=EDGE_CURVE('',#3974,#3974,#1526,.T.);
#4926=EDGE_CURVE('',#3974,#3973,#2146,.T.);
#4927=EDGE_CURVE('',#3970,#3830,#2147,.F.);
#4928=EDGE_CURVE('',#3771,#3967,#2148,.F.);
#4929=EDGE_CURVE('',#3975,#3834,#2149,.T.);
#4930=EDGE_CURVE('',#3976,#3975,#1527,.F.);
#4931=EDGE_CURVE('',#3977,#3976,#2150,.T.);
#4932=EDGE_CURVE('',#3835,#3977,#1399,.T.);
#4933=EDGE_CURVE('',#3976,#3975,#2151,.T.);
#4934=EDGE_CURVE('',#3978,#3977,#2152,.F.);
#4935=EDGE_CURVE('',#3978,#3979,#2153,.T.);
#4936=EDGE_CURVE('',#3979,#3836,#2154,.T.);
#4937=EDGE_CURVE('',#3833,#3980,#1528,.T.);
#4938=EDGE_CURVE('',#3980,#3981,#2155,.T.);
#4939=EDGE_CURVE('',#3981,#3982,#2156,.T.);
#4940=EDGE_CURVE('',#3983,#3982,#2157,.T.);
#4941=EDGE_CURVE('',#3983,#3682,#2158,.T.);
#4942=EDGE_CURVE('',#3984,#3681,#2159,.T.);
#4943=EDGE_CURVE('',#3984,#3915,#2160,.T.);
#4944=EDGE_CURVE('',#3914,#3978,#2161,.T.);
#4945=EDGE_CURVE('',#3985,#3985,#1529,.T.);
#4946=EDGE_CURVE('',#3986,#3986,#1530,.T.);
#4947=EDGE_CURVE('',#3987,#3987,#1531,.T.);
#4948=EDGE_CURVE('',#3987,#3985,#2162,.T.);
#4949=EDGE_CURVE('',#3986,#3988,#2163,.T.);
#4950=EDGE_CURVE('',#3988,#3988,#1532,.T.);
#4951=EDGE_CURVE('',#3989,#3989,#1533,.T.);
#4952=EDGE_CURVE('',#3786,#3990,#2164,.T.);
#4953=EDGE_CURVE('',#3991,#3990,#2165,.T.);
#4954=EDGE_CURVE('',#3992,#3991,#2166,.T.);
#4955=EDGE_CURVE('',#3792,#3992,#2167,.F.);
#4956=EDGE_CURVE('',#3993,#3992,#1400,.T.);
#4957=EDGE_CURVE('',#3993,#3793,#2168,.T.);
#4958=EDGE_CURVE('',#3861,#3993,#1401,.T.);
#4959=EDGE_CURVE('',#3994,#3994,#1534,.T.);
#4960=EDGE_CURVE('',#3995,#3996,#1535,.T.);
#4961=EDGE_CURVE('',#3996,#3627,#2169,.T.);
#4962=EDGE_CURVE('',#3626,#3995,#49,.T.);
#4963=EDGE_CURVE('',#3785,#3997,#2170,.T.);
#4964=EDGE_CURVE('',#3990,#3997,#2171,.T.);
#4965=EDGE_CURVE('',#3998,#3784,#2172,.T.);
#4966=EDGE_CURVE('',#3997,#3998,#2173,.T.);
#4967=EDGE_CURVE('',#3999,#3999,#1536,.T.);
#4968=EDGE_CURVE('',#3999,#3989,#2174,.T.);
#4969=EDGE_CURVE('',#3998,#4000,#2175,.T.);
#4970=EDGE_CURVE('',#4000,#4001,#2176,.T.);
#4971=EDGE_CURVE('',#4001,#4002,#2177,.T.);
#4972=EDGE_CURVE('',#4002,#3991,#1402,.T.);
#4973=EDGE_CURVE('',#3995,#3576,#2178,.T.);
#4974=EDGE_CURVE('',#3996,#4002,#2179,.T.);
#4975=EDGE_CURVE('',#4003,#4003,#1537,.T.);
#4976=EDGE_CURVE('',#4003,#3994,#2180,.T.);
#4977=EDGE_CURVE('',#4004,#3591,#25,.T.);
#4978=EDGE_CURVE('',#4005,#3628,#2181,.T.);
#4979=EDGE_CURVE('',#4004,#4005,#1538,.T.);
#4980=EDGE_CURVE('',#3511,#3570,#2182,.T.);
#4981=EDGE_CURVE('',#3571,#3510,#2183,.T.);
#4982=EDGE_CURVE('',#3572,#3509,#2184,.T.);
#4983=EDGE_CURVE('',#3508,#3573,#2185,.T.);
#4984=EDGE_CURVE('',#3478,#4006,#2186,.T.);
#4985=EDGE_CURVE('',#4006,#4007,#2187,.T.);
#4986=EDGE_CURVE('',#4007,#3479,#2188,.T.);
#4987=EDGE_CURVE('',#4008,#4006,#1539,.T.);
#4988=EDGE_CURVE('',#4008,#3477,#2189,.T.);
#4989=EDGE_CURVE('',#4008,#3566,#50,.T.);
#4990=EDGE_CURVE('',#4009,#4010,#2190,.T.);
#4991=EDGE_CURVE('',#3426,#4010,#2191,.T.);
#4992=EDGE_CURVE('',#3425,#4009,#2192,.F.);
#4993=EDGE_CURVE('',#4010,#4011,#2193,.T.);
#4994=EDGE_CURVE('',#4011,#3427,#2194,.T.);
#4995=EDGE_CURVE('',#4012,#4011,#2195,.T.);
#4996=EDGE_CURVE('',#4012,#3502,#2196,.T.);
#4997=EDGE_CURVE('',#4012,#3859,#2197,.T.);
#4998=EDGE_CURVE('',#3855,#3966,#2198,.T.);
#4999=EDGE_CURVE('',#3965,#3856,#2199,.F.);
#5000=EDGE_CURVE('',#3780,#4013,#2200,.T.);
#5001=EDGE_CURVE('',#4013,#4000,#2201,.F.);
#5002=EDGE_CURVE('',#4014,#4013,#2202,.F.);
#5003=EDGE_CURVE('',#4015,#4014,#2203,.F.);
#5004=EDGE_CURVE('',#4016,#4015,#2204,.T.);
#5005=EDGE_CURVE('',#4016,#4001,#2205,.T.);
#5006=EDGE_CURVE('',#4017,#4018,#1540,.T.);
#5007=EDGE_CURVE('',#4018,#4019,#2206,.T.);
#5008=EDGE_CURVE('',#4019,#4020,#1541,.T.);
#5009=EDGE_CURVE('',#4020,#4017,#2207,.T.);
#5010=EDGE_CURVE('',#4021,#4022,#2208,.T.);
#5011=EDGE_CURVE('',#4021,#4019,#2209,.T.);
#5012=EDGE_CURVE('',#4018,#4023,#2210,.T.);
#5013=EDGE_CURVE('',#4024,#4023,#2211,.F.);
#5014=EDGE_CURVE('',#4025,#4024,#2212,.F.);
#5015=EDGE_CURVE('',#4025,#4026,#2213,.T.);
#5016=EDGE_CURVE('',#4022,#4026,#2214,.F.);
#5017=EDGE_CURVE('',#4027,#4028,#2215,.T.);
#5018=EDGE_CURVE('',#4005,#4027,#2216,.T.);
#5019=EDGE_CURVE('',#3996,#4005,#2217,.T.);
#5020=EDGE_CURVE('',#4016,#4020,#2218,.F.);
#5021=EDGE_CURVE('',#4029,#4021,#1542,.T.);
#5022=EDGE_CURVE('',#4029,#4030,#2219,.F.);
#5023=EDGE_CURVE('',#4028,#4030,#2220,.T.);
#5024=EDGE_CURVE('',#4022,#4031,#1543,.T.);
#5025=EDGE_CURVE('',#4031,#4029,#2221,.T.);
#5026=EDGE_CURVE('',#4028,#4032,#2222,.T.);
#5027=EDGE_CURVE('',#4030,#4033,#2223,.F.);
#5028=EDGE_CURVE('',#4033,#4034,#2224,.T.);
#5029=EDGE_CURVE('',#4034,#4035,#2225,.T.);
#5030=EDGE_CURVE('',#4035,#4032,#2226,.T.);
#5031=EDGE_CURVE('',#4032,#3905,#2227,.T.);
#5032=EDGE_CURVE('',#3907,#4027,#1403,.T.);
#5033=EDGE_CURVE('',#3919,#3666,#1544,.T.);
#5034=EDGE_CURVE('',#3921,#4036,#51,.T.);
#5035=EDGE_CURVE('',#4036,#4004,#2228,.T.);
#5036=EDGE_CURVE('',#4037,#4038,#52,.T.);
#5037=EDGE_CURVE('',#4037,#4039,#1404,.T.);
#5038=EDGE_CURVE('',#4039,#4040,#53,.T.);
#5039=EDGE_CURVE('',#4040,#4036,#2229,.T.);
#5040=EDGE_CURVE('',#3920,#4007,#54,.T.);
#5041=EDGE_CURVE('',#4041,#3565,#1545,.T.);
#5042=EDGE_CURVE('',#4041,#4038,#2230,.T.);
#5043=EDGE_CURVE('',#3828,#4009,#1546,.T.);
#5044=EDGE_CURVE('',#3857,#3824,#2231,.T.);
#5045=EDGE_CURVE('',#4014,#3852,#2232,.T.);
#5046=EDGE_CURVE('',#3851,#4015,#2233,.T.);
#5047=EDGE_CURVE('',#3850,#4017,#2234,.T.);
#5048=EDGE_CURVE('',#3849,#4023,#2235,.T.);
#5049=EDGE_CURVE('',#3848,#4024,#2236,.F.);
#5050=EDGE_CURVE('',#3847,#4025,#2237,.F.);
#5051=EDGE_CURVE('',#3846,#4026,#2238,.T.);
#5052=EDGE_CURVE('',#3845,#4031,#2239,.T.);
#5053=EDGE_CURVE('',#3844,#4033,#2240,.T.);
#5054=EDGE_CURVE('',#4034,#3843,#2241,.T.);
#5055=EDGE_CURVE('',#3912,#3837,#2242,.T.);
#5056=EDGE_CURVE('',#3979,#3913,#2243,.F.);
#5057=EDGE_CURVE('',#3879,#4042,#1547,.T.);
#5058=EDGE_CURVE('',#3842,#4042,#2244,.T.);
#5059=EDGE_CURVE('',#4042,#4043,#2245,.F.);
#5060=EDGE_CURVE('',#4043,#4035,#2246,.T.);
#5061=EDGE_CURVE('',#4043,#3877,#2247,.T.);
#5062=EDGE_CURVE('',#3883,#3984,#2248,.T.);
#5063=EDGE_CURVE('',#3983,#3485,#2249,.T.);
#5064=EDGE_CURVE('',#3982,#3412,#2250,.T.);
#5065=EDGE_CURVE('',#3413,#3981,#2251,.T.);
#5066=EDGE_CURVE('',#3414,#3980,#2252,.F.);
#5067=EDGE_CURVE('',#3420,#3764,#2253,.T.);
#5068=EDGE_CURVE('',#3769,#3419,#2254,.T.);
#5069=EDGE_CURVE('',#3768,#3765,#1548,.T.);
#5070=EDGE_CURVE('',#3581,#3625,#2255,.T.);
#5071=EDGE_CURVE('',#3456,#4044,#2256,.F.);
#5072=EDGE_CURVE('',#4044,#3471,#2257,.T.);
#5073=EDGE_CURVE('',#3461,#3464,#2258,.T.);
#5074=EDGE_CURVE('',#3458,#3467,#2259,.T.);
#5075=EDGE_CURVE('',#3469,#3501,#2260,.T.);
#5076=EDGE_CURVE('',#3469,#3430,#2261,.T.);
#5077=EDGE_CURVE('',#3468,#3404,#2262,.T.);
#5078=EDGE_CURVE('',#3471,#3406,#2263,.T.);
#5079=EDGE_CURVE('',#4044,#3409,#2264,.T.);
#5080=EDGE_CURVE('',#3486,#4044,#2265,.T.);
#5081=EDGE_CURVE('',#3564,#4045,#1405,.F.);
#5082=EDGE_CURVE('',#4046,#4045,#1549,.T.);
#5083=EDGE_CURVE('',#4047,#4046,#2266,.T.);
#5084=EDGE_CURVE('',#4048,#4047,#1406,.T.);
#5085=EDGE_CURVE('',#4049,#4048,#55,.T.);
#5086=EDGE_CURVE('',#4050,#4049,#2267,.T.);
#5087=EDGE_CURVE('',#4051,#4050,#56,.T.);
#5088=EDGE_CURVE('',#4052,#4051,#1407,.T.);
#5089=EDGE_CURVE('',#4052,#4040,#2268,.T.);
#5090=EDGE_CURVE('',#4053,#4053,#1550,.T.);
#5091=EDGE_CURVE('',#4053,#3531,#2269,.T.);
#5092=EDGE_CURVE('',#3520,#4054,#2270,.T.);
#5093=EDGE_CURVE('',#4054,#4055,#2271,.T.);
#5094=EDGE_CURVE('',#4056,#4055,#2272,.T.);
#5095=EDGE_CURVE('',#4057,#4056,#2273,.T.);
#5096=EDGE_CURVE('',#3521,#4057,#2274,.T.);
#5097=EDGE_CURVE('',#3522,#4058,#2275,.T.);
#5098=EDGE_CURVE('',#4058,#4057,#2276,.T.);
#5099=EDGE_CURVE('',#4058,#4059,#2277,.T.);
#5100=EDGE_CURVE('',#3523,#4059,#2278,.T.);
#5101=EDGE_CURVE('',#4060,#4059,#2279,.T.);
#5102=EDGE_CURVE('',#3524,#4060,#2280,.T.);
#5103=EDGE_CURVE('',#4061,#4060,#2281,.T.);
#5104=EDGE_CURVE('',#4061,#3605,#2282,.T.);
#5105=EDGE_CURVE('',#4062,#3604,#2283,.T.);
#5106=EDGE_CURVE('',#4063,#4062,#2284,.T.);
#5107=EDGE_CURVE('',#3525,#4063,#2285,.T.);
#5108=EDGE_CURVE('',#4064,#3526,#2286,.T.);
#5109=EDGE_CURVE('',#4063,#4064,#2287,.T.);
#5110=EDGE_CURVE('',#3527,#3602,#2288,.T.);
#5111=EDGE_CURVE('',#4064,#4065,#2289,.T.);
#5112=EDGE_CURVE('',#3603,#4065,#2290,.T.);
#5113=EDGE_CURVE('',#3601,#3528,#2291,.T.);
#5114=EDGE_CURVE('',#3600,#3529,#2292,.T.);
#5115=EDGE_CURVE('',#3580,#4066,#2293,.T.);
#5116=EDGE_CURVE('',#4066,#3618,#2294,.T.);
#5117=EDGE_CURVE('',#3617,#3512,#2295,.T.);
#5118=EDGE_CURVE('',#3513,#3616,#2296,.T.);
#5119=EDGE_CURVE('',#3514,#3615,#2297,.T.);
#5120=EDGE_CURVE('',#3614,#4067,#2298,.T.);
#5121=EDGE_CURVE('',#4068,#4067,#2299,.T.);
#5122=EDGE_CURVE('',#4068,#3515,#2300,.T.);
#5123=EDGE_CURVE('',#4069,#4068,#2301,.T.);
#5124=EDGE_CURVE('',#3516,#4069,#2302,.T.);
#5125=EDGE_CURVE('',#4070,#3612,#2303,.T.);
#5126=EDGE_CURVE('',#4070,#4071,#2304,.T.);
#5127=EDGE_CURVE('',#3517,#4071,#2305,.T.);
#5128=EDGE_CURVE('',#4069,#4072,#2306,.T.);
#5129=EDGE_CURVE('',#4072,#3613,#2307,.T.);
#5130=EDGE_CURVE('',#4073,#3518,#2308,.T.);
#5131=EDGE_CURVE('',#4071,#4073,#2309,.T.);
#5132=EDGE_CURVE('',#4074,#3519,#2310,.T.);
#5133=EDGE_CURVE('',#4074,#4073,#2311,.T.);
#5134=EDGE_CURVE('',#4074,#4054,#2312,.T.);
#5135=EDGE_CURVE('',#4075,#4075,#1551,.T.);
#5136=EDGE_CURVE('',#4075,#3530,#2313,.T.);
#5137=EDGE_CURVE('',#4076,#4077,#2314,.T.);
#5138=EDGE_CURVE('',#4046,#4076,#2315,.T.);
#5139=EDGE_CURVE('',#4077,#4045,#2316,.T.);
#5140=EDGE_CURVE('',#3598,#4076,#2317,.F.);
#5141=EDGE_CURVE('',#4047,#3597,#2318,.T.);
#5142=EDGE_CURVE('',#4047,#4078,#1552,.T.);
#5143=EDGE_CURVE('',#4078,#4079,#1408,.T.);
#5144=EDGE_CURVE('',#4079,#4049,#57,.F.);
#5145=EDGE_CURVE('',#4080,#4079,#2319,.F.);
#5146=EDGE_CURVE('',#4081,#4080,#2320,.F.);
#5147=EDGE_CURVE('',#4082,#4081,#2321,.F.);
#5148=EDGE_CURVE('',#4050,#4082,#58,.F.);
#5149=EDGE_CURVE('',#3593,#4052,#1553,.T.);
#5150=EDGE_CURVE('',#4082,#3593,#1409,.T.);
#5151=EDGE_CURVE('',#3592,#4052,#2322,.T.);
#5152=EDGE_CURVE('',#3564,#3599,#2323,.T.);
#5153=EDGE_CURVE('',#4077,#3599,#2324,.T.);
#5154=EDGE_CURVE('',#4083,#4083,#1554,.T.);
#5155=EDGE_CURVE('',#4084,#4074,#2325,.T.);
#5156=EDGE_CURVE('',#4055,#4084,#2326,.T.);
#5157=EDGE_CURVE('',#3609,#4055,#2327,.T.);
#5158=EDGE_CURVE('',#3608,#4056,#2328,.T.);
#5159=EDGE_CURVE('',#4058,#4085,#2329,.T.);
#5160=EDGE_CURVE('',#4056,#4085,#2330,.T.);
#5161=EDGE_CURVE('',#4085,#4086,#2331,.T.);
#5162=EDGE_CURVE('',#4059,#4086,#2332,.T.);
#5163=EDGE_CURVE('',#4086,#4061,#2333,.T.);
#5164=EDGE_CURVE('',#4086,#3606,#2334,.T.);
#5165=EDGE_CURVE('',#4065,#4062,#2335,.T.);
#5166=EDGE_CURVE('',#4087,#3588,#2336,.T.);
#5167=EDGE_CURVE('',#4087,#4066,#2337,.T.);
#5168=EDGE_CURVE('',#4088,#4087,#2338,.T.);
#5169=EDGE_CURVE('',#3619,#4088,#2339,.T.);
#5170=EDGE_CURVE('',#4067,#4072,#2340,.T.);
#5171=EDGE_CURVE('',#3611,#4089,#2341,.T.);
#5172=EDGE_CURVE('',#4089,#4070,#2342,.T.);
#5173=EDGE_CURVE('',#4089,#4073,#2343,.T.);
#5174=EDGE_CURVE('',#4084,#4089,#2344,.T.);
#5175=EDGE_CURVE('',#4090,#4090,#1555,.T.);
#5176=EDGE_CURVE('',#3596,#4078,#2345,.T.);
#5177=EDGE_CURVE('',#4080,#3595,#2346,.F.);
#5178=EDGE_CURVE('',#4081,#3594,#2347,.T.);
#5179=EDGE_CURVE('',#3664,#4083,#2348,.T.);
#5180=EDGE_CURVE('',#4091,#4091,#1556,.T.);
#5181=EDGE_CURVE('',#4091,#3630,#2349,.T.);
#5182=EDGE_CURVE('',#3629,#4092,#2350,.T.);
#5183=EDGE_CURVE('',#4092,#4092,#1557,.T.);
#5184=EDGE_CURVE('',#4093,#4094,#2351,.T.);
#5185=EDGE_CURVE('',#4094,#3655,#2352,.T.);
#5186=EDGE_CURVE('',#4093,#3654,#2353,.T.);
#5187=EDGE_CURVE('',#4094,#4095,#2354,.T.);
#5188=EDGE_CURVE('',#4095,#3656,#2355,.T.);
#5189=EDGE_CURVE('',#4095,#4096,#2356,.T.);
#5190=EDGE_CURVE('',#4096,#3657,#2357,.T.);
#5191=EDGE_CURVE('',#4096,#4097,#2358,.T.);
#5192=EDGE_CURVE('',#4097,#3658,#2359,.T.);
#5193=EDGE_CURVE('',#4097,#4098,#2360,.T.);
#5194=EDGE_CURVE('',#4098,#3659,#2361,.T.);
#5195=EDGE_CURVE('',#4098,#4099,#2362,.T.);
#5196=EDGE_CURVE('',#4099,#3660,#2363,.T.);
#5197=EDGE_CURVE('',#4099,#4100,#2364,.T.);
#5198=EDGE_CURVE('',#4100,#3661,#2365,.T.);
#5199=EDGE_CURVE('',#4100,#4101,#2366,.T.);
#5200=EDGE_CURVE('',#4101,#3662,#2367,.T.);
#5201=EDGE_CURVE('',#4101,#4102,#2368,.T.);
#5202=EDGE_CURVE('',#4102,#3663,#2369,.T.);
#5203=EDGE_CURVE('',#4102,#4093,#2370,.T.);
#5204=EDGE_CURVE('',#4103,#4104,#2371,.T.);
#5205=EDGE_CURVE('',#4104,#3651,#2372,.T.);
#5206=EDGE_CURVE('',#4103,#3650,#2373,.T.);
#5207=EDGE_CURVE('',#4104,#4105,#2374,.T.);
#5208=EDGE_CURVE('',#4105,#3652,#2375,.T.);
#5209=EDGE_CURVE('',#4105,#4106,#2376,.T.);
#5210=EDGE_CURVE('',#4106,#3653,#2377,.T.);
#5211=EDGE_CURVE('',#4106,#4103,#2378,.T.);
#5212=EDGE_CURVE('',#4107,#4108,#2379,.T.);
#5213=EDGE_CURVE('',#4108,#3647,#2380,.T.);
#5214=EDGE_CURVE('',#4107,#3646,#2381,.T.);
#5215=EDGE_CURVE('',#4108,#4109,#2382,.T.);
#5216=EDGE_CURVE('',#4109,#3648,#2383,.T.);
#5217=EDGE_CURVE('',#4109,#4110,#2384,.T.);
#5218=EDGE_CURVE('',#4110,#3649,#2385,.T.);
#5219=EDGE_CURVE('',#4110,#4107,#2386,.T.);
#5220=EDGE_CURVE('',#4111,#4112,#2387,.T.);
#5221=EDGE_CURVE('',#4112,#3637,#2388,.T.);
#5222=EDGE_CURVE('',#4111,#3636,#2389,.T.);
#5223=EDGE_CURVE('',#4112,#4113,#2390,.T.);
#5224=EDGE_CURVE('',#4113,#3638,#2391,.T.);
#5225=EDGE_CURVE('',#4113,#4114,#2392,.T.);
#5226=EDGE_CURVE('',#4114,#3639,#2393,.T.);
#5227=EDGE_CURVE('',#4114,#4115,#2394,.T.);
#5228=EDGE_CURVE('',#4115,#3640,#2395,.T.);
#5229=EDGE_CURVE('',#4115,#4116,#2396,.T.);
#5230=EDGE_CURVE('',#4116,#3641,#2397,.T.);
#5231=EDGE_CURVE('',#4116,#4117,#2398,.T.);
#5232=EDGE_CURVE('',#4117,#3642,#2399,.T.);
#5233=EDGE_CURVE('',#4117,#4118,#2400,.T.);
#5234=EDGE_CURVE('',#4118,#3643,#2401,.T.);
#5235=EDGE_CURVE('',#4118,#4119,#2402,.T.);
#5236=EDGE_CURVE('',#4119,#3644,#2403,.T.);
#5237=EDGE_CURVE('',#4119,#4120,#2404,.T.);
#5238=EDGE_CURVE('',#4120,#3645,#2405,.T.);
#5239=EDGE_CURVE('',#4120,#4111,#2406,.T.);
#5240=EDGE_CURVE('',#4121,#4122,#2407,.T.);
#5241=EDGE_CURVE('',#4122,#3633,#2408,.T.);
#5242=EDGE_CURVE('',#4121,#3632,#2409,.T.);
#5243=EDGE_CURVE('',#4122,#4123,#2410,.T.);
#5244=EDGE_CURVE('',#4123,#3634,#2411,.T.);
#5245=EDGE_CURVE('',#4123,#4124,#2412,.T.);
#5246=EDGE_CURVE('',#4124,#3635,#2413,.T.);
#5247=EDGE_CURVE('',#4124,#4121,#2414,.T.);
#5248=EDGE_CURVE('',#4085,#3607,#2415,.T.);
#5249=EDGE_CURVE('',#3610,#4084,#2416,.T.);
#5250=EDGE_CURVE('',#3620,#3586,#2417,.T.);
#5251=EDGE_CURVE('',#4088,#3587,#2418,.T.);
#5252=EDGE_CURVE('',#3586,#4125,#1558,.T.);
#5253=EDGE_CURVE('',#4125,#3621,#2419,.T.);
#5254=EDGE_CURVE('',#4126,#4125,#1410,.T.);
#5255=EDGE_CURVE('',#4126,#4127,#2420,.F.);
#5256=EDGE_CURVE('',#4127,#3622,#2421,.F.);
#5257=EDGE_CURVE('',#4128,#4127,#2422,.T.);
#5258=EDGE_CURVE('',#3623,#4128,#2423,.T.);
#5259=EDGE_CURVE('',#3624,#4129,#1411,.T.);
#5260=EDGE_CURVE('',#4129,#4128,#2424,.T.);
#5261=EDGE_CURVE('',#3581,#3624,#1559,.T.);
#5262=EDGE_CURVE('',#4090,#3631,#2425,.T.);
#5263=EDGE_CURVE('',#4129,#3583,#59,.F.);
#5264=EDGE_CURVE('',#3584,#4126,#60,.F.);
#5265=EDGE_CURVE('',#4130,#4131,#2426,.T.);
#5266=EDGE_CURVE('',#4132,#4130,#2427,.T.);
#5267=EDGE_CURVE('',#4133,#4132,#2428,.T.);
#5268=EDGE_CURVE('',#4134,#4133,#2429,.T.);
#5269=EDGE_CURVE('',#4135,#4134,#2430,.T.);
#5270=EDGE_CURVE('',#4136,#4135,#2431,.T.);
#5271=EDGE_CURVE('',#4131,#4136,#2432,.T.);
#5272=EDGE_CURVE('',#4131,#3535,#2433,.T.);
#5273=EDGE_CURVE('',#4136,#3536,#2434,.T.);
#5274=EDGE_CURVE('',#4130,#3534,#2435,.T.);
#5275=EDGE_CURVE('',#4132,#3533,#2436,.T.);
#5276=EDGE_CURVE('',#4133,#3532,#2437,.T.);
#5277=EDGE_CURVE('',#4134,#3538,#2438,.T.);
#5278=EDGE_CURVE('',#4135,#3537,#2439,.T.);
#5279=EDGE_CURVE('',#4137,#3540,#2440,.T.);
#5280=EDGE_CURVE('',#4137,#4138,#2441,.T.);
#5281=EDGE_CURVE('',#4138,#3541,#2442,.T.);
#5282=EDGE_CURVE('',#4139,#3539,#2443,.T.);
#5283=EDGE_CURVE('',#4139,#4137,#2444,.T.);
#5284=EDGE_CURVE('',#4138,#4140,#2445,.T.);
#5285=EDGE_CURVE('',#4140,#4139,#2446,.T.);
#5286=EDGE_CURVE('',#4140,#3542,#2447,.T.);
#5287=EDGE_CURVE('',#4141,#3546,#2448,.T.);
#5288=EDGE_CURVE('',#4141,#4142,#2449,.T.);
#5289=EDGE_CURVE('',#4142,#3547,#2450,.T.);
#5290=EDGE_CURVE('',#4143,#3545,#2451,.T.);
#5291=EDGE_CURVE('',#4143,#4141,#2452,.T.);
#5292=EDGE_CURVE('',#4144,#4145,#2453,.T.);
#5293=EDGE_CURVE('',#4142,#4144,#2454,.T.);
#5294=EDGE_CURVE('',#4146,#4143,#2455,.T.);
#5295=EDGE_CURVE('',#4147,#4146,#2456,.T.);
#5296=EDGE_CURVE('',#4145,#4147,#2457,.T.);
#5297=EDGE_CURVE('',#4146,#3544,#2458,.T.);
#5298=EDGE_CURVE('',#4147,#3543,#2459,.T.);
#5299=EDGE_CURVE('',#4145,#3549,#2460,.T.);
#5300=EDGE_CURVE('',#4144,#3548,#2461,.T.);
#5301=EDGE_CURVE('',#4148,#3553,#2462,.T.);
#5302=EDGE_CURVE('',#4148,#4149,#2463,.T.);
#5303=EDGE_CURVE('',#4149,#3554,#2464,.T.);
#5304=EDGE_CURVE('',#4150,#3552,#2465,.T.);
#5305=EDGE_CURVE('',#4150,#4148,#2466,.T.);
#5306=EDGE_CURVE('',#4151,#3551,#2467,.T.);
#5307=EDGE_CURVE('',#4151,#4150,#2468,.T.);
#5308=EDGE_CURVE('',#4152,#3550,#2469,.T.);
#5309=EDGE_CURVE('',#4152,#4151,#2470,.T.);
#5310=EDGE_CURVE('',#4153,#4152,#2471,.T.);
#5311=EDGE_CURVE('',#4154,#4153,#2472,.T.);
#5312=EDGE_CURVE('',#4155,#4154,#2473,.T.);
#5313=EDGE_CURVE('',#4149,#4155,#2474,.T.);
#5314=EDGE_CURVE('',#4153,#3557,#2475,.T.);
#5315=EDGE_CURVE('',#4154,#3556,#2476,.T.);
#5316=EDGE_CURVE('',#4155,#3555,#2477,.T.);
#5317=ORIENTED_EDGE('',*,*,#4156,.F.);
#5318=ORIENTED_EDGE('',*,*,#4157,.F.);
#5319=ORIENTED_EDGE('',*,*,#4158,.T.);
#5320=ORIENTED_EDGE('',*,*,#4159,.F.);
#5321=ORIENTED_EDGE('',*,*,#4158,.F.);
#5322=ORIENTED_EDGE('',*,*,#4160,.F.);
#5323=ORIENTED_EDGE('',*,*,#4161,.F.);
#5324=ORIENTED_EDGE('',*,*,#4162,.F.);
#5325=ORIENTED_EDGE('',*,*,#4163,.F.);
#5326=ORIENTED_EDGE('',*,*,#4160,.T.);
#5327=ORIENTED_EDGE('',*,*,#4157,.T.);
#5328=ORIENTED_EDGE('',*,*,#4164,.F.);
#5329=ORIENTED_EDGE('',*,*,#4161,.T.);
#5330=ORIENTED_EDGE('',*,*,#4164,.T.);
#5331=ORIENTED_EDGE('',*,*,#4156,.T.);
#5332=ORIENTED_EDGE('',*,*,#4165,.F.);
#5333=ORIENTED_EDGE('',*,*,#4166,.F.);
#5334=ORIENTED_EDGE('',*,*,#4167,.T.);
#5335=ORIENTED_EDGE('',*,*,#4168,.T.);
#5336=ORIENTED_EDGE('',*,*,#4169,.T.);
#5337=ORIENTED_EDGE('',*,*,#4170,.T.);
#5338=ORIENTED_EDGE('',*,*,#4171,.F.);
#5339=ORIENTED_EDGE('',*,*,#4170,.F.);
#5340=ORIENTED_EDGE('',*,*,#4172,.F.);
#5341=ORIENTED_EDGE('',*,*,#4173,.F.);
#5342=ORIENTED_EDGE('',*,*,#4174,.F.);
#5343=ORIENTED_EDGE('',*,*,#4175,.T.);
#5344=ORIENTED_EDGE('',*,*,#4176,.T.);
#5345=ORIENTED_EDGE('',*,*,#4177,.T.);
#5346=ORIENTED_EDGE('',*,*,#4178,.T.);
#5347=ORIENTED_EDGE('',*,*,#4179,.T.);
#5348=ORIENTED_EDGE('',*,*,#4180,.T.);
#5349=ORIENTED_EDGE('',*,*,#4181,.T.);
#5350=ORIENTED_EDGE('',*,*,#4182,.F.);
#5351=ORIENTED_EDGE('',*,*,#4183,.F.);
#5352=ORIENTED_EDGE('',*,*,#4184,.F.);
#5353=ORIENTED_EDGE('',*,*,#4185,.T.);
#5354=ORIENTED_EDGE('',*,*,#4186,.T.);
#5355=ORIENTED_EDGE('',*,*,#4187,.T.);
#5356=ORIENTED_EDGE('',*,*,#4188,.T.);
#5357=ORIENTED_EDGE('',*,*,#4189,.T.);
#5358=ORIENTED_EDGE('',*,*,#4190,.T.);
#5359=ORIENTED_EDGE('',*,*,#4191,.T.);
#5360=ORIENTED_EDGE('',*,*,#4192,.F.);
#5361=ORIENTED_EDGE('',*,*,#4193,.F.);
#5362=ORIENTED_EDGE('',*,*,#4194,.F.);
#5363=ORIENTED_EDGE('',*,*,#4195,.F.);
#5364=ORIENTED_EDGE('',*,*,#4196,.T.);
#5365=ORIENTED_EDGE('',*,*,#4197,.T.);
#5366=ORIENTED_EDGE('',*,*,#4198,.T.);
#5367=ORIENTED_EDGE('',*,*,#4199,.T.);
#5368=ORIENTED_EDGE('',*,*,#4200,.F.);
#5369=ORIENTED_EDGE('',*,*,#4199,.F.);
#5370=ORIENTED_EDGE('',*,*,#4201,.F.);
#5371=ORIENTED_EDGE('',*,*,#4202,.F.);
#5372=ORIENTED_EDGE('',*,*,#4203,.T.);
#5373=ORIENTED_EDGE('',*,*,#4204,.F.);
#5374=ORIENTED_EDGE('',*,*,#4205,.F.);
#5375=ORIENTED_EDGE('',*,*,#4206,.T.);
#5376=ORIENTED_EDGE('',*,*,#4207,.F.);
#5377=ORIENTED_EDGE('',*,*,#4208,.F.);
#5378=ORIENTED_EDGE('',*,*,#4209,.F.);
#5379=ORIENTED_EDGE('',*,*,#4210,.F.);
#5380=ORIENTED_EDGE('',*,*,#4211,.F.);
#5381=ORIENTED_EDGE('',*,*,#4212,.T.);
#5382=ORIENTED_EDGE('',*,*,#4213,.T.);
#5383=ORIENTED_EDGE('',*,*,#4214,.T.);
#5384=ORIENTED_EDGE('',*,*,#4215,.T.);
#5385=ORIENTED_EDGE('',*,*,#4216,.T.);
#5386=ORIENTED_EDGE('',*,*,#4217,.F.);
#5387=ORIENTED_EDGE('',*,*,#4218,.F.);
#5388=ORIENTED_EDGE('',*,*,#4219,.T.);
#5389=ORIENTED_EDGE('',*,*,#4220,.F.);
#5390=ORIENTED_EDGE('',*,*,#4221,.F.);
#5391=ORIENTED_EDGE('',*,*,#4222,.T.);
#5392=ORIENTED_EDGE('',*,*,#4223,.F.);
#5393=ORIENTED_EDGE('',*,*,#4224,.T.);
#5394=ORIENTED_EDGE('',*,*,#4225,.T.);
#5395=ORIENTED_EDGE('',*,*,#4226,.F.);
#5396=ORIENTED_EDGE('',*,*,#4202,.T.);
#5397=ORIENTED_EDGE('',*,*,#4227,.F.);
#5398=ORIENTED_EDGE('',*,*,#4228,.T.);
#5399=ORIENTED_EDGE('',*,*,#4220,.T.);
#5400=ORIENTED_EDGE('',*,*,#4229,.F.);
#5401=ORIENTED_EDGE('',*,*,#4230,.F.);
#5402=ORIENTED_EDGE('',*,*,#4229,.T.);
#5403=ORIENTED_EDGE('',*,*,#4219,.F.);
#5404=ORIENTED_EDGE('',*,*,#4231,.T.);
#5405=ORIENTED_EDGE('',*,*,#4232,.T.);
#5406=ORIENTED_EDGE('',*,*,#4233,.F.);
#5407=ORIENTED_EDGE('',*,*,#4226,.T.);
#5408=ORIENTED_EDGE('',*,*,#4234,.T.);
#5409=ORIENTED_EDGE('',*,*,#4235,.T.);
#5410=ORIENTED_EDGE('',*,*,#4236,.F.);
#5411=ORIENTED_EDGE('',*,*,#4203,.F.);
#5412=ORIENTED_EDGE('',*,*,#4201,.T.);
#5413=ORIENTED_EDGE('',*,*,#4198,.F.);
#5414=ORIENTED_EDGE('',*,*,#4237,.T.);
#5415=ORIENTED_EDGE('',*,*,#4238,.T.);
#5416=ORIENTED_EDGE('',*,*,#4239,.F.);
#5417=ORIENTED_EDGE('',*,*,#4240,.T.);
#5418=ORIENTED_EDGE('',*,*,#4241,.T.);
#5419=ORIENTED_EDGE('',*,*,#4237,.F.);
#5420=ORIENTED_EDGE('',*,*,#4197,.F.);
#5421=ORIENTED_EDGE('',*,*,#4242,.T.);
#5422=ORIENTED_EDGE('',*,*,#4243,.T.);
#5423=ORIENTED_EDGE('',*,*,#4244,.F.);
#5424=ORIENTED_EDGE('',*,*,#4195,.T.);
#5425=ORIENTED_EDGE('',*,*,#4245,.F.);
#5426=ORIENTED_EDGE('',*,*,#4246,.F.);
#5427=ORIENTED_EDGE('',*,*,#4247,.F.);
#5428=ORIENTED_EDGE('',*,*,#4248,.F.);
#5429=ORIENTED_EDGE('',*,*,#4249,.F.);
#5430=ORIENTED_EDGE('',*,*,#4250,.F.);
#5431=ORIENTED_EDGE('',*,*,#4251,.F.);
#5432=ORIENTED_EDGE('',*,*,#4252,.T.);
#5433=ORIENTED_EDGE('',*,*,#4253,.T.);
#5434=ORIENTED_EDGE('',*,*,#4254,.T.);
#5435=ORIENTED_EDGE('',*,*,#4255,.F.);
#5436=ORIENTED_EDGE('',*,*,#4256,.T.);
#5437=ORIENTED_EDGE('',*,*,#4257,.T.);
#5438=ORIENTED_EDGE('',*,*,#4174,.T.);
#5439=ORIENTED_EDGE('',*,*,#4258,.F.);
#5440=ORIENTED_EDGE('',*,*,#4259,.T.);
#5441=ORIENTED_EDGE('',*,*,#4218,.T.);
#5442=ORIENTED_EDGE('',*,*,#4260,.T.);
#5443=ORIENTED_EDGE('',*,*,#4261,.T.);
#5444=ORIENTED_EDGE('',*,*,#4262,.T.);
#5445=ORIENTED_EDGE('',*,*,#4263,.T.);
#5446=ORIENTED_EDGE('',*,*,#4264,.F.);
#5447=ORIENTED_EDGE('',*,*,#4265,.T.);
#5448=ORIENTED_EDGE('',*,*,#4266,.T.);
#5449=ORIENTED_EDGE('',*,*,#4230,.T.);
#5450=ORIENTED_EDGE('',*,*,#4267,.F.);
#5451=ORIENTED_EDGE('',*,*,#4268,.T.);
#5452=ORIENTED_EDGE('',*,*,#4269,.T.);
#5453=ORIENTED_EDGE('',*,*,#4270,.F.);
#5454=ORIENTED_EDGE('',*,*,#4271,.T.);
#5455=ORIENTED_EDGE('',*,*,#4225,.F.);
#5456=ORIENTED_EDGE('',*,*,#4272,.T.);
#5457=ORIENTED_EDGE('',*,*,#4273,.T.);
#5458=ORIENTED_EDGE('',*,*,#4274,.F.);
#5459=ORIENTED_EDGE('',*,*,#4275,.T.);
#5460=ORIENTED_EDGE('',*,*,#4276,.T.);
#5461=ORIENTED_EDGE('',*,*,#4277,.T.);
#5462=ORIENTED_EDGE('',*,*,#4278,.T.);
#5463=ORIENTED_EDGE('',*,*,#4204,.T.);
#5464=ORIENTED_EDGE('',*,*,#4279,.F.);
#5465=ORIENTED_EDGE('',*,*,#4280,.T.);
#5466=ORIENTED_EDGE('',*,*,#4192,.T.);
#5467=ORIENTED_EDGE('',*,*,#4281,.T.);
#5468=ORIENTED_EDGE('',*,*,#4282,.F.);
#5469=ORIENTED_EDGE('',*,*,#4283,.T.);
#5470=ORIENTED_EDGE('',*,*,#4284,.T.);
#5471=ORIENTED_EDGE('',*,*,#4285,.T.);
#5472=ORIENTED_EDGE('',*,*,#4286,.T.);
#5473=ORIENTED_EDGE('',*,*,#4287,.T.);
#5474=ORIENTED_EDGE('',*,*,#4288,.F.);
#5475=ORIENTED_EDGE('',*,*,#4289,.F.);
#5476=ORIENTED_EDGE('',*,*,#4290,.T.);
#5477=ORIENTED_EDGE('',*,*,#4291,.F.);
#5478=ORIENTED_EDGE('',*,*,#4292,.F.);
#5479=ORIENTED_EDGE('',*,*,#4293,.T.);
#5480=ORIENTED_EDGE('',*,*,#4294,.F.);
#5481=ORIENTED_EDGE('',*,*,#4295,.T.);
#5482=ORIENTED_EDGE('',*,*,#4296,.F.);
#5483=ORIENTED_EDGE('',*,*,#4297,.F.);
#5484=ORIENTED_EDGE('',*,*,#4298,.F.);
#5485=ORIENTED_EDGE('',*,*,#4299,.F.);
#5486=ORIENTED_EDGE('',*,*,#4300,.T.);
#5487=ORIENTED_EDGE('',*,*,#4301,.T.);
#5488=ORIENTED_EDGE('',*,*,#4302,.T.);
#5489=ORIENTED_EDGE('',*,*,#4303,.T.);
#5490=ORIENTED_EDGE('',*,*,#4304,.T.);
#5491=ORIENTED_EDGE('',*,*,#4305,.F.);
#5492=ORIENTED_EDGE('',*,*,#4306,.F.);
#5493=ORIENTED_EDGE('',*,*,#4307,.F.);
#5494=ORIENTED_EDGE('',*,*,#4308,.F.);
#5495=ORIENTED_EDGE('',*,*,#4309,.F.);
#5496=ORIENTED_EDGE('',*,*,#4310,.T.);
#5497=ORIENTED_EDGE('',*,*,#4311,.T.);
#5498=ORIENTED_EDGE('',*,*,#4312,.T.);
#5499=ORIENTED_EDGE('',*,*,#4313,.T.);
#5500=ORIENTED_EDGE('',*,*,#4314,.T.);
#5501=ORIENTED_EDGE('',*,*,#4315,.T.);
#5502=ORIENTED_EDGE('',*,*,#4316,.T.);
#5503=ORIENTED_EDGE('',*,*,#4317,.T.);
#5504=ORIENTED_EDGE('',*,*,#4318,.T.);
#5505=ORIENTED_EDGE('',*,*,#4319,.T.);
#5506=ORIENTED_EDGE('',*,*,#4320,.T.);
#5507=ORIENTED_EDGE('',*,*,#4321,.T.);
#5508=ORIENTED_EDGE('',*,*,#4322,.T.);
#5509=ORIENTED_EDGE('',*,*,#4323,.T.);
#5510=ORIENTED_EDGE('',*,*,#4324,.T.);
#5511=ORIENTED_EDGE('',*,*,#4325,.T.);
#5512=ORIENTED_EDGE('',*,*,#4326,.T.);
#5513=ORIENTED_EDGE('',*,*,#4327,.T.);
#5514=ORIENTED_EDGE('',*,*,#4328,.T.);
#5515=ORIENTED_EDGE('',*,*,#4329,.T.);
#5516=ORIENTED_EDGE('',*,*,#4330,.T.);
#5517=ORIENTED_EDGE('',*,*,#4331,.T.);
#5518=ORIENTED_EDGE('',*,*,#4332,.T.);
#5519=ORIENTED_EDGE('',*,*,#4333,.T.);
#5520=ORIENTED_EDGE('',*,*,#4334,.T.);
#5521=ORIENTED_EDGE('',*,*,#4335,.T.);
#5522=ORIENTED_EDGE('',*,*,#4336,.T.);
#5523=ORIENTED_EDGE('',*,*,#4337,.T.);
#5524=ORIENTED_EDGE('',*,*,#4338,.F.);
#5525=ORIENTED_EDGE('',*,*,#4339,.F.);
#5526=ORIENTED_EDGE('',*,*,#4247,.T.);
#5527=ORIENTED_EDGE('',*,*,#4246,.T.);
#5528=ORIENTED_EDGE('',*,*,#4340,.F.);
#5529=ORIENTED_EDGE('',*,*,#4341,.F.);
#5530=ORIENTED_EDGE('',*,*,#4245,.T.);
#5531=ORIENTED_EDGE('',*,*,#4342,.F.);
#5532=ORIENTED_EDGE('',*,*,#4343,.T.);
#5533=ORIENTED_EDGE('',*,*,#4344,.T.);
#5534=ORIENTED_EDGE('',*,*,#4345,.T.);
#5535=ORIENTED_EDGE('',*,*,#4340,.T.);
#5536=ORIENTED_EDGE('',*,*,#4345,.F.);
#5537=ORIENTED_EDGE('',*,*,#4346,.F.);
#5538=ORIENTED_EDGE('',*,*,#4347,.T.);
#5539=ORIENTED_EDGE('',*,*,#4348,.F.);
#5540=ORIENTED_EDGE('',*,*,#4349,.T.);
#5541=ORIENTED_EDGE('',*,*,#4338,.T.);
#5542=ORIENTED_EDGE('',*,*,#4341,.T.);
#5543=ORIENTED_EDGE('',*,*,#4350,.T.);
#5544=ORIENTED_EDGE('',*,*,#4351,.F.);
#5545=ORIENTED_EDGE('',*,*,#4352,.F.);
#5546=ORIENTED_EDGE('',*,*,#4353,.T.);
#5547=ORIENTED_EDGE('',*,*,#4354,.F.);
#5548=ORIENTED_EDGE('',*,*,#4355,.F.);
#5549=ORIENTED_EDGE('',*,*,#4356,.T.);
#5550=ORIENTED_EDGE('',*,*,#4357,.T.);
#5551=ORIENTED_EDGE('',*,*,#4358,.F.);
#5552=ORIENTED_EDGE('',*,*,#4359,.T.);
#5553=ORIENTED_EDGE('',*,*,#4360,.T.);
#5554=ORIENTED_EDGE('',*,*,#4361,.F.);
#5555=ORIENTED_EDGE('',*,*,#4362,.F.);
#5556=ORIENTED_EDGE('',*,*,#4363,.F.);
#5557=ORIENTED_EDGE('',*,*,#4351,.T.);
#5558=ORIENTED_EDGE('',*,*,#4350,.F.);
#5559=ORIENTED_EDGE('',*,*,#4362,.T.);
#5560=ORIENTED_EDGE('',*,*,#4361,.T.);
#5561=ORIENTED_EDGE('',*,*,#4360,.F.);
#5562=ORIENTED_EDGE('',*,*,#4364,.T.);
#5563=ORIENTED_EDGE('',*,*,#4365,.F.);
#5564=ORIENTED_EDGE('',*,*,#4366,.T.);
#5565=ORIENTED_EDGE('',*,*,#4367,.T.);
#5566=ORIENTED_EDGE('',*,*,#4368,.F.);
#5567=ORIENTED_EDGE('',*,*,#4369,.F.);
#5568=ORIENTED_EDGE('',*,*,#4370,.T.);
#5569=ORIENTED_EDGE('',*,*,#4371,.T.);
#5570=ORIENTED_EDGE('',*,*,#4372,.F.);
#5571=ORIENTED_EDGE('',*,*,#4373,.T.);
#5572=ORIENTED_EDGE('',*,*,#4374,.T.);
#5573=ORIENTED_EDGE('',*,*,#4375,.T.);
#5574=ORIENTED_EDGE('',*,*,#4374,.F.);
#5575=ORIENTED_EDGE('',*,*,#4376,.T.);
#5576=ORIENTED_EDGE('',*,*,#4377,.F.);
#5577=ORIENTED_EDGE('',*,*,#4378,.T.);
#5578=ORIENTED_EDGE('',*,*,#4379,.T.);
#5579=ORIENTED_EDGE('',*,*,#4380,.F.);
#5580=ORIENTED_EDGE('',*,*,#4381,.F.);
#5581=ORIENTED_EDGE('',*,*,#4382,.F.);
#5582=ORIENTED_EDGE('',*,*,#4383,.F.);
#5583=ORIENTED_EDGE('',*,*,#4384,.T.);
#5584=ORIENTED_EDGE('',*,*,#4343,.F.);
#5585=ORIENTED_EDGE('',*,*,#4385,.F.);
#5586=ORIENTED_EDGE('',*,*,#4386,.T.);
#5587=ORIENTED_EDGE('',*,*,#4387,.F.);
#5588=ORIENTED_EDGE('',*,*,#4388,.F.);
#5589=ORIENTED_EDGE('',*,*,#4389,.F.);
#5590=ORIENTED_EDGE('',*,*,#4390,.T.);
#5591=ORIENTED_EDGE('',*,*,#4391,.T.);
#5592=ORIENTED_EDGE('',*,*,#4392,.F.);
#5593=ORIENTED_EDGE('',*,*,#4393,.T.);
#5594=ORIENTED_EDGE('',*,*,#4394,.T.);
#5595=ORIENTED_EDGE('',*,*,#4395,.F.);
#5596=ORIENTED_EDGE('',*,*,#4396,.T.);
#5597=ORIENTED_EDGE('',*,*,#4397,.F.);
#5598=ORIENTED_EDGE('',*,*,#4398,.F.);
#5599=ORIENTED_EDGE('',*,*,#4399,.T.);
#5600=ORIENTED_EDGE('',*,*,#4400,.T.);
#5601=ORIENTED_EDGE('',*,*,#4401,.F.);
#5602=ORIENTED_EDGE('',*,*,#4402,.F.);
#5603=ORIENTED_EDGE('',*,*,#4403,.F.);
#5604=ORIENTED_EDGE('',*,*,#4404,.T.);
#5605=ORIENTED_EDGE('',*,*,#4405,.F.);
#5606=ORIENTED_EDGE('',*,*,#4406,.F.);
#5607=ORIENTED_EDGE('',*,*,#4407,.F.);
#5608=ORIENTED_EDGE('',*,*,#4408,.F.);
#5609=ORIENTED_EDGE('',*,*,#4409,.F.);
#5610=ORIENTED_EDGE('',*,*,#4410,.F.);
#5611=ORIENTED_EDGE('',*,*,#4411,.T.);
#5612=ORIENTED_EDGE('',*,*,#4412,.F.);
#5613=ORIENTED_EDGE('',*,*,#4413,.F.);
#5614=ORIENTED_EDGE('',*,*,#4414,.T.);
#5615=ORIENTED_EDGE('',*,*,#4415,.F.);
#5616=ORIENTED_EDGE('',*,*,#4240,.F.);
#5617=ORIENTED_EDGE('',*,*,#4196,.F.);
#5618=ORIENTED_EDGE('',*,*,#4244,.T.);
#5619=ORIENTED_EDGE('',*,*,#4416,.T.);
#5620=ORIENTED_EDGE('',*,*,#4167,.F.);
#5621=ORIENTED_EDGE('',*,*,#4417,.T.);
#5622=ORIENTED_EDGE('',*,*,#4418,.F.);
#5623=ORIENTED_EDGE('',*,*,#4419,.F.);
#5624=ORIENTED_EDGE('',*,*,#4420,.T.);
#5625=ORIENTED_EDGE('',*,*,#4421,.T.);
#5626=ORIENTED_EDGE('',*,*,#4422,.T.);
#5627=ORIENTED_EDGE('',*,*,#4423,.T.);
#5628=ORIENTED_EDGE('',*,*,#4424,.T.);
#5629=ORIENTED_EDGE('',*,*,#4425,.T.);
#5630=ORIENTED_EDGE('',*,*,#4426,.T.);
#5631=ORIENTED_EDGE('',*,*,#4427,.T.);
#5632=ORIENTED_EDGE('',*,*,#4428,.T.);
#5633=ORIENTED_EDGE('',*,*,#4429,.T.);
#5634=ORIENTED_EDGE('',*,*,#4430,.T.);
#5635=ORIENTED_EDGE('',*,*,#4431,.T.);
#5636=ORIENTED_EDGE('',*,*,#4432,.T.);
#5637=ORIENTED_EDGE('',*,*,#4433,.T.);
#5638=ORIENTED_EDGE('',*,*,#4434,.T.);
#5639=ORIENTED_EDGE('',*,*,#4435,.T.);
#5640=ORIENTED_EDGE('',*,*,#4436,.T.);
#5641=ORIENTED_EDGE('',*,*,#4437,.T.);
#5642=ORIENTED_EDGE('',*,*,#4438,.T.);
#5643=ORIENTED_EDGE('',*,*,#4439,.T.);
#5644=ORIENTED_EDGE('',*,*,#4440,.T.);
#5645=ORIENTED_EDGE('',*,*,#4441,.T.);
#5646=ORIENTED_EDGE('',*,*,#4442,.T.);
#5647=ORIENTED_EDGE('',*,*,#4443,.T.);
#5648=ORIENTED_EDGE('',*,*,#4444,.T.);
#5649=ORIENTED_EDGE('',*,*,#4445,.T.);
#5650=ORIENTED_EDGE('',*,*,#4446,.T.);
#5651=ORIENTED_EDGE('',*,*,#4447,.T.);
#5652=ORIENTED_EDGE('',*,*,#4448,.T.);
#5653=ORIENTED_EDGE('',*,*,#4449,.T.);
#5654=ORIENTED_EDGE('',*,*,#4450,.T.);
#5655=ORIENTED_EDGE('',*,*,#4451,.T.);
#5656=ORIENTED_EDGE('',*,*,#4452,.T.);
#5657=ORIENTED_EDGE('',*,*,#4453,.T.);
#5658=ORIENTED_EDGE('',*,*,#4454,.T.);
#5659=ORIENTED_EDGE('',*,*,#4455,.T.);
#5660=ORIENTED_EDGE('',*,*,#4456,.T.);
#5661=ORIENTED_EDGE('',*,*,#4457,.T.);
#5662=ORIENTED_EDGE('',*,*,#4458,.T.);
#5663=ORIENTED_EDGE('',*,*,#4459,.T.);
#5664=ORIENTED_EDGE('',*,*,#4460,.T.);
#5665=ORIENTED_EDGE('',*,*,#4375,.F.);
#5666=ORIENTED_EDGE('',*,*,#4373,.F.);
#5667=ORIENTED_EDGE('',*,*,#4461,.T.);
#5668=ORIENTED_EDGE('',*,*,#4462,.T.);
#5669=ORIENTED_EDGE('',*,*,#4461,.F.);
#5670=ORIENTED_EDGE('',*,*,#4463,.F.);
#5671=ORIENTED_EDGE('',*,*,#4464,.F.);
#5672=ORIENTED_EDGE('',*,*,#4465,.F.);
#5673=ORIENTED_EDGE('',*,*,#4460,.F.);
#5674=ORIENTED_EDGE('',*,*,#4466,.F.);
#5675=ORIENTED_EDGE('',*,*,#4284,.F.);
#5676=ORIENTED_EDGE('',*,*,#4254,.F.);
#5677=ORIENTED_EDGE('',*,*,#4467,.F.);
#5678=ORIENTED_EDGE('',*,*,#4456,.F.);
#5679=ORIENTED_EDGE('',*,*,#4468,.F.);
#5680=ORIENTED_EDGE('',*,*,#4469,.F.);
#5681=ORIENTED_EDGE('',*,*,#4470,.F.);
#5682=ORIENTED_EDGE('',*,*,#4471,.T.);
#5683=ORIENTED_EDGE('',*,*,#4472,.F.);
#5684=ORIENTED_EDGE('',*,*,#4473,.T.);
#5685=ORIENTED_EDGE('',*,*,#4474,.T.);
#5686=ORIENTED_EDGE('',*,*,#4475,.F.);
#5687=ORIENTED_EDGE('',*,*,#4476,.T.);
#5688=ORIENTED_EDGE('',*,*,#4255,.T.);
#5689=ORIENTED_EDGE('',*,*,#4470,.T.);
#5690=ORIENTED_EDGE('',*,*,#4469,.T.);
#5691=ORIENTED_EDGE('',*,*,#4477,.F.);
#5692=ORIENTED_EDGE('',*,*,#4471,.F.);
#5693=ORIENTED_EDGE('',*,*,#4478,.F.);
#5694=ORIENTED_EDGE('',*,*,#4479,.T.);
#5695=ORIENTED_EDGE('',*,*,#4480,.T.);
#5696=ORIENTED_EDGE('',*,*,#4481,.T.);
#5697=ORIENTED_EDGE('',*,*,#4482,.F.);
#5698=ORIENTED_EDGE('',*,*,#4483,.F.);
#5699=ORIENTED_EDGE('',*,*,#4468,.T.);
#5700=ORIENTED_EDGE('',*,*,#4455,.F.);
#5701=ORIENTED_EDGE('',*,*,#4484,.T.);
#5702=ORIENTED_EDGE('',*,*,#4482,.T.);
#5703=ORIENTED_EDGE('',*,*,#4485,.T.);
#5704=ORIENTED_EDGE('',*,*,#4472,.T.);
#5705=ORIENTED_EDGE('',*,*,#4477,.T.);
#5706=ORIENTED_EDGE('',*,*,#4263,.F.);
#5707=ORIENTED_EDGE('',*,*,#4486,.T.);
#5708=ORIENTED_EDGE('',*,*,#4487,.T.);
#5709=ORIENTED_EDGE('',*,*,#4488,.T.);
#5710=ORIENTED_EDGE('',*,*,#4489,.T.);
#5711=ORIENTED_EDGE('',*,*,#4275,.F.);
#5712=ORIENTED_EDGE('',*,*,#4490,.T.);
#5713=ORIENTED_EDGE('',*,*,#4491,.T.);
#5714=ORIENTED_EDGE('',*,*,#4492,.T.);
#5715=ORIENTED_EDGE('',*,*,#4493,.T.);
#5716=ORIENTED_EDGE('',*,*,#4278,.F.);
#5717=ORIENTED_EDGE('',*,*,#4494,.T.);
#5718=ORIENTED_EDGE('',*,*,#4495,.F.);
#5719=ORIENTED_EDGE('',*,*,#4496,.F.);
#5720=ORIENTED_EDGE('',*,*,#4497,.T.);
#5721=ORIENTED_EDGE('',*,*,#4205,.T.);
#5722=ORIENTED_EDGE('',*,*,#4497,.F.);
#5723=ORIENTED_EDGE('',*,*,#4498,.T.);
#5724=ORIENTED_EDGE('',*,*,#4206,.F.);
#5725=ORIENTED_EDGE('',*,*,#4277,.F.);
#5726=ORIENTED_EDGE('',*,*,#4499,.T.);
#5727=ORIENTED_EDGE('',*,*,#4500,.T.);
#5728=ORIENTED_EDGE('',*,*,#4494,.F.);
#5729=ORIENTED_EDGE('',*,*,#4499,.F.);
#5730=ORIENTED_EDGE('',*,*,#4276,.F.);
#5731=ORIENTED_EDGE('',*,*,#4493,.F.);
#5732=ORIENTED_EDGE('',*,*,#4501,.T.);
#5733=ORIENTED_EDGE('',*,*,#4502,.F.);
#5734=ORIENTED_EDGE('',*,*,#4503,.F.);
#5735=ORIENTED_EDGE('',*,*,#4504,.T.);
#5736=ORIENTED_EDGE('',*,*,#4505,.T.);
#5737=ORIENTED_EDGE('',*,*,#4506,.F.);
#5738=ORIENTED_EDGE('',*,*,#4260,.F.);
#5739=ORIENTED_EDGE('',*,*,#4217,.T.);
#5740=ORIENTED_EDGE('',*,*,#4506,.T.);
#5741=ORIENTED_EDGE('',*,*,#4507,.F.);
#5742=ORIENTED_EDGE('',*,*,#4508,.F.);
#5743=ORIENTED_EDGE('',*,*,#4261,.F.);
#5744=ORIENTED_EDGE('',*,*,#4508,.T.);
#5745=ORIENTED_EDGE('',*,*,#4509,.T.);
#5746=ORIENTED_EDGE('',*,*,#4510,.F.);
#5747=ORIENTED_EDGE('',*,*,#4486,.F.);
#5748=ORIENTED_EDGE('',*,*,#4262,.F.);
#5749=ORIENTED_EDGE('',*,*,#4492,.F.);
#5750=ORIENTED_EDGE('',*,*,#4511,.F.);
#5751=ORIENTED_EDGE('',*,*,#4512,.T.);
#5752=ORIENTED_EDGE('',*,*,#4513,.F.);
#5753=ORIENTED_EDGE('',*,*,#4501,.F.);
#5754=ORIENTED_EDGE('',*,*,#4514,.T.);
#5755=ORIENTED_EDGE('',*,*,#4491,.F.);
#5756=ORIENTED_EDGE('',*,*,#4515,.F.);
#5757=ORIENTED_EDGE('',*,*,#4516,.T.);
#5758=ORIENTED_EDGE('',*,*,#4511,.T.);
#5759=ORIENTED_EDGE('',*,*,#4490,.F.);
#5760=ORIENTED_EDGE('',*,*,#4274,.T.);
#5761=ORIENTED_EDGE('',*,*,#4517,.F.);
#5762=ORIENTED_EDGE('',*,*,#4515,.T.);
#5763=ORIENTED_EDGE('',*,*,#4489,.F.);
#5764=ORIENTED_EDGE('',*,*,#4518,.F.);
#5765=ORIENTED_EDGE('',*,*,#4519,.T.);
#5766=ORIENTED_EDGE('',*,*,#4264,.T.);
#5767=ORIENTED_EDGE('',*,*,#4488,.F.);
#5768=ORIENTED_EDGE('',*,*,#4520,.F.);
#5769=ORIENTED_EDGE('',*,*,#4521,.F.);
#5770=ORIENTED_EDGE('',*,*,#4518,.T.);
#5771=ORIENTED_EDGE('',*,*,#4487,.F.);
#5772=ORIENTED_EDGE('',*,*,#4510,.T.);
#5773=ORIENTED_EDGE('',*,*,#4522,.T.);
#5774=ORIENTED_EDGE('',*,*,#4523,.F.);
#5775=ORIENTED_EDGE('',*,*,#4520,.T.);
#5776=ORIENTED_EDGE('',*,*,#4524,.T.);
#5777=ORIENTED_EDGE('',*,*,#4525,.F.);
#5778=ORIENTED_EDGE('',*,*,#4526,.T.);
#5779=ORIENTED_EDGE('',*,*,#4527,.F.);
#5780=ORIENTED_EDGE('',*,*,#4528,.F.);
#5781=ORIENTED_EDGE('',*,*,#4529,.T.);
#5782=ORIENTED_EDGE('',*,*,#4530,.F.);
#5783=ORIENTED_EDGE('',*,*,#4525,.T.);
#5784=ORIENTED_EDGE('',*,*,#4531,.T.);
#5785=ORIENTED_EDGE('',*,*,#4532,.T.);
#5786=ORIENTED_EDGE('',*,*,#4533,.F.);
#5787=ORIENTED_EDGE('',*,*,#4529,.F.);
#5788=ORIENTED_EDGE('',*,*,#4534,.T.);
#5789=ORIENTED_EDGE('',*,*,#4527,.T.);
#5790=ORIENTED_EDGE('',*,*,#4535,.T.);
#5791=ORIENTED_EDGE('',*,*,#4536,.F.);
#5792=ORIENTED_EDGE('',*,*,#4537,.F.);
#5793=ORIENTED_EDGE('',*,*,#4538,.F.);
#5794=ORIENTED_EDGE('',*,*,#4539,.F.);
#5795=ORIENTED_EDGE('',*,*,#4540,.T.);
#5796=ORIENTED_EDGE('',*,*,#4541,.F.);
#5797=ORIENTED_EDGE('',*,*,#4542,.F.);
#5798=ORIENTED_EDGE('',*,*,#4540,.F.);
#5799=ORIENTED_EDGE('',*,*,#4535,.F.);
#5800=ORIENTED_EDGE('',*,*,#4543,.T.);
#5801=ORIENTED_EDGE('',*,*,#4543,.F.);
#5802=ORIENTED_EDGE('',*,*,#4526,.F.);
#5803=ORIENTED_EDGE('',*,*,#4544,.F.);
#5804=ORIENTED_EDGE('',*,*,#4545,.F.);
#5805=ORIENTED_EDGE('',*,*,#4536,.T.);
#5806=ORIENTED_EDGE('',*,*,#4539,.T.);
#5807=ORIENTED_EDGE('',*,*,#4546,.F.);
#5808=ORIENTED_EDGE('',*,*,#4547,.F.);
#5809=ORIENTED_EDGE('',*,*,#4538,.T.);
#5810=ORIENTED_EDGE('',*,*,#4548,.F.);
#5811=ORIENTED_EDGE('',*,*,#4549,.F.);
#5812=ORIENTED_EDGE('',*,*,#4550,.T.);
#5813=ORIENTED_EDGE('',*,*,#4551,.F.);
#5814=ORIENTED_EDGE('',*,*,#4552,.F.);
#5815=ORIENTED_EDGE('',*,*,#4533,.T.);
#5816=ORIENTED_EDGE('',*,*,#4549,.T.);
#5817=ORIENTED_EDGE('',*,*,#4552,.T.);
#5818=ORIENTED_EDGE('',*,*,#4553,.F.);
#5819=ORIENTED_EDGE('',*,*,#4544,.T.);
#5820=ORIENTED_EDGE('',*,*,#4530,.T.);
#5821=ORIENTED_EDGE('',*,*,#4546,.T.);
#5822=ORIENTED_EDGE('',*,*,#4550,.F.);
#5823=ORIENTED_EDGE('',*,*,#4532,.F.);
#5824=ORIENTED_EDGE('',*,*,#4554,.T.);
#5825=ORIENTED_EDGE('',*,*,#4528,.T.);
#5826=ORIENTED_EDGE('',*,*,#4537,.T.);
#5827=ORIENTED_EDGE('',*,*,#4547,.T.);
#5828=ORIENTED_EDGE('',*,*,#4554,.F.);
#5829=ORIENTED_EDGE('',*,*,#4534,.F.);
#5830=ORIENTED_EDGE('',*,*,#4531,.F.);
#5831=ORIENTED_EDGE('',*,*,#4555,.T.);
#5832=ORIENTED_EDGE('',*,*,#4222,.F.);
#5833=ORIENTED_EDGE('',*,*,#4556,.T.);
#5834=ORIENTED_EDGE('',*,*,#4557,.F.);
#5835=ORIENTED_EDGE('',*,*,#4556,.F.);
#5836=ORIENTED_EDGE('',*,*,#4557,.T.);
#5837=ORIENTED_EDGE('',*,*,#4558,.F.);
#5838=ORIENTED_EDGE('',*,*,#4555,.F.);
#5839=ORIENTED_EDGE('',*,*,#4559,.T.);
#5840=ORIENTED_EDGE('',*,*,#4558,.T.);
#5841=ORIENTED_EDGE('',*,*,#4559,.F.);
#5842=ORIENTED_EDGE('',*,*,#4560,.F.);
#5843=ORIENTED_EDGE('',*,*,#4561,.T.);
#5844=ORIENTED_EDGE('',*,*,#4514,.F.);
#5845=ORIENTED_EDGE('',*,*,#4561,.F.);
#5846=ORIENTED_EDGE('',*,*,#4562,.F.);
#5847=ORIENTED_EDGE('',*,*,#4563,.T.);
#5848=ORIENTED_EDGE('',*,*,#4564,.T.);
#5849=ORIENTED_EDGE('',*,*,#4563,.F.);
#5850=ORIENTED_EDGE('',*,*,#4565,.F.);
#5851=ORIENTED_EDGE('',*,*,#4564,.F.);
#5852=ORIENTED_EDGE('',*,*,#4566,.F.);
#5853=ORIENTED_EDGE('',*,*,#4567,.T.);
#5854=ORIENTED_EDGE('',*,*,#4565,.T.);
#5855=ORIENTED_EDGE('',*,*,#4567,.F.);
#5856=ORIENTED_EDGE('',*,*,#4566,.T.);
#5857=ORIENTED_EDGE('',*,*,#4568,.T.);
#5858=ORIENTED_EDGE('',*,*,#4560,.T.);
#5859=ORIENTED_EDGE('',*,*,#4568,.F.);
#5860=ORIENTED_EDGE('',*,*,#4569,.T.);
#5861=ORIENTED_EDGE('',*,*,#4570,.T.);
#5862=ORIENTED_EDGE('',*,*,#4571,.F.);
#5863=ORIENTED_EDGE('',*,*,#4570,.F.);
#5864=ORIENTED_EDGE('',*,*,#4572,.T.);
#5865=ORIENTED_EDGE('',*,*,#4569,.F.);
#5866=ORIENTED_EDGE('',*,*,#4573,.T.);
#5867=ORIENTED_EDGE('',*,*,#4163,.T.);
#5868=ORIENTED_EDGE('',*,*,#4573,.F.);
#5869=ORIENTED_EDGE('',*,*,#4572,.F.);
#5870=ORIENTED_EDGE('',*,*,#4571,.T.);
#5871=ORIENTED_EDGE('',*,*,#4574,.T.);
#5872=ORIENTED_EDGE('',*,*,#4524,.F.);
#5873=ORIENTED_EDGE('',*,*,#4574,.F.);
#5874=ORIENTED_EDGE('',*,*,#4575,.F.);
#5875=ORIENTED_EDGE('',*,*,#4576,.T.);
#5876=ORIENTED_EDGE('',*,*,#4577,.F.);
#5877=ORIENTED_EDGE('',*,*,#4578,.T.);
#5878=ORIENTED_EDGE('',*,*,#4210,.T.);
#5879=ORIENTED_EDGE('',*,*,#4579,.T.);
#5880=ORIENTED_EDGE('',*,*,#4580,.T.);
#5881=ORIENTED_EDGE('',*,*,#4575,.T.);
#5882=ORIENTED_EDGE('',*,*,#4209,.T.);
#5883=ORIENTED_EDGE('',*,*,#4581,.F.);
#5884=ORIENTED_EDGE('',*,*,#4582,.T.);
#5885=ORIENTED_EDGE('',*,*,#4581,.T.);
#5886=ORIENTED_EDGE('',*,*,#4208,.T.);
#5887=ORIENTED_EDGE('',*,*,#4583,.T.);
#5888=ORIENTED_EDGE('',*,*,#4584,.F.);
#5889=ORIENTED_EDGE('',*,*,#4585,.F.);
#5890=ORIENTED_EDGE('',*,*,#4214,.F.);
#5891=ORIENTED_EDGE('',*,*,#4586,.F.);
#5892=ORIENTED_EDGE('',*,*,#4587,.F.);
#5893=ORIENTED_EDGE('',*,*,#4586,.T.);
#5894=ORIENTED_EDGE('',*,*,#4213,.F.);
#5895=ORIENTED_EDGE('',*,*,#4588,.F.);
#5896=ORIENTED_EDGE('',*,*,#4589,.F.);
#5897=ORIENTED_EDGE('',*,*,#4588,.T.);
#5898=ORIENTED_EDGE('',*,*,#4212,.F.);
#5899=ORIENTED_EDGE('',*,*,#4590,.F.);
#5900=ORIENTED_EDGE('',*,*,#4591,.T.);
#5901=ORIENTED_EDGE('',*,*,#4592,.F.);
#5902=ORIENTED_EDGE('',*,*,#4211,.T.);
#5903=ORIENTED_EDGE('',*,*,#4578,.F.);
#5904=ORIENTED_EDGE('',*,*,#4593,.F.);
#5905=ORIENTED_EDGE('',*,*,#4590,.T.);
#5906=ORIENTED_EDGE('',*,*,#4583,.F.);
#5907=ORIENTED_EDGE('',*,*,#4207,.T.);
#5908=ORIENTED_EDGE('',*,*,#4498,.F.);
#5909=ORIENTED_EDGE('',*,*,#4496,.T.);
#5910=ORIENTED_EDGE('',*,*,#4594,.F.);
#5911=ORIENTED_EDGE('',*,*,#4595,.T.);
#5912=ORIENTED_EDGE('',*,*,#4579,.F.);
#5913=ORIENTED_EDGE('',*,*,#4582,.F.);
#5914=ORIENTED_EDGE('',*,*,#4495,.T.);
#5915=ORIENTED_EDGE('',*,*,#4500,.F.);
#5916=ORIENTED_EDGE('',*,*,#4502,.T.);
#5917=ORIENTED_EDGE('',*,*,#4513,.T.);
#5918=ORIENTED_EDGE('',*,*,#4596,.F.);
#5919=ORIENTED_EDGE('',*,*,#4512,.F.);
#5920=ORIENTED_EDGE('',*,*,#4597,.T.);
#5921=ORIENTED_EDGE('',*,*,#4598,.T.);
#5922=ORIENTED_EDGE('',*,*,#4596,.T.);
#5923=ORIENTED_EDGE('',*,*,#4598,.F.);
#5924=ORIENTED_EDGE('',*,*,#4599,.T.);
#5925=ORIENTED_EDGE('',*,*,#4600,.F.);
#5926=ORIENTED_EDGE('',*,*,#4594,.T.);
#5927=ORIENTED_EDGE('',*,*,#4600,.T.);
#5928=ORIENTED_EDGE('',*,*,#4601,.F.);
#5929=ORIENTED_EDGE('',*,*,#4576,.F.);
#5930=ORIENTED_EDGE('',*,*,#4580,.F.);
#5931=ORIENTED_EDGE('',*,*,#4595,.F.);
#5932=ORIENTED_EDGE('',*,*,#4577,.T.);
#5933=ORIENTED_EDGE('',*,*,#4602,.F.);
#5934=ORIENTED_EDGE('',*,*,#4603,.T.);
#5935=ORIENTED_EDGE('',*,*,#4604,.T.);
#5936=ORIENTED_EDGE('',*,*,#4593,.T.);
#5937=ORIENTED_EDGE('',*,*,#4604,.F.);
#5938=ORIENTED_EDGE('',*,*,#4605,.F.);
#5939=ORIENTED_EDGE('',*,*,#4606,.T.);
#5940=ORIENTED_EDGE('',*,*,#4591,.F.);
#5941=ORIENTED_EDGE('',*,*,#4606,.F.);
#5942=ORIENTED_EDGE('',*,*,#4607,.F.);
#5943=ORIENTED_EDGE('',*,*,#4608,.T.);
#5944=ORIENTED_EDGE('',*,*,#4609,.T.);
#5945=ORIENTED_EDGE('',*,*,#4610,.F.);
#5946=ORIENTED_EDGE('',*,*,#4611,.T.);
#5947=ORIENTED_EDGE('',*,*,#4589,.T.);
#5948=ORIENTED_EDGE('',*,*,#4592,.T.);
#5949=ORIENTED_EDGE('',*,*,#4610,.T.);
#5950=ORIENTED_EDGE('',*,*,#4612,.F.);
#5951=ORIENTED_EDGE('',*,*,#4613,.T.);
#5952=ORIENTED_EDGE('',*,*,#4614,.F.);
#5953=ORIENTED_EDGE('',*,*,#4613,.F.);
#5954=ORIENTED_EDGE('',*,*,#4615,.F.);
#5955=ORIENTED_EDGE('',*,*,#4523,.T.);
#5956=ORIENTED_EDGE('',*,*,#4616,.F.);
#5957=ORIENTED_EDGE('',*,*,#4614,.T.);
#5958=ORIENTED_EDGE('',*,*,#4616,.T.);
#5959=ORIENTED_EDGE('',*,*,#4522,.F.);
#5960=ORIENTED_EDGE('',*,*,#4509,.F.);
#5961=ORIENTED_EDGE('',*,*,#4507,.T.);
#5962=ORIENTED_EDGE('',*,*,#4505,.F.);
#5963=ORIENTED_EDGE('',*,*,#4584,.T.);
#5964=ORIENTED_EDGE('',*,*,#4587,.T.);
#5965=ORIENTED_EDGE('',*,*,#4611,.F.);
#5966=ORIENTED_EDGE('',*,*,#4585,.T.);
#5967=ORIENTED_EDGE('',*,*,#4504,.F.);
#5968=ORIENTED_EDGE('',*,*,#4617,.T.);
#5969=ORIENTED_EDGE('',*,*,#4215,.F.);
#5970=ORIENTED_EDGE('',*,*,#4517,.T.);
#5971=ORIENTED_EDGE('',*,*,#4273,.F.);
#5972=ORIENTED_EDGE('',*,*,#4234,.F.);
#5973=ORIENTED_EDGE('',*,*,#4271,.F.);
#5974=ORIENTED_EDGE('',*,*,#4618,.T.);
#5975=ORIENTED_EDGE('',*,*,#4599,.F.);
#5976=ORIENTED_EDGE('',*,*,#4597,.F.);
#5977=ORIENTED_EDGE('',*,*,#4516,.F.);
#5978=ORIENTED_EDGE('',*,*,#4601,.T.);
#5979=ORIENTED_EDGE('',*,*,#4618,.F.);
#5980=ORIENTED_EDGE('',*,*,#4270,.T.);
#5981=ORIENTED_EDGE('',*,*,#4619,.T.);
#5982=ORIENTED_EDGE('',*,*,#4602,.T.);
#5983=ORIENTED_EDGE('',*,*,#4605,.T.);
#5984=ORIENTED_EDGE('',*,*,#4603,.F.);
#5985=ORIENTED_EDGE('',*,*,#4619,.F.);
#5986=ORIENTED_EDGE('',*,*,#4269,.F.);
#5987=ORIENTED_EDGE('',*,*,#4620,.T.);
#5988=ORIENTED_EDGE('',*,*,#4607,.T.);
#5989=ORIENTED_EDGE('',*,*,#4541,.T.);
#5990=ORIENTED_EDGE('',*,*,#4542,.T.);
#5991=ORIENTED_EDGE('',*,*,#4545,.T.);
#5992=ORIENTED_EDGE('',*,*,#4553,.T.);
#5993=ORIENTED_EDGE('',*,*,#4551,.T.);
#5994=ORIENTED_EDGE('',*,*,#4548,.T.);
#5995=ORIENTED_EDGE('',*,*,#4620,.F.);
#5996=ORIENTED_EDGE('',*,*,#4268,.F.);
#5997=ORIENTED_EDGE('',*,*,#4621,.T.);
#5998=ORIENTED_EDGE('',*,*,#4609,.F.);
#5999=ORIENTED_EDGE('',*,*,#4608,.F.);
#6000=ORIENTED_EDGE('',*,*,#4519,.F.);
#6001=ORIENTED_EDGE('',*,*,#4521,.T.);
#6002=ORIENTED_EDGE('',*,*,#4615,.T.);
#6003=ORIENTED_EDGE('',*,*,#4612,.T.);
#6004=ORIENTED_EDGE('',*,*,#4621,.F.);
#6005=ORIENTED_EDGE('',*,*,#4267,.T.);
#6006=ORIENTED_EDGE('',*,*,#4233,.T.);
#6007=ORIENTED_EDGE('',*,*,#4265,.F.);
#6008=ORIENTED_EDGE('',*,*,#4503,.T.);
#6009=ORIENTED_EDGE('',*,*,#4216,.F.);
#6010=ORIENTED_EDGE('',*,*,#4617,.F.);
#6011=ORIENTED_EDGE('',*,*,#4162,.T.);
#6012=ORIENTED_EDGE('',*,*,#4165,.T.);
#6013=ORIENTED_EDGE('',*,*,#4622,.T.);
#6014=ORIENTED_EDGE('',*,*,#4623,.F.);
#6015=ORIENTED_EDGE('',*,*,#4624,.T.);
#6016=ORIENTED_EDGE('',*,*,#4625,.T.);
#6017=ORIENTED_EDGE('',*,*,#4626,.T.);
#6018=ORIENTED_EDGE('',*,*,#4627,.T.);
#6019=ORIENTED_EDGE('',*,*,#4628,.T.);
#6020=ORIENTED_EDGE('',*,*,#4629,.F.);
#6021=ORIENTED_EDGE('',*,*,#4459,.F.);
#6022=ORIENTED_EDGE('',*,*,#4630,.F.);
#6023=ORIENTED_EDGE('',*,*,#4631,.F.);
#6024=ORIENTED_EDGE('',*,*,#4285,.F.);
#6025=ORIENTED_EDGE('',*,*,#4466,.T.);
#6026=ORIENTED_EDGE('',*,*,#4632,.F.);
#6027=ORIENTED_EDGE('',*,*,#4625,.F.);
#6028=ORIENTED_EDGE('',*,*,#4633,.F.);
#6029=ORIENTED_EDGE('',*,*,#4634,.T.);
#6030=ORIENTED_EDGE('',*,*,#4185,.F.);
#6031=ORIENTED_EDGE('',*,*,#4635,.F.);
#6032=ORIENTED_EDGE('',*,*,#4181,.F.);
#6033=ORIENTED_EDGE('',*,*,#4636,.T.);
#6034=ORIENTED_EDGE('',*,*,#4637,.F.);
#6035=ORIENTED_EDGE('',*,*,#4627,.F.);
#6036=ORIENTED_EDGE('',*,*,#4638,.F.);
#6037=ORIENTED_EDGE('',*,*,#4639,.F.);
#6038=ORIENTED_EDGE('',*,*,#4640,.T.);
#6039=ORIENTED_EDGE('',*,*,#4641,.T.);
#6040=ORIENTED_EDGE('',*,*,#4642,.F.);
#6041=ORIENTED_EDGE('',*,*,#4457,.F.);
#6042=ORIENTED_EDGE('',*,*,#4465,.T.);
#6043=ORIENTED_EDGE('',*,*,#4464,.T.);
#6044=ORIENTED_EDGE('',*,*,#4643,.F.);
#6045=ORIENTED_EDGE('',*,*,#4638,.T.);
#6046=ORIENTED_EDGE('',*,*,#4462,.F.);
#6047=ORIENTED_EDGE('',*,*,#4644,.F.);
#6048=ORIENTED_EDGE('',*,*,#4645,.F.);
#6049=ORIENTED_EDGE('',*,*,#4646,.T.);
#6050=ORIENTED_EDGE('',*,*,#4647,.F.);
#6051=ORIENTED_EDGE('',*,*,#4648,.F.);
#6052=ORIENTED_EDGE('',*,*,#4649,.F.);
#6053=ORIENTED_EDGE('',*,*,#4650,.F.);
#6054=ORIENTED_EDGE('',*,*,#4651,.F.);
#6055=ORIENTED_EDGE('',*,*,#4652,.F.);
#6056=ORIENTED_EDGE('',*,*,#4653,.F.);
#6057=ORIENTED_EDGE('',*,*,#4654,.T.);
#6058=ORIENTED_EDGE('',*,*,#4655,.F.);
#6059=ORIENTED_EDGE('',*,*,#4656,.T.);
#6060=ORIENTED_EDGE('',*,*,#4645,.T.);
#6061=ORIENTED_EDGE('',*,*,#4657,.T.);
#6062=ORIENTED_EDGE('',*,*,#4658,.F.);
#6063=ORIENTED_EDGE('',*,*,#4659,.F.);
#6064=ORIENTED_EDGE('',*,*,#4660,.F.);
#6065=ORIENTED_EDGE('',*,*,#4661,.F.);
#6066=ORIENTED_EDGE('',*,*,#4662,.F.);
#6067=ORIENTED_EDGE('',*,*,#4663,.F.);
#6068=ORIENTED_EDGE('',*,*,#4664,.T.);
#6069=ORIENTED_EDGE('',*,*,#4653,.T.);
#6070=ORIENTED_EDGE('',*,*,#4665,.F.);
#6071=ORIENTED_EDGE('',*,*,#4666,.T.);
#6072=ORIENTED_EDGE('',*,*,#4667,.F.);
#6073=ORIENTED_EDGE('',*,*,#4668,.F.);
#6074=ORIENTED_EDGE('',*,*,#4646,.F.);
#6075=ORIENTED_EDGE('',*,*,#4656,.F.);
#6076=ORIENTED_EDGE('',*,*,#4669,.F.);
#6077=ORIENTED_EDGE('',*,*,#4670,.F.);
#6078=ORIENTED_EDGE('',*,*,#4640,.F.);
#6079=ORIENTED_EDGE('',*,*,#4671,.F.);
#6080=ORIENTED_EDGE('',*,*,#4672,.F.);
#6081=ORIENTED_EDGE('',*,*,#4673,.F.);
#6082=ORIENTED_EDGE('',*,*,#4674,.F.);
#6083=ORIENTED_EDGE('',*,*,#4675,.F.);
#6084=ORIENTED_EDGE('',*,*,#4657,.F.);
#6085=ORIENTED_EDGE('',*,*,#4676,.T.);
#6086=ORIENTED_EDGE('',*,*,#4677,.T.);
#6087=ORIENTED_EDGE('',*,*,#4676,.F.);
#6088=ORIENTED_EDGE('',*,*,#4677,.F.);
#6089=ORIENTED_EDGE('',*,*,#4678,.F.);
#6090=ORIENTED_EDGE('',*,*,#4679,.F.);
#6091=ORIENTED_EDGE('',*,*,#4666,.F.);
#6092=ORIENTED_EDGE('',*,*,#4680,.F.);
#6093=ORIENTED_EDGE('',*,*,#4681,.F.);
#6094=ORIENTED_EDGE('',*,*,#4682,.T.);
#6095=ORIENTED_EDGE('',*,*,#4683,.T.);
#6096=ORIENTED_EDGE('',*,*,#4684,.F.);
#6097=ORIENTED_EDGE('',*,*,#4685,.F.);
#6098=ORIENTED_EDGE('',*,*,#4641,.F.);
#6099=ORIENTED_EDGE('',*,*,#4670,.T.);
#6100=ORIENTED_EDGE('',*,*,#4682,.F.);
#6101=ORIENTED_EDGE('',*,*,#4669,.T.);
#6102=ORIENTED_EDGE('',*,*,#4655,.T.);
#6103=ORIENTED_EDGE('',*,*,#4686,.T.);
#6104=ORIENTED_EDGE('',*,*,#4687,.F.);
#6105=ORIENTED_EDGE('',*,*,#4683,.F.);
#6106=ORIENTED_EDGE('',*,*,#4686,.F.);
#6107=ORIENTED_EDGE('',*,*,#4654,.F.);
#6108=ORIENTED_EDGE('',*,*,#4664,.F.);
#6109=ORIENTED_EDGE('',*,*,#4688,.F.);
#6110=ORIENTED_EDGE('',*,*,#4689,.F.);
#6111=ORIENTED_EDGE('',*,*,#4690,.F.);
#6112=ORIENTED_EDGE('',*,*,#4691,.T.);
#6113=ORIENTED_EDGE('',*,*,#4692,.F.);
#6114=ORIENTED_EDGE('',*,*,#4691,.F.);
#6115=ORIENTED_EDGE('',*,*,#4693,.F.);
#6116=ORIENTED_EDGE('',*,*,#4694,.F.);
#6117=ORIENTED_EDGE('',*,*,#4695,.F.);
#6118=ORIENTED_EDGE('',*,*,#4696,.F.);
#6119=ORIENTED_EDGE('',*,*,#4697,.F.);
#6120=ORIENTED_EDGE('',*,*,#4678,.T.);
#6121=ORIENTED_EDGE('',*,*,#4698,.T.);
#6122=ORIENTED_EDGE('',*,*,#4697,.T.);
#6123=ORIENTED_EDGE('',*,*,#4698,.F.);
#6124=ORIENTED_EDGE('',*,*,#4699,.F.);
#6125=ORIENTED_EDGE('',*,*,#4681,.T.);
#6126=ORIENTED_EDGE('',*,*,#4692,.T.);
#6127=ORIENTED_EDGE('',*,*,#4647,.T.);
#6128=ORIENTED_EDGE('',*,*,#4668,.T.);
#6129=ORIENTED_EDGE('',*,*,#4700,.F.);
#6130=ORIENTED_EDGE('',*,*,#4701,.F.);
#6131=ORIENTED_EDGE('',*,*,#4702,.T.);
#6132=ORIENTED_EDGE('',*,*,#4703,.F.);
#6133=ORIENTED_EDGE('',*,*,#4704,.T.);
#6134=ORIENTED_EDGE('',*,*,#4705,.F.);
#6135=ORIENTED_EDGE('',*,*,#4706,.F.);
#6136=ORIENTED_EDGE('',*,*,#4187,.F.);
#6137=ORIENTED_EDGE('',*,*,#4707,.T.);
#6138=ORIENTED_EDGE('',*,*,#4708,.T.);
#6139=ORIENTED_EDGE('',*,*,#4709,.T.);
#6140=ORIENTED_EDGE('',*,*,#4710,.T.);
#6141=ORIENTED_EDGE('',*,*,#4711,.T.);
#6142=ORIENTED_EDGE('',*,*,#4179,.F.);
#6143=ORIENTED_EDGE('',*,*,#4712,.T.);
#6144=ORIENTED_EDGE('',*,*,#4713,.T.);
#6145=ORIENTED_EDGE('',*,*,#4714,.T.);
#6146=ORIENTED_EDGE('',*,*,#4715,.T.);
#6147=ORIENTED_EDGE('',*,*,#4716,.F.);
#6148=ORIENTED_EDGE('',*,*,#4717,.T.);
#6149=ORIENTED_EDGE('',*,*,#4718,.T.);
#6150=ORIENTED_EDGE('',*,*,#4719,.T.);
#6151=ORIENTED_EDGE('',*,*,#4720,.T.);
#6152=ORIENTED_EDGE('',*,*,#4721,.T.);
#6153=ORIENTED_EDGE('',*,*,#4722,.T.);
#6154=ORIENTED_EDGE('',*,*,#4723,.T.);
#6155=ORIENTED_EDGE('',*,*,#4724,.T.);
#6156=ORIENTED_EDGE('',*,*,#4725,.F.);
#6157=ORIENTED_EDGE('',*,*,#4726,.F.);
#6158=ORIENTED_EDGE('',*,*,#4727,.F.);
#6159=ORIENTED_EDGE('',*,*,#4728,.T.);
#6160=ORIENTED_EDGE('',*,*,#4729,.T.);
#6161=ORIENTED_EDGE('',*,*,#4730,.F.);
#6162=ORIENTED_EDGE('',*,*,#4731,.F.);
#6163=ORIENTED_EDGE('',*,*,#4732,.F.);
#6164=ORIENTED_EDGE('',*,*,#4675,.T.);
#6165=ORIENTED_EDGE('',*,*,#4733,.F.);
#6166=ORIENTED_EDGE('',*,*,#4734,.F.);
#6167=ORIENTED_EDGE('',*,*,#4700,.T.);
#6168=ORIENTED_EDGE('',*,*,#4674,.T.);
#6169=ORIENTED_EDGE('',*,*,#4735,.T.);
#6170=ORIENTED_EDGE('',*,*,#4736,.T.);
#6171=ORIENTED_EDGE('',*,*,#4737,.F.);
#6172=ORIENTED_EDGE('',*,*,#4738,.T.);
#6173=ORIENTED_EDGE('',*,*,#4739,.F.);
#6174=ORIENTED_EDGE('',*,*,#4733,.T.);
#6175=ORIENTED_EDGE('',*,*,#4685,.T.);
#6176=ORIENTED_EDGE('',*,*,#4740,.F.);
#6177=ORIENTED_EDGE('',*,*,#4630,.T.);
#6178=ORIENTED_EDGE('',*,*,#4458,.F.);
#6179=ORIENTED_EDGE('',*,*,#4642,.T.);
#6180=ORIENTED_EDGE('',*,*,#4684,.T.);
#6181=ORIENTED_EDGE('',*,*,#4687,.T.);
#6182=ORIENTED_EDGE('',*,*,#4741,.F.);
#6183=ORIENTED_EDGE('',*,*,#4742,.F.);
#6184=ORIENTED_EDGE('',*,*,#4357,.F.);
#6185=ORIENTED_EDGE('',*,*,#4743,.T.);
#6186=ORIENTED_EDGE('',*,*,#4286,.F.);
#6187=ORIENTED_EDGE('',*,*,#4631,.T.);
#6188=ORIENTED_EDGE('',*,*,#4740,.T.);
#6189=ORIENTED_EDGE('',*,*,#4463,.T.);
#6190=ORIENTED_EDGE('',*,*,#4283,.F.);
#6191=ORIENTED_EDGE('',*,*,#4744,.F.);
#6192=ORIENTED_EDGE('',*,*,#4745,.T.);
#6193=ORIENTED_EDGE('',*,*,#4746,.F.);
#6194=ORIENTED_EDGE('',*,*,#4671,.T.);
#6195=ORIENTED_EDGE('',*,*,#4639,.T.);
#6196=ORIENTED_EDGE('',*,*,#4643,.T.);
#6197=ORIENTED_EDGE('',*,*,#4661,.T.);
#6198=ORIENTED_EDGE('',*,*,#4747,.T.);
#6199=ORIENTED_EDGE('',*,*,#4748,.T.);
#6200=ORIENTED_EDGE('',*,*,#4749,.T.);
#6201=ORIENTED_EDGE('',*,*,#4662,.T.);
#6202=ORIENTED_EDGE('',*,*,#4749,.F.);
#6203=ORIENTED_EDGE('',*,*,#4750,.F.);
#6204=ORIENTED_EDGE('',*,*,#4751,.T.);
#6205=ORIENTED_EDGE('',*,*,#4673,.T.);
#6206=ORIENTED_EDGE('',*,*,#4752,.T.);
#6207=ORIENTED_EDGE('',*,*,#4753,.T.);
#6208=ORIENTED_EDGE('',*,*,#4735,.F.);
#6209=ORIENTED_EDGE('',*,*,#4688,.T.);
#6210=ORIENTED_EDGE('',*,*,#4663,.T.);
#6211=ORIENTED_EDGE('',*,*,#4751,.F.);
#6212=ORIENTED_EDGE('',*,*,#4754,.F.);
#6213=ORIENTED_EDGE('',*,*,#4741,.T.);
#6214=ORIENTED_EDGE('',*,*,#4672,.T.);
#6215=ORIENTED_EDGE('',*,*,#4746,.T.);
#6216=ORIENTED_EDGE('',*,*,#4755,.F.);
#6217=ORIENTED_EDGE('',*,*,#4752,.F.);
#6218=ORIENTED_EDGE('',*,*,#4756,.F.);
#6219=ORIENTED_EDGE('',*,*,#4757,.F.);
#6220=ORIENTED_EDGE('',*,*,#4758,.F.);
#6221=ORIENTED_EDGE('',*,*,#4759,.F.);
#6222=ORIENTED_EDGE('',*,*,#4760,.F.);
#6223=ORIENTED_EDGE('',*,*,#4761,.F.);
#6224=ORIENTED_EDGE('',*,*,#4762,.F.);
#6225=ORIENTED_EDGE('',*,*,#4763,.F.);
#6226=ORIENTED_EDGE('',*,*,#4764,.F.);
#6227=ORIENTED_EDGE('',*,*,#4765,.F.);
#6228=ORIENTED_EDGE('',*,*,#4766,.T.);
#6229=ORIENTED_EDGE('',*,*,#4767,.F.);
#6230=ORIENTED_EDGE('',*,*,#4766,.F.);
#6231=ORIENTED_EDGE('',*,*,#4768,.F.);
#6232=ORIENTED_EDGE('',*,*,#4769,.F.);
#6233=ORIENTED_EDGE('',*,*,#4770,.F.);
#6234=ORIENTED_EDGE('',*,*,#4771,.F.);
#6235=ORIENTED_EDGE('',*,*,#4720,.F.);
#6236=ORIENTED_EDGE('',*,*,#4772,.F.);
#6237=ORIENTED_EDGE('',*,*,#4773,.F.);
#6238=ORIENTED_EDGE('',*,*,#4774,.F.);
#6239=ORIENTED_EDGE('',*,*,#4758,.T.);
#6240=ORIENTED_EDGE('',*,*,#4757,.T.);
#6241=ORIENTED_EDGE('',*,*,#4719,.F.);
#6242=ORIENTED_EDGE('',*,*,#4775,.F.);
#6243=ORIENTED_EDGE('',*,*,#4776,.F.);
#6244=ORIENTED_EDGE('',*,*,#4777,.F.);
#6245=ORIENTED_EDGE('',*,*,#4778,.F.);
#6246=ORIENTED_EDGE('',*,*,#4473,.F.);
#6247=ORIENTED_EDGE('',*,*,#4485,.F.);
#6248=ORIENTED_EDGE('',*,*,#4481,.F.);
#6249=ORIENTED_EDGE('',*,*,#4779,.F.);
#6250=ORIENTED_EDGE('',*,*,#4780,.F.);
#6251=ORIENTED_EDGE('',*,*,#4772,.T.);
#6252=ORIENTED_EDGE('',*,*,#4781,.F.);
#6253=ORIENTED_EDGE('',*,*,#4773,.T.);
#6254=ORIENTED_EDGE('',*,*,#4780,.T.);
#6255=ORIENTED_EDGE('',*,*,#4782,.F.);
#6256=ORIENTED_EDGE('',*,*,#4783,.T.);
#6257=ORIENTED_EDGE('',*,*,#4784,.F.);
#6258=ORIENTED_EDGE('',*,*,#4785,.F.);
#6259=ORIENTED_EDGE('',*,*,#4786,.F.);
#6260=ORIENTED_EDGE('',*,*,#4787,.F.);
#6261=ORIENTED_EDGE('',*,*,#4788,.T.);
#6262=ORIENTED_EDGE('',*,*,#4789,.F.);
#6263=ORIENTED_EDGE('',*,*,#4784,.T.);
#6264=ORIENTED_EDGE('',*,*,#4790,.T.);
#6265=ORIENTED_EDGE('',*,*,#4791,.F.);
#6266=ORIENTED_EDGE('',*,*,#4792,.F.);
#6267=ORIENTED_EDGE('',*,*,#4793,.F.);
#6268=ORIENTED_EDGE('',*,*,#4794,.F.);
#6269=ORIENTED_EDGE('',*,*,#4795,.F.);
#6270=ORIENTED_EDGE('',*,*,#4788,.F.);
#6271=ORIENTED_EDGE('',*,*,#4796,.T.);
#6272=ORIENTED_EDGE('',*,*,#4797,.T.);
#6273=ORIENTED_EDGE('',*,*,#4796,.F.);
#6274=ORIENTED_EDGE('',*,*,#4797,.F.);
#6275=ORIENTED_EDGE('',*,*,#4798,.F.);
#6276=ORIENTED_EDGE('',*,*,#4480,.F.);
#6277=ORIENTED_EDGE('',*,*,#4799,.T.);
#6278=ORIENTED_EDGE('',*,*,#4782,.T.);
#6279=ORIENTED_EDGE('',*,*,#4779,.T.);
#6280=ORIENTED_EDGE('',*,*,#4800,.F.);
#6281=ORIENTED_EDGE('',*,*,#4790,.F.);
#6282=ORIENTED_EDGE('',*,*,#4783,.F.);
#6283=ORIENTED_EDGE('',*,*,#4799,.F.);
#6284=ORIENTED_EDGE('',*,*,#4479,.F.);
#6285=ORIENTED_EDGE('',*,*,#4801,.F.);
#6286=ORIENTED_EDGE('',*,*,#4802,.F.);
#6287=ORIENTED_EDGE('',*,*,#4798,.T.);
#6288=ORIENTED_EDGE('',*,*,#4803,.T.);
#6289=ORIENTED_EDGE('',*,*,#4802,.T.);
#6290=ORIENTED_EDGE('',*,*,#4803,.F.);
#6291=ORIENTED_EDGE('',*,*,#4804,.F.);
#6292=ORIENTED_EDGE('',*,*,#4760,.T.);
#6293=ORIENTED_EDGE('',*,*,#4805,.F.);
#6294=ORIENTED_EDGE('',*,*,#4767,.T.);
#6295=ORIENTED_EDGE('',*,*,#4761,.T.);
#6296=ORIENTED_EDGE('',*,*,#4768,.T.);
#6297=ORIENTED_EDGE('',*,*,#4765,.T.);
#6298=ORIENTED_EDGE('',*,*,#4764,.T.);
#6299=ORIENTED_EDGE('',*,*,#4763,.T.);
#6300=ORIENTED_EDGE('',*,*,#4806,.T.);
#6301=ORIENTED_EDGE('',*,*,#4807,.T.);
#6302=ORIENTED_EDGE('',*,*,#4806,.F.);
#6303=ORIENTED_EDGE('',*,*,#4762,.T.);
#6304=ORIENTED_EDGE('',*,*,#4787,.T.);
#6305=ORIENTED_EDGE('',*,*,#4808,.T.);
#6306=ORIENTED_EDGE('',*,*,#4809,.F.);
#6307=ORIENTED_EDGE('',*,*,#4810,.T.);
#6308=ORIENTED_EDGE('',*,*,#4785,.T.);
#6309=ORIENTED_EDGE('',*,*,#4789,.T.);
#6310=ORIENTED_EDGE('',*,*,#4811,.T.);
#6311=ORIENTED_EDGE('',*,*,#4812,.T.);
#6312=ORIENTED_EDGE('',*,*,#4813,.F.);
#6313=ORIENTED_EDGE('',*,*,#4814,.F.);
#6314=ORIENTED_EDGE('',*,*,#4795,.T.);
#6315=ORIENTED_EDGE('',*,*,#4815,.F.);
#6316=ORIENTED_EDGE('',*,*,#4816,.T.);
#6317=ORIENTED_EDGE('',*,*,#4811,.F.);
#6318=ORIENTED_EDGE('',*,*,#4775,.T.);
#6319=ORIENTED_EDGE('',*,*,#4718,.F.);
#6320=ORIENTED_EDGE('',*,*,#4817,.T.);
#6321=ORIENTED_EDGE('',*,*,#4818,.T.);
#6322=ORIENTED_EDGE('',*,*,#4794,.T.);
#6323=ORIENTED_EDGE('',*,*,#4819,.T.);
#6324=ORIENTED_EDGE('',*,*,#4820,.T.);
#6325=ORIENTED_EDGE('',*,*,#4815,.T.);
#6326=ORIENTED_EDGE('',*,*,#4776,.T.);
#6327=ORIENTED_EDGE('',*,*,#4818,.F.);
#6328=ORIENTED_EDGE('',*,*,#4821,.T.);
#6329=ORIENTED_EDGE('',*,*,#4822,.F.);
#6330=ORIENTED_EDGE('',*,*,#4823,.T.);
#6331=ORIENTED_EDGE('',*,*,#4824,.F.);
#6332=ORIENTED_EDGE('',*,*,#4825,.F.);
#6333=ORIENTED_EDGE('',*,*,#4793,.T.);
#6334=ORIENTED_EDGE('',*,*,#4826,.F.);
#6335=ORIENTED_EDGE('',*,*,#4827,.F.);
#6336=ORIENTED_EDGE('',*,*,#4819,.F.);
#6337=ORIENTED_EDGE('',*,*,#4786,.T.);
#6338=ORIENTED_EDGE('',*,*,#4814,.T.);
#6339=ORIENTED_EDGE('',*,*,#4828,.F.);
#6340=ORIENTED_EDGE('',*,*,#4808,.F.);
#6341=ORIENTED_EDGE('',*,*,#4792,.T.);
#6342=ORIENTED_EDGE('',*,*,#4829,.F.);
#6343=ORIENTED_EDGE('',*,*,#4830,.T.);
#6344=ORIENTED_EDGE('',*,*,#4826,.T.);
#6345=ORIENTED_EDGE('',*,*,#4791,.T.);
#6346=ORIENTED_EDGE('',*,*,#4800,.T.);
#6347=ORIENTED_EDGE('',*,*,#4831,.F.);
#6348=ORIENTED_EDGE('',*,*,#4832,.T.);
#6349=ORIENTED_EDGE('',*,*,#4829,.T.);
#6350=ORIENTED_EDGE('',*,*,#4801,.T.);
#6351=ORIENTED_EDGE('',*,*,#4478,.T.);
#6352=ORIENTED_EDGE('',*,*,#4833,.T.);
#6353=ORIENTED_EDGE('',*,*,#4834,.T.);
#6354=ORIENTED_EDGE('',*,*,#4252,.F.);
#6355=ORIENTED_EDGE('',*,*,#4835,.F.);
#6356=ORIENTED_EDGE('',*,*,#4836,.T.);
#6357=ORIENTED_EDGE('',*,*,#4837,.T.);
#6358=ORIENTED_EDGE('',*,*,#4831,.T.);
#6359=ORIENTED_EDGE('',*,*,#4838,.F.);
#6360=ORIENTED_EDGE('',*,*,#4839,.T.);
#6361=ORIENTED_EDGE('',*,*,#4840,.T.);
#6362=ORIENTED_EDGE('',*,*,#4841,.F.);
#6363=ORIENTED_EDGE('',*,*,#4842,.F.);
#6364=ORIENTED_EDGE('',*,*,#4843,.T.);
#6365=ORIENTED_EDGE('',*,*,#4844,.T.);
#6366=ORIENTED_EDGE('',*,*,#4839,.F.);
#6367=ORIENTED_EDGE('',*,*,#4845,.T.);
#6368=ORIENTED_EDGE('',*,*,#4846,.F.);
#6369=ORIENTED_EDGE('',*,*,#4847,.F.);
#6370=ORIENTED_EDGE('',*,*,#4848,.T.);
#6371=ORIENTED_EDGE('',*,*,#4849,.T.);
#6372=ORIENTED_EDGE('',*,*,#4843,.F.);
#6373=ORIENTED_EDGE('',*,*,#4850,.F.);
#6374=ORIENTED_EDGE('',*,*,#4851,.F.);
#6375=ORIENTED_EDGE('',*,*,#4852,.T.);
#6376=ORIENTED_EDGE('',*,*,#4848,.F.);
#6377=ORIENTED_EDGE('',*,*,#4853,.F.);
#6378=ORIENTED_EDGE('',*,*,#4841,.T.);
#6379=ORIENTED_EDGE('',*,*,#4844,.F.);
#6380=ORIENTED_EDGE('',*,*,#4854,.T.);
#6381=ORIENTED_EDGE('',*,*,#4855,.T.);
#6382=ORIENTED_EDGE('',*,*,#4856,.F.);
#6383=ORIENTED_EDGE('',*,*,#4857,.T.);
#6384=ORIENTED_EDGE('',*,*,#4854,.F.);
#6385=ORIENTED_EDGE('',*,*,#4849,.F.);
#6386=ORIENTED_EDGE('',*,*,#4858,.F.);
#6387=ORIENTED_EDGE('',*,*,#4840,.F.);
#6388=ORIENTED_EDGE('',*,*,#4856,.T.);
#6389=ORIENTED_EDGE('',*,*,#4859,.T.);
#6390=ORIENTED_EDGE('',*,*,#4860,.F.);
#6391=ORIENTED_EDGE('',*,*,#4852,.F.);
#6392=ORIENTED_EDGE('',*,*,#4860,.T.);
#6393=ORIENTED_EDGE('',*,*,#4861,.T.);
#6394=ORIENTED_EDGE('',*,*,#4862,.F.);
#6395=ORIENTED_EDGE('',*,*,#4845,.F.);
#6396=ORIENTED_EDGE('',*,*,#4862,.T.);
#6397=ORIENTED_EDGE('',*,*,#4863,.T.);
#6398=ORIENTED_EDGE('',*,*,#4864,.F.);
#6399=ORIENTED_EDGE('',*,*,#4857,.F.);
#6400=ORIENTED_EDGE('',*,*,#4865,.F.);
#6401=ORIENTED_EDGE('',*,*,#4863,.F.);
#6402=ORIENTED_EDGE('',*,*,#4861,.F.);
#6403=ORIENTED_EDGE('',*,*,#4859,.F.);
#6404=ORIENTED_EDGE('',*,*,#4855,.F.);
#6405=ORIENTED_EDGE('',*,*,#4866,.T.);
#6406=ORIENTED_EDGE('',*,*,#4867,.F.);
#6407=ORIENTED_EDGE('',*,*,#4846,.T.);
#6408=ORIENTED_EDGE('',*,*,#4868,.T.);
#6409=ORIENTED_EDGE('',*,*,#4851,.T.);
#6410=ORIENTED_EDGE('',*,*,#4868,.F.);
#6411=ORIENTED_EDGE('',*,*,#4864,.T.);
#6412=ORIENTED_EDGE('',*,*,#4865,.T.);
#6413=ORIENTED_EDGE('',*,*,#4858,.T.);
#6414=ORIENTED_EDGE('',*,*,#4869,.F.);
#6415=ORIENTED_EDGE('',*,*,#4870,.F.);
#6416=ORIENTED_EDGE('',*,*,#4871,.F.);
#6417=ORIENTED_EDGE('',*,*,#4872,.F.);
#6418=ORIENTED_EDGE('',*,*,#4873,.F.);
#6419=ORIENTED_EDGE('',*,*,#4874,.F.);
#6420=ORIENTED_EDGE('',*,*,#4869,.T.);
#6421=ORIENTED_EDGE('',*,*,#4875,.F.);
#6422=ORIENTED_EDGE('',*,*,#4876,.T.);
#6423=ORIENTED_EDGE('',*,*,#4877,.T.);
#6424=ORIENTED_EDGE('',*,*,#4878,.F.);
#6425=ORIENTED_EDGE('',*,*,#4875,.T.);
#6426=ORIENTED_EDGE('',*,*,#4879,.F.);
#6427=ORIENTED_EDGE('',*,*,#4880,.T.);
#6428=ORIENTED_EDGE('',*,*,#4876,.F.);
#6429=ORIENTED_EDGE('',*,*,#4872,.T.);
#6430=ORIENTED_EDGE('',*,*,#4881,.T.);
#6431=ORIENTED_EDGE('',*,*,#4874,.T.);
#6432=ORIENTED_EDGE('',*,*,#4882,.F.);
#6433=ORIENTED_EDGE('',*,*,#4883,.F.);
#6434=ORIENTED_EDGE('',*,*,#4884,.T.);
#6435=ORIENTED_EDGE('',*,*,#4883,.T.);
#6436=ORIENTED_EDGE('',*,*,#4885,.F.);
#6437=ORIENTED_EDGE('',*,*,#4886,.F.);
#6438=ORIENTED_EDGE('',*,*,#4887,.T.);
#6439=ORIENTED_EDGE('',*,*,#4886,.T.);
#6440=ORIENTED_EDGE('',*,*,#4888,.F.);
#6441=ORIENTED_EDGE('',*,*,#4889,.F.);
#6442=ORIENTED_EDGE('',*,*,#4890,.T.);
#6443=ORIENTED_EDGE('',*,*,#4889,.T.);
#6444=ORIENTED_EDGE('',*,*,#4891,.F.);
#6445=ORIENTED_EDGE('',*,*,#4877,.F.);
#6446=ORIENTED_EDGE('',*,*,#4884,.F.);
#6447=ORIENTED_EDGE('',*,*,#4892,.F.);
#6448=ORIENTED_EDGE('',*,*,#4893,.F.);
#6449=ORIENTED_EDGE('',*,*,#4894,.T.);
#6450=ORIENTED_EDGE('',*,*,#4881,.F.);
#6451=ORIENTED_EDGE('',*,*,#4894,.F.);
#6452=ORIENTED_EDGE('',*,*,#4895,.F.);
#6453=ORIENTED_EDGE('',*,*,#4870,.T.);
#6454=ORIENTED_EDGE('',*,*,#4896,.F.);
#6455=ORIENTED_EDGE('',*,*,#4897,.T.);
#6456=ORIENTED_EDGE('',*,*,#4890,.F.);
#6457=ORIENTED_EDGE('',*,*,#4880,.F.);
#6458=ORIENTED_EDGE('',*,*,#4898,.F.);
#6459=ORIENTED_EDGE('',*,*,#4892,.T.);
#6460=ORIENTED_EDGE('',*,*,#4887,.F.);
#6461=ORIENTED_EDGE('',*,*,#4897,.F.);
#6462=ORIENTED_EDGE('',*,*,#4873,.T.);
#6463=ORIENTED_EDGE('',*,*,#4878,.T.);
#6464=ORIENTED_EDGE('',*,*,#4891,.T.);
#6465=ORIENTED_EDGE('',*,*,#4888,.T.);
#6466=ORIENTED_EDGE('',*,*,#4885,.T.);
#6467=ORIENTED_EDGE('',*,*,#4882,.T.);
#6468=ORIENTED_EDGE('',*,*,#4807,.F.);
#6469=ORIENTED_EDGE('',*,*,#4899,.F.);
#6470=ORIENTED_EDGE('',*,*,#4900,.T.);
#6471=ORIENTED_EDGE('',*,*,#4805,.T.);
#6472=ORIENTED_EDGE('',*,*,#4759,.T.);
#6473=ORIENTED_EDGE('',*,*,#4774,.T.);
#6474=ORIENTED_EDGE('',*,*,#4756,.T.);
#6475=ORIENTED_EDGE('',*,*,#4804,.T.);
#6476=ORIENTED_EDGE('',*,*,#4900,.F.);
#6477=ORIENTED_EDGE('',*,*,#4866,.F.);
#6478=ORIENTED_EDGE('',*,*,#4901,.T.);
#6479=ORIENTED_EDGE('',*,*,#4693,.T.);
#6480=ORIENTED_EDGE('',*,*,#4690,.T.);
#6481=ORIENTED_EDGE('',*,*,#4689,.T.);
#6482=ORIENTED_EDGE('',*,*,#4696,.T.);
#6483=ORIENTED_EDGE('',*,*,#4695,.T.);
#6484=ORIENTED_EDGE('',*,*,#4694,.T.);
#6485=ORIENTED_EDGE('',*,*,#4901,.F.);
#6486=ORIENTED_EDGE('',*,*,#4680,.T.);
#6487=ORIENTED_EDGE('',*,*,#4665,.T.);
#6488=ORIENTED_EDGE('',*,*,#4902,.T.);
#6489=ORIENTED_EDGE('',*,*,#4903,.F.);
#6490=ORIENTED_EDGE('',*,*,#4904,.F.);
#6491=ORIENTED_EDGE('',*,*,#4902,.F.);
#6492=ORIENTED_EDGE('',*,*,#4667,.T.);
#6493=ORIENTED_EDGE('',*,*,#4679,.T.);
#6494=ORIENTED_EDGE('',*,*,#4699,.T.);
#6495=ORIENTED_EDGE('',*,*,#4905,.F.);
#6496=ORIENTED_EDGE('',*,*,#4906,.T.);
#6497=ORIENTED_EDGE('',*,*,#4907,.F.);
#6498=ORIENTED_EDGE('',*,*,#4704,.F.);
#6499=ORIENTED_EDGE('',*,*,#4908,.F.);
#6500=ORIENTED_EDGE('',*,*,#4909,.F.);
#6501=ORIENTED_EDGE('',*,*,#4906,.F.);
#6502=ORIENTED_EDGE('',*,*,#4908,.T.);
#6503=ORIENTED_EDGE('',*,*,#4703,.T.);
#6504=ORIENTED_EDGE('',*,*,#4910,.F.);
#6505=ORIENTED_EDGE('',*,*,#4911,.F.);
#6506=ORIENTED_EDGE('',*,*,#4912,.T.);
#6507=ORIENTED_EDGE('',*,*,#4710,.F.);
#6508=ORIENTED_EDGE('',*,*,#4913,.F.);
#6509=ORIENTED_EDGE('',*,*,#4914,.T.);
#6510=ORIENTED_EDGE('',*,*,#4915,.T.);
#6511=ORIENTED_EDGE('',*,*,#4711,.F.);
#6512=ORIENTED_EDGE('',*,*,#4915,.F.);
#6513=ORIENTED_EDGE('',*,*,#4916,.F.);
#6514=ORIENTED_EDGE('',*,*,#4636,.F.);
#6515=ORIENTED_EDGE('',*,*,#4180,.F.);
#6516=ORIENTED_EDGE('',*,*,#4707,.F.);
#6517=ORIENTED_EDGE('',*,*,#4186,.F.);
#6518=ORIENTED_EDGE('',*,*,#4634,.F.);
#6519=ORIENTED_EDGE('',*,*,#4917,.T.);
#6520=ORIENTED_EDGE('',*,*,#4918,.T.);
#6521=ORIENTED_EDGE('',*,*,#4633,.T.);
#6522=ORIENTED_EDGE('',*,*,#4624,.F.);
#6523=ORIENTED_EDGE('',*,*,#4919,.T.);
#6524=ORIENTED_EDGE('',*,*,#4920,.T.);
#6525=ORIENTED_EDGE('',*,*,#4917,.F.);
#6526=ORIENTED_EDGE('',*,*,#4921,.F.);
#6527=ORIENTED_EDGE('',*,*,#4922,.F.);
#6528=ORIENTED_EDGE('',*,*,#4923,.T.);
#6529=ORIENTED_EDGE('',*,*,#4921,.T.);
#6530=ORIENTED_EDGE('',*,*,#4923,.F.);
#6531=ORIENTED_EDGE('',*,*,#4924,.F.);
#6532=ORIENTED_EDGE('',*,*,#4922,.T.);
#6533=ORIENTED_EDGE('',*,*,#4925,.F.);
#6534=ORIENTED_EDGE('',*,*,#4926,.T.);
#6535=ORIENTED_EDGE('',*,*,#4924,.T.);
#6536=ORIENTED_EDGE('',*,*,#4926,.F.);
#6537=ORIENTED_EDGE('',*,*,#4708,.F.);
#6538=ORIENTED_EDGE('',*,*,#4918,.F.);
#6539=ORIENTED_EDGE('',*,*,#4920,.F.);
#6540=ORIENTED_EDGE('',*,*,#4927,.T.);
#6541=ORIENTED_EDGE('',*,*,#4628,.F.);
#6542=ORIENTED_EDGE('',*,*,#4637,.T.);
#6543=ORIENTED_EDGE('',*,*,#4916,.T.);
#6544=ORIENTED_EDGE('',*,*,#4914,.F.);
#6545=ORIENTED_EDGE('',*,*,#4928,.F.);
#6546=ORIENTED_EDGE('',*,*,#4929,.F.);
#6547=ORIENTED_EDGE('',*,*,#4930,.F.);
#6548=ORIENTED_EDGE('',*,*,#4931,.F.);
#6549=ORIENTED_EDGE('',*,*,#4932,.F.);
#6550=ORIENTED_EDGE('',*,*,#4714,.F.);
#6551=ORIENTED_EDGE('',*,*,#4933,.F.);
#6552=ORIENTED_EDGE('',*,*,#4930,.T.);
#6553=ORIENTED_EDGE('',*,*,#4932,.T.);
#6554=ORIENTED_EDGE('',*,*,#4934,.F.);
#6555=ORIENTED_EDGE('',*,*,#4935,.T.);
#6556=ORIENTED_EDGE('',*,*,#4936,.T.);
#6557=ORIENTED_EDGE('',*,*,#4715,.F.);
#6558=ORIENTED_EDGE('',*,*,#4929,.T.);
#6559=ORIENTED_EDGE('',*,*,#4713,.F.);
#6560=ORIENTED_EDGE('',*,*,#4937,.T.);
#6561=ORIENTED_EDGE('',*,*,#4938,.T.);
#6562=ORIENTED_EDGE('',*,*,#4939,.T.);
#6563=ORIENTED_EDGE('',*,*,#4940,.F.);
#6564=ORIENTED_EDGE('',*,*,#4941,.T.);
#6565=ORIENTED_EDGE('',*,*,#4475,.T.);
#6566=ORIENTED_EDGE('',*,*,#4942,.F.);
#6567=ORIENTED_EDGE('',*,*,#4943,.T.);
#6568=ORIENTED_EDGE('',*,*,#4824,.T.);
#6569=ORIENTED_EDGE('',*,*,#4944,.T.);
#6570=ORIENTED_EDGE('',*,*,#4934,.T.);
#6571=ORIENTED_EDGE('',*,*,#4931,.T.);
#6572=ORIENTED_EDGE('',*,*,#4933,.T.);
#6573=ORIENTED_EDGE('',*,*,#4893,.T.);
#6574=ORIENTED_EDGE('',*,*,#4898,.T.);
#6575=ORIENTED_EDGE('',*,*,#4896,.T.);
#6576=ORIENTED_EDGE('',*,*,#4879,.T.);
#6577=ORIENTED_EDGE('',*,*,#4871,.T.);
#6578=ORIENTED_EDGE('',*,*,#4895,.T.);
#6579=ORIENTED_EDGE('',*,*,#4945,.F.);
#6580=ORIENTED_EDGE('',*,*,#4946,.T.);
#6581=ORIENTED_EDGE('',*,*,#4947,.T.);
#6582=ORIENTED_EDGE('',*,*,#4948,.T.);
#6583=ORIENTED_EDGE('',*,*,#4945,.T.);
#6584=ORIENTED_EDGE('',*,*,#4948,.F.);
#6585=ORIENTED_EDGE('',*,*,#4946,.F.);
#6586=ORIENTED_EDGE('',*,*,#4949,.T.);
#6587=ORIENTED_EDGE('',*,*,#4950,.T.);
#6588=ORIENTED_EDGE('',*,*,#4949,.F.);
#6589=ORIENTED_EDGE('',*,*,#4951,.F.);
#6590=ORIENTED_EDGE('',*,*,#4947,.F.);
#6591=ORIENTED_EDGE('',*,*,#4652,.T.);
#6592=ORIENTED_EDGE('',*,*,#4952,.T.);
#6593=ORIENTED_EDGE('',*,*,#4953,.F.);
#6594=ORIENTED_EDGE('',*,*,#4954,.F.);
#6595=ORIENTED_EDGE('',*,*,#4955,.F.);
#6596=ORIENTED_EDGE('',*,*,#4658,.T.);
#6597=ORIENTED_EDGE('',*,*,#4659,.T.);
#6598=ORIENTED_EDGE('',*,*,#4955,.T.);
#6599=ORIENTED_EDGE('',*,*,#4956,.F.);
#6600=ORIENTED_EDGE('',*,*,#4957,.T.);
#6601=ORIENTED_EDGE('',*,*,#4660,.T.);
#6602=ORIENTED_EDGE('',*,*,#4957,.F.);
#6603=ORIENTED_EDGE('',*,*,#4958,.F.);
#6604=ORIENTED_EDGE('',*,*,#4747,.F.);
#6605=ORIENTED_EDGE('',*,*,#4959,.F.);
#6606=ORIENTED_EDGE('',*,*,#4950,.F.);
#6607=ORIENTED_EDGE('',*,*,#4960,.T.);
#6608=ORIENTED_EDGE('',*,*,#4961,.T.);
#6609=ORIENTED_EDGE('',*,*,#4412,.T.);
#6610=ORIENTED_EDGE('',*,*,#4962,.T.);
#6611=ORIENTED_EDGE('',*,*,#4651,.T.);
#6612=ORIENTED_EDGE('',*,*,#4963,.T.);
#6613=ORIENTED_EDGE('',*,*,#4964,.F.);
#6614=ORIENTED_EDGE('',*,*,#4952,.F.);
#6615=ORIENTED_EDGE('',*,*,#4650,.T.);
#6616=ORIENTED_EDGE('',*,*,#4965,.F.);
#6617=ORIENTED_EDGE('',*,*,#4966,.F.);
#6618=ORIENTED_EDGE('',*,*,#4963,.F.);
#6619=ORIENTED_EDGE('',*,*,#4967,.F.);
#6620=ORIENTED_EDGE('',*,*,#4968,.T.);
#6621=ORIENTED_EDGE('',*,*,#4951,.T.);
#6622=ORIENTED_EDGE('',*,*,#4968,.F.);
#6623=ORIENTED_EDGE('',*,*,#4969,.T.);
#6624=ORIENTED_EDGE('',*,*,#4970,.T.);
#6625=ORIENTED_EDGE('',*,*,#4971,.T.);
#6626=ORIENTED_EDGE('',*,*,#4972,.T.);
#6627=ORIENTED_EDGE('',*,*,#4953,.T.);
#6628=ORIENTED_EDGE('',*,*,#4964,.T.);
#6629=ORIENTED_EDGE('',*,*,#4966,.T.);
#6630=ORIENTED_EDGE('',*,*,#4960,.F.);
#6631=ORIENTED_EDGE('',*,*,#4973,.T.);
#6632=ORIENTED_EDGE('',*,*,#4358,.T.);
#6633=ORIENTED_EDGE('',*,*,#4742,.T.);
#6634=ORIENTED_EDGE('',*,*,#4754,.T.);
#6635=ORIENTED_EDGE('',*,*,#4750,.T.);
#6636=ORIENTED_EDGE('',*,*,#4748,.F.);
#6637=ORIENTED_EDGE('',*,*,#4958,.T.);
#6638=ORIENTED_EDGE('',*,*,#4956,.T.);
#6639=ORIENTED_EDGE('',*,*,#4954,.T.);
#6640=ORIENTED_EDGE('',*,*,#4972,.F.);
#6641=ORIENTED_EDGE('',*,*,#4974,.F.);
#6642=ORIENTED_EDGE('',*,*,#4903,.T.);
#6643=ORIENTED_EDGE('',*,*,#4904,.T.);
#6644=ORIENTED_EDGE('',*,*,#4975,.F.);
#6645=ORIENTED_EDGE('',*,*,#4976,.T.);
#6646=ORIENTED_EDGE('',*,*,#4959,.T.);
#6647=ORIENTED_EDGE('',*,*,#4976,.F.);
#6648=ORIENTED_EDGE('',*,*,#4977,.T.);
#6649=ORIENTED_EDGE('',*,*,#4414,.F.);
#6650=ORIENTED_EDGE('',*,*,#4978,.F.);
#6651=ORIENTED_EDGE('',*,*,#4979,.F.);
#6652=ORIENTED_EDGE('',*,*,#4980,.F.);
#6653=ORIENTED_EDGE('',*,*,#4290,.F.);
#6654=ORIENTED_EDGE('',*,*,#4981,.F.);
#6655=ORIENTED_EDGE('',*,*,#4353,.F.);
#6656=ORIENTED_EDGE('',*,*,#4354,.T.);
#6657=ORIENTED_EDGE('',*,*,#4981,.T.);
#6658=ORIENTED_EDGE('',*,*,#4289,.T.);
#6659=ORIENTED_EDGE('',*,*,#4982,.F.);
#6660=ORIENTED_EDGE('',*,*,#4982,.T.);
#6661=ORIENTED_EDGE('',*,*,#4288,.T.);
#6662=ORIENTED_EDGE('',*,*,#4983,.T.);
#6663=ORIENTED_EDGE('',*,*,#4355,.T.);
#6664=ORIENTED_EDGE('',*,*,#4983,.F.);
#6665=ORIENTED_EDGE('',*,*,#4287,.F.);
#6666=ORIENTED_EDGE('',*,*,#4743,.F.);
#6667=ORIENTED_EDGE('',*,*,#4356,.F.);
#6668=ORIENTED_EDGE('',*,*,#4984,.T.);
#6669=ORIENTED_EDGE('',*,*,#4985,.T.);
#6670=ORIENTED_EDGE('',*,*,#4986,.T.);
#6671=ORIENTED_EDGE('',*,*,#4250,.T.);
#6672=ORIENTED_EDGE('',*,*,#4987,.T.);
#6673=ORIENTED_EDGE('',*,*,#4984,.F.);
#6674=ORIENTED_EDGE('',*,*,#4249,.T.);
#6675=ORIENTED_EDGE('',*,*,#4988,.F.);
#6676=ORIENTED_EDGE('',*,*,#4989,.F.);
#6677=ORIENTED_EDGE('',*,*,#4988,.T.);
#6678=ORIENTED_EDGE('',*,*,#4248,.T.);
#6679=ORIENTED_EDGE('',*,*,#4339,.T.);
#6680=ORIENTED_EDGE('',*,*,#4349,.F.);
#6681=ORIENTED_EDGE('',*,*,#4990,.T.);
#6682=ORIENTED_EDGE('',*,*,#4991,.F.);
#6683=ORIENTED_EDGE('',*,*,#4189,.F.);
#6684=ORIENTED_EDGE('',*,*,#4992,.T.);
#6685=ORIENTED_EDGE('',*,*,#4991,.T.);
#6686=ORIENTED_EDGE('',*,*,#4993,.T.);
#6687=ORIENTED_EDGE('',*,*,#4994,.T.);
#6688=ORIENTED_EDGE('',*,*,#4190,.F.);
#6689=ORIENTED_EDGE('',*,*,#4281,.F.);
#6690=ORIENTED_EDGE('',*,*,#4191,.F.);
#6691=ORIENTED_EDGE('',*,*,#4994,.F.);
#6692=ORIENTED_EDGE('',*,*,#4995,.F.);
#6693=ORIENTED_EDGE('',*,*,#4996,.T.);
#6694=ORIENTED_EDGE('',*,*,#4996,.F.);
#6695=ORIENTED_EDGE('',*,*,#4997,.T.);
#6696=ORIENTED_EDGE('',*,*,#4744,.T.);
#6697=ORIENTED_EDGE('',*,*,#4282,.T.);
#6698=ORIENTED_EDGE('',*,*,#4998,.T.);
#6699=ORIENTED_EDGE('',*,*,#4911,.T.);
#6700=ORIENTED_EDGE('',*,*,#4999,.T.);
#6701=ORIENTED_EDGE('',*,*,#4737,.T.);
#6702=ORIENTED_EDGE('',*,*,#5000,.T.);
#6703=ORIENTED_EDGE('',*,*,#5001,.T.);
#6704=ORIENTED_EDGE('',*,*,#4969,.F.);
#6705=ORIENTED_EDGE('',*,*,#4965,.T.);
#6706=ORIENTED_EDGE('',*,*,#4649,.T.);
#6707=ORIENTED_EDGE('',*,*,#4644,.T.);
#6708=ORIENTED_EDGE('',*,*,#4970,.F.);
#6709=ORIENTED_EDGE('',*,*,#5001,.F.);
#6710=ORIENTED_EDGE('',*,*,#5002,.F.);
#6711=ORIENTED_EDGE('',*,*,#5003,.F.);
#6712=ORIENTED_EDGE('',*,*,#5004,.F.);
#6713=ORIENTED_EDGE('',*,*,#5005,.T.);
#6714=ORIENTED_EDGE('',*,*,#4967,.T.);
#6715=ORIENTED_EDGE('',*,*,#5006,.T.);
#6716=ORIENTED_EDGE('',*,*,#5007,.T.);
#6717=ORIENTED_EDGE('',*,*,#5008,.T.);
#6718=ORIENTED_EDGE('',*,*,#5009,.T.);
#6719=ORIENTED_EDGE('',*,*,#5010,.F.);
#6720=ORIENTED_EDGE('',*,*,#5011,.T.);
#6721=ORIENTED_EDGE('',*,*,#5007,.F.);
#6722=ORIENTED_EDGE('',*,*,#5012,.T.);
#6723=ORIENTED_EDGE('',*,*,#5013,.F.);
#6724=ORIENTED_EDGE('',*,*,#5014,.F.);
#6725=ORIENTED_EDGE('',*,*,#5015,.T.);
#6726=ORIENTED_EDGE('',*,*,#5016,.F.);
#6727=ORIENTED_EDGE('',*,*,#5017,.F.);
#6728=ORIENTED_EDGE('',*,*,#5018,.F.);
#6729=ORIENTED_EDGE('',*,*,#5019,.F.);
#6730=ORIENTED_EDGE('',*,*,#4974,.T.);
#6731=ORIENTED_EDGE('',*,*,#4971,.F.);
#6732=ORIENTED_EDGE('',*,*,#5005,.F.);
#6733=ORIENTED_EDGE('',*,*,#5020,.T.);
#6734=ORIENTED_EDGE('',*,*,#5008,.F.);
#6735=ORIENTED_EDGE('',*,*,#5011,.F.);
#6736=ORIENTED_EDGE('',*,*,#5021,.F.);
#6737=ORIENTED_EDGE('',*,*,#5022,.T.);
#6738=ORIENTED_EDGE('',*,*,#5023,.F.);
#6739=ORIENTED_EDGE('',*,*,#5024,.T.);
#6740=ORIENTED_EDGE('',*,*,#5025,.T.);
#6741=ORIENTED_EDGE('',*,*,#5021,.T.);
#6742=ORIENTED_EDGE('',*,*,#5010,.T.);
#6743=ORIENTED_EDGE('',*,*,#5026,.F.);
#6744=ORIENTED_EDGE('',*,*,#5023,.T.);
#6745=ORIENTED_EDGE('',*,*,#5027,.T.);
#6746=ORIENTED_EDGE('',*,*,#5028,.T.);
#6747=ORIENTED_EDGE('',*,*,#5029,.T.);
#6748=ORIENTED_EDGE('',*,*,#5030,.T.);
#6749=ORIENTED_EDGE('',*,*,#4975,.T.);
#6750=ORIENTED_EDGE('',*,*,#5017,.T.);
#6751=ORIENTED_EDGE('',*,*,#5026,.T.);
#6752=ORIENTED_EDGE('',*,*,#5031,.T.);
#6753=ORIENTED_EDGE('',*,*,#4809,.T.);
#6754=ORIENTED_EDGE('',*,*,#4828,.T.);
#6755=ORIENTED_EDGE('',*,*,#4813,.T.);
#6756=ORIENTED_EDGE('',*,*,#5032,.T.);
#6757=ORIENTED_EDGE('',*,*,#4253,.F.);
#6758=ORIENTED_EDGE('',*,*,#4834,.F.);
#6759=ORIENTED_EDGE('',*,*,#5033,.T.);
#6760=ORIENTED_EDGE('',*,*,#4453,.F.);
#6761=ORIENTED_EDGE('',*,*,#4467,.T.);
#6762=ORIENTED_EDGE('',*,*,#4483,.T.);
#6763=ORIENTED_EDGE('',*,*,#4484,.F.);
#6764=ORIENTED_EDGE('',*,*,#4454,.F.);
#6765=ORIENTED_EDGE('',*,*,#5033,.F.);
#6766=ORIENTED_EDGE('',*,*,#4833,.F.);
#6767=ORIENTED_EDGE('',*,*,#4832,.F.);
#6768=ORIENTED_EDGE('',*,*,#4837,.F.);
#6769=ORIENTED_EDGE('',*,*,#5034,.T.);
#6770=ORIENTED_EDGE('',*,*,#5035,.T.);
#6771=ORIENTED_EDGE('',*,*,#4979,.T.);
#6772=ORIENTED_EDGE('',*,*,#5018,.T.);
#6773=ORIENTED_EDGE('',*,*,#5032,.F.);
#6774=ORIENTED_EDGE('',*,*,#4812,.F.);
#6775=ORIENTED_EDGE('',*,*,#4816,.F.);
#6776=ORIENTED_EDGE('',*,*,#4820,.F.);
#6777=ORIENTED_EDGE('',*,*,#4827,.T.);
#6778=ORIENTED_EDGE('',*,*,#4830,.F.);
#6779=ORIENTED_EDGE('',*,*,#4899,.T.);
#6780=ORIENTED_EDGE('',*,*,#5036,.F.);
#6781=ORIENTED_EDGE('',*,*,#5037,.T.);
#6782=ORIENTED_EDGE('',*,*,#5038,.T.);
#6783=ORIENTED_EDGE('',*,*,#5039,.T.);
#6784=ORIENTED_EDGE('',*,*,#5034,.F.);
#6785=ORIENTED_EDGE('',*,*,#4836,.F.);
#6786=ORIENTED_EDGE('',*,*,#5040,.T.);
#6787=ORIENTED_EDGE('',*,*,#4985,.F.);
#6788=ORIENTED_EDGE('',*,*,#4987,.F.);
#6789=ORIENTED_EDGE('',*,*,#4989,.T.);
#6790=ORIENTED_EDGE('',*,*,#4348,.T.);
#6791=ORIENTED_EDGE('',*,*,#5041,.F.);
#6792=ORIENTED_EDGE('',*,*,#5042,.T.);
#6793=ORIENTED_EDGE('',*,*,#4986,.F.);
#6794=ORIENTED_EDGE('',*,*,#5040,.F.);
#6795=ORIENTED_EDGE('',*,*,#4835,.T.);
#6796=ORIENTED_EDGE('',*,*,#4251,.T.);
#6797=ORIENTED_EDGE('',*,*,#4992,.F.);
#6798=ORIENTED_EDGE('',*,*,#4188,.F.);
#6799=ORIENTED_EDGE('',*,*,#4706,.T.);
#6800=ORIENTED_EDGE('',*,*,#5043,.T.);
#6801=ORIENTED_EDGE('',*,*,#4905,.T.);
#6802=ORIENTED_EDGE('',*,*,#4912,.F.);
#6803=ORIENTED_EDGE('',*,*,#4998,.F.);
#6804=ORIENTED_EDGE('',*,*,#4736,.F.);
#6805=ORIENTED_EDGE('',*,*,#4753,.F.);
#6806=ORIENTED_EDGE('',*,*,#4755,.T.);
#6807=ORIENTED_EDGE('',*,*,#4745,.F.);
#6808=ORIENTED_EDGE('',*,*,#4997,.F.);
#6809=ORIENTED_EDGE('',*,*,#4995,.T.);
#6810=ORIENTED_EDGE('',*,*,#4993,.F.);
#6811=ORIENTED_EDGE('',*,*,#4990,.F.);
#6812=ORIENTED_EDGE('',*,*,#5043,.F.);
#6813=ORIENTED_EDGE('',*,*,#4705,.T.);
#6814=ORIENTED_EDGE('',*,*,#4907,.T.);
#6815=ORIENTED_EDGE('',*,*,#4909,.T.);
#6816=ORIENTED_EDGE('',*,*,#4847,.T.);
#6817=ORIENTED_EDGE('',*,*,#4867,.T.);
#6818=ORIENTED_EDGE('',*,*,#4850,.T.);
#6819=ORIENTED_EDGE('',*,*,#4842,.T.);
#6820=ORIENTED_EDGE('',*,*,#4838,.T.);
#6821=ORIENTED_EDGE('',*,*,#4853,.T.);
#6822=ORIENTED_EDGE('',*,*,#5044,.F.);
#6823=ORIENTED_EDGE('',*,*,#4738,.F.);
#6824=ORIENTED_EDGE('',*,*,#4999,.F.);
#6825=ORIENTED_EDGE('',*,*,#4910,.T.);
#6826=ORIENTED_EDGE('',*,*,#4702,.F.);
#6827=ORIENTED_EDGE('',*,*,#4739,.T.);
#6828=ORIENTED_EDGE('',*,*,#5044,.T.);
#6829=ORIENTED_EDGE('',*,*,#4701,.T.);
#6830=ORIENTED_EDGE('',*,*,#4734,.T.);
#6831=ORIENTED_EDGE('',*,*,#4648,.T.);
#6832=ORIENTED_EDGE('',*,*,#4732,.T.);
#6833=ORIENTED_EDGE('',*,*,#5045,.F.);
#6834=ORIENTED_EDGE('',*,*,#5002,.T.);
#6835=ORIENTED_EDGE('',*,*,#5000,.F.);
#6836=ORIENTED_EDGE('',*,*,#5046,.T.);
#6837=ORIENTED_EDGE('',*,*,#5003,.T.);
#6838=ORIENTED_EDGE('',*,*,#5045,.T.);
#6839=ORIENTED_EDGE('',*,*,#4731,.T.);
#6840=ORIENTED_EDGE('',*,*,#5009,.F.);
#6841=ORIENTED_EDGE('',*,*,#5020,.F.);
#6842=ORIENTED_EDGE('',*,*,#5004,.T.);
#6843=ORIENTED_EDGE('',*,*,#5046,.F.);
#6844=ORIENTED_EDGE('',*,*,#4730,.T.);
#6845=ORIENTED_EDGE('',*,*,#5047,.T.);
#6846=ORIENTED_EDGE('',*,*,#5047,.F.);
#6847=ORIENTED_EDGE('',*,*,#4729,.F.);
#6848=ORIENTED_EDGE('',*,*,#5048,.T.);
#6849=ORIENTED_EDGE('',*,*,#5012,.F.);
#6850=ORIENTED_EDGE('',*,*,#5006,.F.);
#6851=ORIENTED_EDGE('',*,*,#4728,.F.);
#6852=ORIENTED_EDGE('',*,*,#5049,.T.);
#6853=ORIENTED_EDGE('',*,*,#5013,.T.);
#6854=ORIENTED_EDGE('',*,*,#5048,.F.);
#6855=ORIENTED_EDGE('',*,*,#5014,.T.);
#6856=ORIENTED_EDGE('',*,*,#5049,.F.);
#6857=ORIENTED_EDGE('',*,*,#4727,.T.);
#6858=ORIENTED_EDGE('',*,*,#5050,.T.);
#6859=ORIENTED_EDGE('',*,*,#4726,.T.);
#6860=ORIENTED_EDGE('',*,*,#5051,.T.);
#6861=ORIENTED_EDGE('',*,*,#5015,.F.);
#6862=ORIENTED_EDGE('',*,*,#5050,.F.);
#6863=ORIENTED_EDGE('',*,*,#5016,.T.);
#6864=ORIENTED_EDGE('',*,*,#5051,.F.);
#6865=ORIENTED_EDGE('',*,*,#4725,.T.);
#6866=ORIENTED_EDGE('',*,*,#5052,.T.);
#6867=ORIENTED_EDGE('',*,*,#5024,.F.);
#6868=ORIENTED_EDGE('',*,*,#5025,.F.);
#6869=ORIENTED_EDGE('',*,*,#5052,.F.);
#6870=ORIENTED_EDGE('',*,*,#4724,.F.);
#6871=ORIENTED_EDGE('',*,*,#5053,.T.);
#6872=ORIENTED_EDGE('',*,*,#5027,.F.);
#6873=ORIENTED_EDGE('',*,*,#5022,.F.);
#6874=ORIENTED_EDGE('',*,*,#5053,.F.);
#6875=ORIENTED_EDGE('',*,*,#4723,.F.);
#6876=ORIENTED_EDGE('',*,*,#5054,.F.);
#6877=ORIENTED_EDGE('',*,*,#5028,.F.);
#6878=ORIENTED_EDGE('',*,*,#5055,.T.);
#6879=ORIENTED_EDGE('',*,*,#4716,.T.);
#6880=ORIENTED_EDGE('',*,*,#4936,.F.);
#6881=ORIENTED_EDGE('',*,*,#5056,.T.);
#6882=ORIENTED_EDGE('',*,*,#4822,.T.);
#6883=ORIENTED_EDGE('',*,*,#4821,.F.);
#6884=ORIENTED_EDGE('',*,*,#4817,.F.);
#6885=ORIENTED_EDGE('',*,*,#4717,.F.);
#6886=ORIENTED_EDGE('',*,*,#5055,.F.);
#6887=ORIENTED_EDGE('',*,*,#4771,.T.);
#6888=ORIENTED_EDGE('',*,*,#5057,.T.);
#6889=ORIENTED_EDGE('',*,*,#5058,.F.);
#6890=ORIENTED_EDGE('',*,*,#4721,.F.);
#6891=ORIENTED_EDGE('',*,*,#5054,.T.);
#6892=ORIENTED_EDGE('',*,*,#4722,.F.);
#6893=ORIENTED_EDGE('',*,*,#5058,.T.);
#6894=ORIENTED_EDGE('',*,*,#5059,.T.);
#6895=ORIENTED_EDGE('',*,*,#5060,.T.);
#6896=ORIENTED_EDGE('',*,*,#5029,.F.);
#6897=ORIENTED_EDGE('',*,*,#4781,.T.);
#6898=ORIENTED_EDGE('',*,*,#4810,.F.);
#6899=ORIENTED_EDGE('',*,*,#5031,.F.);
#6900=ORIENTED_EDGE('',*,*,#5030,.F.);
#6901=ORIENTED_EDGE('',*,*,#5060,.F.);
#6902=ORIENTED_EDGE('',*,*,#5061,.T.);
#6903=ORIENTED_EDGE('',*,*,#4769,.T.);
#6904=ORIENTED_EDGE('',*,*,#4777,.T.);
#6905=ORIENTED_EDGE('',*,*,#4825,.T.);
#6906=ORIENTED_EDGE('',*,*,#4943,.F.);
#6907=ORIENTED_EDGE('',*,*,#5062,.F.);
#6908=ORIENTED_EDGE('',*,*,#4778,.T.);
#6909=ORIENTED_EDGE('',*,*,#5062,.T.);
#6910=ORIENTED_EDGE('',*,*,#4942,.T.);
#6911=ORIENTED_EDGE('',*,*,#4474,.F.);
#6912=ORIENTED_EDGE('',*,*,#5063,.T.);
#6913=ORIENTED_EDGE('',*,*,#4256,.F.);
#6914=ORIENTED_EDGE('',*,*,#4476,.F.);
#6915=ORIENTED_EDGE('',*,*,#4941,.F.);
#6916=ORIENTED_EDGE('',*,*,#5064,.T.);
#6917=ORIENTED_EDGE('',*,*,#4175,.F.);
#6918=ORIENTED_EDGE('',*,*,#4257,.F.);
#6919=ORIENTED_EDGE('',*,*,#5063,.F.);
#6920=ORIENTED_EDGE('',*,*,#4940,.T.);
#6921=ORIENTED_EDGE('',*,*,#5064,.F.);
#6922=ORIENTED_EDGE('',*,*,#4939,.F.);
#6923=ORIENTED_EDGE('',*,*,#5065,.F.);
#6924=ORIENTED_EDGE('',*,*,#4176,.F.);
#6925=ORIENTED_EDGE('',*,*,#4938,.F.);
#6926=ORIENTED_EDGE('',*,*,#5066,.F.);
#6927=ORIENTED_EDGE('',*,*,#4177,.F.);
#6928=ORIENTED_EDGE('',*,*,#5065,.T.);
#6929=ORIENTED_EDGE('',*,*,#5066,.T.);
#6930=ORIENTED_EDGE('',*,*,#4937,.F.);
#6931=ORIENTED_EDGE('',*,*,#4712,.F.);
#6932=ORIENTED_EDGE('',*,*,#4178,.F.);
#6933=ORIENTED_EDGE('',*,*,#4944,.F.);
#6934=ORIENTED_EDGE('',*,*,#4823,.F.);
#6935=ORIENTED_EDGE('',*,*,#5056,.F.);
#6936=ORIENTED_EDGE('',*,*,#4935,.F.);
#6937=ORIENTED_EDGE('',*,*,#4770,.T.);
#6938=ORIENTED_EDGE('',*,*,#5061,.F.);
#6939=ORIENTED_EDGE('',*,*,#5059,.F.);
#6940=ORIENTED_EDGE('',*,*,#5057,.F.);
#6941=ORIENTED_EDGE('',*,*,#4413,.T.);
#6942=ORIENTED_EDGE('',*,*,#4961,.F.);
#6943=ORIENTED_EDGE('',*,*,#5019,.T.);
#6944=ORIENTED_EDGE('',*,*,#4978,.T.);
#6945=ORIENTED_EDGE('',*,*,#5067,.F.);
#6946=ORIENTED_EDGE('',*,*,#4183,.T.);
#6947=ORIENTED_EDGE('',*,*,#5068,.F.);
#6948=ORIENTED_EDGE('',*,*,#4626,.F.);
#6949=ORIENTED_EDGE('',*,*,#5069,.T.);
#6950=ORIENTED_EDGE('',*,*,#4622,.F.);
#6951=ORIENTED_EDGE('',*,*,#4632,.T.);
#6952=ORIENTED_EDGE('',*,*,#4184,.T.);
#6953=ORIENTED_EDGE('',*,*,#5067,.T.);
#6954=ORIENTED_EDGE('',*,*,#4635,.T.);
#6955=ORIENTED_EDGE('',*,*,#5068,.T.);
#6956=ORIENTED_EDGE('',*,*,#4182,.T.);
#6957=ORIENTED_EDGE('',*,*,#4411,.F.);
#6958=ORIENTED_EDGE('',*,*,#5070,.F.);
#6959=ORIENTED_EDGE('',*,*,#4364,.F.);
#6960=ORIENTED_EDGE('',*,*,#4359,.F.);
#6961=ORIENTED_EDGE('',*,*,#4973,.F.);
#6962=ORIENTED_EDGE('',*,*,#4962,.F.);
#6963=ORIENTED_EDGE('',*,*,#4221,.T.);
#6964=ORIENTED_EDGE('',*,*,#5071,.T.);
#6965=ORIENTED_EDGE('',*,*,#5072,.T.);
#6966=ORIENTED_EDGE('',*,*,#4242,.F.);
#6967=ORIENTED_EDGE('',*,*,#4200,.T.);
#6968=ORIENTED_EDGE('',*,*,#4227,.T.);
#6969=ORIENTED_EDGE('',*,*,#4266,.F.);
#6970=ORIENTED_EDGE('',*,*,#4232,.F.);
#6971=ORIENTED_EDGE('',*,*,#5073,.F.);
#6972=ORIENTED_EDGE('',*,*,#4224,.F.);
#6973=ORIENTED_EDGE('',*,*,#5074,.T.);
#6974=ORIENTED_EDGE('',*,*,#4235,.F.);
#6975=ORIENTED_EDGE('',*,*,#4272,.F.);
#6976=ORIENTED_EDGE('',*,*,#5075,.F.);
#6977=ORIENTED_EDGE('',*,*,#5076,.T.);
#6978=ORIENTED_EDGE('',*,*,#4193,.T.);
#6979=ORIENTED_EDGE('',*,*,#4280,.F.);
#6980=ORIENTED_EDGE('',*,*,#4238,.F.);
#6981=ORIENTED_EDGE('',*,*,#5077,.T.);
#6982=ORIENTED_EDGE('',*,*,#4171,.T.);
#6983=ORIENTED_EDGE('',*,*,#4194,.T.);
#6984=ORIENTED_EDGE('',*,*,#5076,.F.);
#6985=ORIENTED_EDGE('',*,*,#4241,.F.);
#6986=ORIENTED_EDGE('',*,*,#4415,.T.);
#6987=ORIENTED_EDGE('',*,*,#4166,.T.);
#6988=ORIENTED_EDGE('',*,*,#5077,.F.);
#6989=ORIENTED_EDGE('',*,*,#4243,.F.);
#6990=ORIENTED_EDGE('',*,*,#5078,.T.);
#6991=ORIENTED_EDGE('',*,*,#4168,.F.);
#6992=ORIENTED_EDGE('',*,*,#4416,.F.);
#6993=ORIENTED_EDGE('',*,*,#5072,.F.);
#6994=ORIENTED_EDGE('',*,*,#5079,.T.);
#6995=ORIENTED_EDGE('',*,*,#4172,.T.);
#6996=ORIENTED_EDGE('',*,*,#4169,.F.);
#6997=ORIENTED_EDGE('',*,*,#5078,.F.);
#6998=ORIENTED_EDGE('',*,*,#5080,.F.);
#6999=ORIENTED_EDGE('',*,*,#4258,.T.);
#7000=ORIENTED_EDGE('',*,*,#4173,.T.);
#7001=ORIENTED_EDGE('',*,*,#5079,.F.);
#7002=ORIENTED_EDGE('',*,*,#5069,.F.);
#7003=ORIENTED_EDGE('',*,*,#4629,.T.);
#7004=ORIENTED_EDGE('',*,*,#4928,.T.);
#7005=ORIENTED_EDGE('',*,*,#4913,.T.);
#7006=ORIENTED_EDGE('',*,*,#4709,.F.);
#7007=ORIENTED_EDGE('',*,*,#4927,.F.);
#7008=ORIENTED_EDGE('',*,*,#4919,.F.);
#7009=ORIENTED_EDGE('',*,*,#4623,.T.);
#7010=ORIENTED_EDGE('',*,*,#4925,.T.);
#7011=ORIENTED_EDGE('',*,*,#4347,.F.);
#7012=ORIENTED_EDGE('',*,*,#5081,.T.);
#7013=ORIENTED_EDGE('',*,*,#5082,.F.);
#7014=ORIENTED_EDGE('',*,*,#5083,.F.);
#7015=ORIENTED_EDGE('',*,*,#5084,.F.);
#7016=ORIENTED_EDGE('',*,*,#5085,.F.);
#7017=ORIENTED_EDGE('',*,*,#5086,.F.);
#7018=ORIENTED_EDGE('',*,*,#5087,.F.);
#7019=ORIENTED_EDGE('',*,*,#5088,.F.);
#7020=ORIENTED_EDGE('',*,*,#5089,.T.);
#7021=ORIENTED_EDGE('',*,*,#5038,.F.);
#7022=ORIENTED_EDGE('',*,*,#5037,.F.);
#7023=ORIENTED_EDGE('',*,*,#5036,.T.);
#7024=ORIENTED_EDGE('',*,*,#5042,.F.);
#7025=ORIENTED_EDGE('',*,*,#5041,.T.);
#7026=ORIENTED_EDGE('',*,*,#4223,.T.);
#7027=ORIENTED_EDGE('',*,*,#4239,.T.);
#7028=ORIENTED_EDGE('',*,*,#5075,.T.);
#7029=ORIENTED_EDGE('',*,*,#4279,.T.);
#7030=ORIENTED_EDGE('',*,*,#4236,.T.);
#7031=ORIENTED_EDGE('',*,*,#5074,.F.);
#7032=ORIENTED_EDGE('',*,*,#4228,.F.);
#7033=ORIENTED_EDGE('',*,*,#5073,.T.);
#7034=ORIENTED_EDGE('',*,*,#4231,.F.);
#7035=ORIENTED_EDGE('',*,*,#4259,.F.);
#7036=ORIENTED_EDGE('',*,*,#5080,.T.);
#7037=ORIENTED_EDGE('',*,*,#5071,.F.);
#7038=ORIENTED_EDGE('',*,*,#5090,.T.);
#7039=ORIENTED_EDGE('',*,*,#5091,.T.);
#7040=ORIENTED_EDGE('',*,*,#4311,.F.);
#7041=ORIENTED_EDGE('',*,*,#5091,.F.);
#7042=ORIENTED_EDGE('',*,*,#4300,.F.);
#7043=ORIENTED_EDGE('',*,*,#5092,.T.);
#7044=ORIENTED_EDGE('',*,*,#5093,.T.);
#7045=ORIENTED_EDGE('',*,*,#5094,.F.);
#7046=ORIENTED_EDGE('',*,*,#5095,.F.);
#7047=ORIENTED_EDGE('',*,*,#5096,.F.);
#7048=ORIENTED_EDGE('',*,*,#5097,.F.);
#7049=ORIENTED_EDGE('',*,*,#4301,.F.);
#7050=ORIENTED_EDGE('',*,*,#5096,.T.);
#7051=ORIENTED_EDGE('',*,*,#5098,.F.);
#7052=ORIENTED_EDGE('',*,*,#5097,.T.);
#7053=ORIENTED_EDGE('',*,*,#5099,.T.);
#7054=ORIENTED_EDGE('',*,*,#5100,.F.);
#7055=ORIENTED_EDGE('',*,*,#4302,.F.);
#7056=ORIENTED_EDGE('',*,*,#5100,.T.);
#7057=ORIENTED_EDGE('',*,*,#5101,.F.);
#7058=ORIENTED_EDGE('',*,*,#5102,.F.);
#7059=ORIENTED_EDGE('',*,*,#4303,.F.);
#7060=ORIENTED_EDGE('',*,*,#4304,.F.);
#7061=ORIENTED_EDGE('',*,*,#5102,.T.);
#7062=ORIENTED_EDGE('',*,*,#5103,.F.);
#7063=ORIENTED_EDGE('',*,*,#5104,.T.);
#7064=ORIENTED_EDGE('',*,*,#4390,.F.);
#7065=ORIENTED_EDGE('',*,*,#5105,.F.);
#7066=ORIENTED_EDGE('',*,*,#5106,.F.);
#7067=ORIENTED_EDGE('',*,*,#5107,.F.);
#7068=ORIENTED_EDGE('',*,*,#5108,.T.);
#7069=ORIENTED_EDGE('',*,*,#4305,.T.);
#7070=ORIENTED_EDGE('',*,*,#5107,.T.);
#7071=ORIENTED_EDGE('',*,*,#5109,.T.);
#7072=ORIENTED_EDGE('',*,*,#5110,.F.);
#7073=ORIENTED_EDGE('',*,*,#4306,.T.);
#7074=ORIENTED_EDGE('',*,*,#5108,.F.);
#7075=ORIENTED_EDGE('',*,*,#5111,.T.);
#7076=ORIENTED_EDGE('',*,*,#5112,.F.);
#7077=ORIENTED_EDGE('',*,*,#4388,.T.);
#7078=ORIENTED_EDGE('',*,*,#5113,.T.);
#7079=ORIENTED_EDGE('',*,*,#4307,.T.);
#7080=ORIENTED_EDGE('',*,*,#5110,.T.);
#7081=ORIENTED_EDGE('',*,*,#4387,.T.);
#7082=ORIENTED_EDGE('',*,*,#5114,.T.);
#7083=ORIENTED_EDGE('',*,*,#4308,.T.);
#7084=ORIENTED_EDGE('',*,*,#5113,.F.);
#7085=ORIENTED_EDGE('',*,*,#4386,.F.);
#7086=ORIENTED_EDGE('',*,*,#5114,.F.);
#7087=ORIENTED_EDGE('',*,*,#4385,.T.);
#7088=ORIENTED_EDGE('',*,*,#4342,.T.);
#7089=ORIENTED_EDGE('',*,*,#4309,.T.);
#7090=ORIENTED_EDGE('',*,*,#4363,.T.);
#7091=ORIENTED_EDGE('',*,*,#5115,.T.);
#7092=ORIENTED_EDGE('',*,*,#5116,.T.);
#7093=ORIENTED_EDGE('',*,*,#4403,.T.);
#7094=ORIENTED_EDGE('',*,*,#5117,.T.);
#7095=ORIENTED_EDGE('',*,*,#4291,.T.);
#7096=ORIENTED_EDGE('',*,*,#4980,.T.);
#7097=ORIENTED_EDGE('',*,*,#4352,.T.);
#7098=ORIENTED_EDGE('',*,*,#5118,.F.);
#7099=ORIENTED_EDGE('',*,*,#4292,.T.);
#7100=ORIENTED_EDGE('',*,*,#5117,.F.);
#7101=ORIENTED_EDGE('',*,*,#4402,.T.);
#7102=ORIENTED_EDGE('',*,*,#5118,.T.);
#7103=ORIENTED_EDGE('',*,*,#4401,.T.);
#7104=ORIENTED_EDGE('',*,*,#5119,.F.);
#7105=ORIENTED_EDGE('',*,*,#4293,.F.);
#7106=ORIENTED_EDGE('',*,*,#5119,.T.);
#7107=ORIENTED_EDGE('',*,*,#4400,.F.);
#7108=ORIENTED_EDGE('',*,*,#5120,.T.);
#7109=ORIENTED_EDGE('',*,*,#5121,.F.);
#7110=ORIENTED_EDGE('',*,*,#5122,.T.);
#7111=ORIENTED_EDGE('',*,*,#4294,.T.);
#7112=ORIENTED_EDGE('',*,*,#5122,.F.);
#7113=ORIENTED_EDGE('',*,*,#5123,.F.);
#7114=ORIENTED_EDGE('',*,*,#5124,.F.);
#7115=ORIENTED_EDGE('',*,*,#4295,.F.);
#7116=ORIENTED_EDGE('',*,*,#4398,.T.);
#7117=ORIENTED_EDGE('',*,*,#5125,.F.);
#7118=ORIENTED_EDGE('',*,*,#5126,.T.);
#7119=ORIENTED_EDGE('',*,*,#5127,.F.);
#7120=ORIENTED_EDGE('',*,*,#4296,.T.);
#7121=ORIENTED_EDGE('',*,*,#5124,.T.);
#7122=ORIENTED_EDGE('',*,*,#5128,.T.);
#7123=ORIENTED_EDGE('',*,*,#5129,.T.);
#7124=ORIENTED_EDGE('',*,*,#5130,.T.);
#7125=ORIENTED_EDGE('',*,*,#4297,.T.);
#7126=ORIENTED_EDGE('',*,*,#5127,.T.);
#7127=ORIENTED_EDGE('',*,*,#5131,.T.);
#7128=ORIENTED_EDGE('',*,*,#5132,.T.);
#7129=ORIENTED_EDGE('',*,*,#4298,.T.);
#7130=ORIENTED_EDGE('',*,*,#5130,.F.);
#7131=ORIENTED_EDGE('',*,*,#5133,.F.);
#7132=ORIENTED_EDGE('',*,*,#5132,.F.);
#7133=ORIENTED_EDGE('',*,*,#5134,.T.);
#7134=ORIENTED_EDGE('',*,*,#5092,.F.);
#7135=ORIENTED_EDGE('',*,*,#4299,.T.);
#7136=ORIENTED_EDGE('',*,*,#5135,.F.);
#7137=ORIENTED_EDGE('',*,*,#5136,.T.);
#7138=ORIENTED_EDGE('',*,*,#4310,.F.);
#7139=ORIENTED_EDGE('',*,*,#5136,.F.);
#7140=ORIENTED_EDGE('',*,*,#5137,.F.);
#7141=ORIENTED_EDGE('',*,*,#5138,.F.);
#7142=ORIENTED_EDGE('',*,*,#5082,.T.);
#7143=ORIENTED_EDGE('',*,*,#5139,.F.);
#7144=ORIENTED_EDGE('',*,*,#5140,.F.);
#7145=ORIENTED_EDGE('',*,*,#4382,.T.);
#7146=ORIENTED_EDGE('',*,*,#5141,.F.);
#7147=ORIENTED_EDGE('',*,*,#5083,.T.);
#7148=ORIENTED_EDGE('',*,*,#5138,.T.);
#7149=ORIENTED_EDGE('',*,*,#5084,.T.);
#7150=ORIENTED_EDGE('',*,*,#5142,.T.);
#7151=ORIENTED_EDGE('',*,*,#5143,.T.);
#7152=ORIENTED_EDGE('',*,*,#5144,.T.);
#7153=ORIENTED_EDGE('',*,*,#5085,.T.);
#7154=ORIENTED_EDGE('',*,*,#5086,.T.);
#7155=ORIENTED_EDGE('',*,*,#5144,.F.);
#7156=ORIENTED_EDGE('',*,*,#5145,.F.);
#7157=ORIENTED_EDGE('',*,*,#5146,.F.);
#7158=ORIENTED_EDGE('',*,*,#5147,.F.);
#7159=ORIENTED_EDGE('',*,*,#5148,.F.);
#7160=ORIENTED_EDGE('',*,*,#4159,.T.);
#7161=ORIENTED_EDGE('',*,*,#5149,.T.);
#7162=ORIENTED_EDGE('',*,*,#5088,.T.);
#7163=ORIENTED_EDGE('',*,*,#5087,.T.);
#7164=ORIENTED_EDGE('',*,*,#5148,.T.);
#7165=ORIENTED_EDGE('',*,*,#5150,.T.);
#7166=ORIENTED_EDGE('',*,*,#5089,.F.);
#7167=ORIENTED_EDGE('',*,*,#5151,.F.);
#7168=ORIENTED_EDGE('',*,*,#4376,.F.);
#7169=ORIENTED_EDGE('',*,*,#4977,.F.);
#7170=ORIENTED_EDGE('',*,*,#5035,.F.);
#7171=ORIENTED_EDGE('',*,*,#5039,.F.);
#7172=ORIENTED_EDGE('',*,*,#5152,.T.);
#7173=ORIENTED_EDGE('',*,*,#5153,.F.);
#7174=ORIENTED_EDGE('',*,*,#5139,.T.);
#7175=ORIENTED_EDGE('',*,*,#5081,.F.);
#7176=ORIENTED_EDGE('',*,*,#5090,.F.);
#7177=ORIENTED_EDGE('',*,*,#5154,.F.);
#7178=ORIENTED_EDGE('',*,*,#5155,.F.);
#7179=ORIENTED_EDGE('',*,*,#5156,.F.);
#7180=ORIENTED_EDGE('',*,*,#5093,.F.);
#7181=ORIENTED_EDGE('',*,*,#5134,.F.);
#7182=ORIENTED_EDGE('',*,*,#5094,.T.);
#7183=ORIENTED_EDGE('',*,*,#5157,.F.);
#7184=ORIENTED_EDGE('',*,*,#4394,.F.);
#7185=ORIENTED_EDGE('',*,*,#5158,.T.);
#7186=ORIENTED_EDGE('',*,*,#5159,.F.);
#7187=ORIENTED_EDGE('',*,*,#5098,.T.);
#7188=ORIENTED_EDGE('',*,*,#5095,.T.);
#7189=ORIENTED_EDGE('',*,*,#5160,.T.);
#7190=ORIENTED_EDGE('',*,*,#5159,.T.);
#7191=ORIENTED_EDGE('',*,*,#5161,.T.);
#7192=ORIENTED_EDGE('',*,*,#5162,.F.);
#7193=ORIENTED_EDGE('',*,*,#5099,.F.);
#7194=ORIENTED_EDGE('',*,*,#5162,.T.);
#7195=ORIENTED_EDGE('',*,*,#5163,.T.);
#7196=ORIENTED_EDGE('',*,*,#5103,.T.);
#7197=ORIENTED_EDGE('',*,*,#5101,.T.);
#7198=ORIENTED_EDGE('',*,*,#5164,.T.);
#7199=ORIENTED_EDGE('',*,*,#4391,.F.);
#7200=ORIENTED_EDGE('',*,*,#5104,.F.);
#7201=ORIENTED_EDGE('',*,*,#5163,.F.);
#7202=ORIENTED_EDGE('',*,*,#5105,.T.);
#7203=ORIENTED_EDGE('',*,*,#4389,.T.);
#7204=ORIENTED_EDGE('',*,*,#5112,.T.);
#7205=ORIENTED_EDGE('',*,*,#5165,.T.);
#7206=ORIENTED_EDGE('',*,*,#5106,.T.);
#7207=ORIENTED_EDGE('',*,*,#5165,.F.);
#7208=ORIENTED_EDGE('',*,*,#5111,.F.);
#7209=ORIENTED_EDGE('',*,*,#5109,.F.);
#7210=ORIENTED_EDGE('',*,*,#4344,.F.);
#7211=ORIENTED_EDGE('',*,*,#4384,.F.);
#7212=ORIENTED_EDGE('',*,*,#5152,.F.);
#7213=ORIENTED_EDGE('',*,*,#4346,.T.);
#7214=ORIENTED_EDGE('',*,*,#5115,.F.);
#7215=ORIENTED_EDGE('',*,*,#4372,.T.);
#7216=ORIENTED_EDGE('',*,*,#5166,.F.);
#7217=ORIENTED_EDGE('',*,*,#5167,.T.);
#7218=ORIENTED_EDGE('',*,*,#5116,.F.);
#7219=ORIENTED_EDGE('',*,*,#5167,.F.);
#7220=ORIENTED_EDGE('',*,*,#5168,.F.);
#7221=ORIENTED_EDGE('',*,*,#5169,.F.);
#7222=ORIENTED_EDGE('',*,*,#4404,.F.);
#7223=ORIENTED_EDGE('',*,*,#5129,.F.);
#7224=ORIENTED_EDGE('',*,*,#5170,.F.);
#7225=ORIENTED_EDGE('',*,*,#5120,.F.);
#7226=ORIENTED_EDGE('',*,*,#4399,.F.);
#7227=ORIENTED_EDGE('',*,*,#5121,.T.);
#7228=ORIENTED_EDGE('',*,*,#5170,.T.);
#7229=ORIENTED_EDGE('',*,*,#5128,.F.);
#7230=ORIENTED_EDGE('',*,*,#5123,.T.);
#7231=ORIENTED_EDGE('',*,*,#5171,.T.);
#7232=ORIENTED_EDGE('',*,*,#5172,.T.);
#7233=ORIENTED_EDGE('',*,*,#5125,.T.);
#7234=ORIENTED_EDGE('',*,*,#4397,.T.);
#7235=ORIENTED_EDGE('',*,*,#5173,.T.);
#7236=ORIENTED_EDGE('',*,*,#5131,.F.);
#7237=ORIENTED_EDGE('',*,*,#5126,.F.);
#7238=ORIENTED_EDGE('',*,*,#5172,.F.);
#7239=ORIENTED_EDGE('',*,*,#5155,.T.);
#7240=ORIENTED_EDGE('',*,*,#5133,.T.);
#7241=ORIENTED_EDGE('',*,*,#5173,.F.);
#7242=ORIENTED_EDGE('',*,*,#5174,.F.);
#7243=ORIENTED_EDGE('',*,*,#5135,.T.);
#7244=ORIENTED_EDGE('',*,*,#5175,.F.);
#7245=ORIENTED_EDGE('',*,*,#4383,.T.);
#7246=ORIENTED_EDGE('',*,*,#5140,.T.);
#7247=ORIENTED_EDGE('',*,*,#5137,.T.);
#7248=ORIENTED_EDGE('',*,*,#5153,.T.);
#7249=ORIENTED_EDGE('',*,*,#5142,.F.);
#7250=ORIENTED_EDGE('',*,*,#5141,.T.);
#7251=ORIENTED_EDGE('',*,*,#4381,.T.);
#7252=ORIENTED_EDGE('',*,*,#5176,.T.);
#7253=ORIENTED_EDGE('',*,*,#5176,.F.);
#7254=ORIENTED_EDGE('',*,*,#4380,.T.);
#7255=ORIENTED_EDGE('',*,*,#5177,.F.);
#7256=ORIENTED_EDGE('',*,*,#5145,.T.);
#7257=ORIENTED_EDGE('',*,*,#5143,.F.);
#7258=ORIENTED_EDGE('',*,*,#5146,.T.);
#7259=ORIENTED_EDGE('',*,*,#5177,.T.);
#7260=ORIENTED_EDGE('',*,*,#4379,.F.);
#7261=ORIENTED_EDGE('',*,*,#5178,.F.);
#7262=ORIENTED_EDGE('',*,*,#5150,.F.);
#7263=ORIENTED_EDGE('',*,*,#5147,.T.);
#7264=ORIENTED_EDGE('',*,*,#5178,.T.);
#7265=ORIENTED_EDGE('',*,*,#4378,.F.);
#7266=ORIENTED_EDGE('',*,*,#4377,.T.);
#7267=ORIENTED_EDGE('',*,*,#5151,.T.);
#7268=ORIENTED_EDGE('',*,*,#5149,.F.);
#7269=ORIENTED_EDGE('',*,*,#4452,.F.);
#7270=ORIENTED_EDGE('',*,*,#5179,.T.);
#7271=ORIENTED_EDGE('',*,*,#5154,.T.);
#7272=ORIENTED_EDGE('',*,*,#5179,.F.);
#7273=ORIENTED_EDGE('',*,*,#5180,.T.);
#7274=ORIENTED_EDGE('',*,*,#5181,.T.);
#7275=ORIENTED_EDGE('',*,*,#4418,.T.);
#7276=ORIENTED_EDGE('',*,*,#5181,.F.);
#7277=ORIENTED_EDGE('',*,*,#4417,.F.);
#7278=ORIENTED_EDGE('',*,*,#5182,.T.);
#7279=ORIENTED_EDGE('',*,*,#5183,.F.);
#7280=ORIENTED_EDGE('',*,*,#5182,.F.);
#7281=ORIENTED_EDGE('',*,*,#5184,.T.);
#7282=ORIENTED_EDGE('',*,*,#5185,.T.);
#7283=ORIENTED_EDGE('',*,*,#4442,.F.);
#7284=ORIENTED_EDGE('',*,*,#5186,.F.);
#7285=ORIENTED_EDGE('',*,*,#5187,.T.);
#7286=ORIENTED_EDGE('',*,*,#5188,.T.);
#7287=ORIENTED_EDGE('',*,*,#4443,.F.);
#7288=ORIENTED_EDGE('',*,*,#5185,.F.);
#7289=ORIENTED_EDGE('',*,*,#5189,.T.);
#7290=ORIENTED_EDGE('',*,*,#5190,.T.);
#7291=ORIENTED_EDGE('',*,*,#4444,.F.);
#7292=ORIENTED_EDGE('',*,*,#5188,.F.);
#7293=ORIENTED_EDGE('',*,*,#5191,.T.);
#7294=ORIENTED_EDGE('',*,*,#5192,.T.);
#7295=ORIENTED_EDGE('',*,*,#4445,.F.);
#7296=ORIENTED_EDGE('',*,*,#5190,.F.);
#7297=ORIENTED_EDGE('',*,*,#5193,.T.);
#7298=ORIENTED_EDGE('',*,*,#5194,.T.);
#7299=ORIENTED_EDGE('',*,*,#4446,.F.);
#7300=ORIENTED_EDGE('',*,*,#5192,.F.);
#7301=ORIENTED_EDGE('',*,*,#5195,.T.);
#7302=ORIENTED_EDGE('',*,*,#5196,.T.);
#7303=ORIENTED_EDGE('',*,*,#4447,.F.);
#7304=ORIENTED_EDGE('',*,*,#5194,.F.);
#7305=ORIENTED_EDGE('',*,*,#5197,.T.);
#7306=ORIENTED_EDGE('',*,*,#5198,.T.);
#7307=ORIENTED_EDGE('',*,*,#4448,.F.);
#7308=ORIENTED_EDGE('',*,*,#5196,.F.);
#7309=ORIENTED_EDGE('',*,*,#5199,.T.);
#7310=ORIENTED_EDGE('',*,*,#5200,.T.);
#7311=ORIENTED_EDGE('',*,*,#4449,.F.);
#7312=ORIENTED_EDGE('',*,*,#5198,.F.);
#7313=ORIENTED_EDGE('',*,*,#5201,.T.);
#7314=ORIENTED_EDGE('',*,*,#5202,.T.);
#7315=ORIENTED_EDGE('',*,*,#4450,.F.);
#7316=ORIENTED_EDGE('',*,*,#5200,.F.);
#7317=ORIENTED_EDGE('',*,*,#5203,.T.);
#7318=ORIENTED_EDGE('',*,*,#5186,.T.);
#7319=ORIENTED_EDGE('',*,*,#4451,.F.);
#7320=ORIENTED_EDGE('',*,*,#5202,.F.);
#7321=ORIENTED_EDGE('',*,*,#5204,.T.);
#7322=ORIENTED_EDGE('',*,*,#5205,.T.);
#7323=ORIENTED_EDGE('',*,*,#4438,.F.);
#7324=ORIENTED_EDGE('',*,*,#5206,.F.);
#7325=ORIENTED_EDGE('',*,*,#5207,.T.);
#7326=ORIENTED_EDGE('',*,*,#5208,.T.);
#7327=ORIENTED_EDGE('',*,*,#4439,.F.);
#7328=ORIENTED_EDGE('',*,*,#5205,.F.);
#7329=ORIENTED_EDGE('',*,*,#5209,.T.);
#7330=ORIENTED_EDGE('',*,*,#5210,.T.);
#7331=ORIENTED_EDGE('',*,*,#4440,.F.);
#7332=ORIENTED_EDGE('',*,*,#5208,.F.);
#7333=ORIENTED_EDGE('',*,*,#5211,.T.);
#7334=ORIENTED_EDGE('',*,*,#5206,.T.);
#7335=ORIENTED_EDGE('',*,*,#4441,.F.);
#7336=ORIENTED_EDGE('',*,*,#5210,.F.);
#7337=ORIENTED_EDGE('',*,*,#5212,.T.);
#7338=ORIENTED_EDGE('',*,*,#5213,.T.);
#7339=ORIENTED_EDGE('',*,*,#4434,.F.);
#7340=ORIENTED_EDGE('',*,*,#5214,.F.);
#7341=ORIENTED_EDGE('',*,*,#5215,.T.);
#7342=ORIENTED_EDGE('',*,*,#5216,.T.);
#7343=ORIENTED_EDGE('',*,*,#4435,.F.);
#7344=ORIENTED_EDGE('',*,*,#5213,.F.);
#7345=ORIENTED_EDGE('',*,*,#5217,.T.);
#7346=ORIENTED_EDGE('',*,*,#5218,.T.);
#7347=ORIENTED_EDGE('',*,*,#4436,.F.);
#7348=ORIENTED_EDGE('',*,*,#5216,.F.);
#7349=ORIENTED_EDGE('',*,*,#5219,.T.);
#7350=ORIENTED_EDGE('',*,*,#5214,.T.);
#7351=ORIENTED_EDGE('',*,*,#4437,.F.);
#7352=ORIENTED_EDGE('',*,*,#5218,.F.);
#7353=ORIENTED_EDGE('',*,*,#5220,.T.);
#7354=ORIENTED_EDGE('',*,*,#5221,.T.);
#7355=ORIENTED_EDGE('',*,*,#4424,.F.);
#7356=ORIENTED_EDGE('',*,*,#5222,.F.);
#7357=ORIENTED_EDGE('',*,*,#5223,.T.);
#7358=ORIENTED_EDGE('',*,*,#5224,.T.);
#7359=ORIENTED_EDGE('',*,*,#4425,.F.);
#7360=ORIENTED_EDGE('',*,*,#5221,.F.);
#7361=ORIENTED_EDGE('',*,*,#5225,.T.);
#7362=ORIENTED_EDGE('',*,*,#5226,.T.);
#7363=ORIENTED_EDGE('',*,*,#4426,.F.);
#7364=ORIENTED_EDGE('',*,*,#5224,.F.);
#7365=ORIENTED_EDGE('',*,*,#5227,.T.);
#7366=ORIENTED_EDGE('',*,*,#5228,.T.);
#7367=ORIENTED_EDGE('',*,*,#4427,.F.);
#7368=ORIENTED_EDGE('',*,*,#5226,.F.);
#7369=ORIENTED_EDGE('',*,*,#5229,.T.);
#7370=ORIENTED_EDGE('',*,*,#5230,.T.);
#7371=ORIENTED_EDGE('',*,*,#4428,.F.);
#7372=ORIENTED_EDGE('',*,*,#5228,.F.);
#7373=ORIENTED_EDGE('',*,*,#5231,.T.);
#7374=ORIENTED_EDGE('',*,*,#5232,.T.);
#7375=ORIENTED_EDGE('',*,*,#4429,.F.);
#7376=ORIENTED_EDGE('',*,*,#5230,.F.);
#7377=ORIENTED_EDGE('',*,*,#5233,.T.);
#7378=ORIENTED_EDGE('',*,*,#5234,.T.);
#7379=ORIENTED_EDGE('',*,*,#4430,.F.);
#7380=ORIENTED_EDGE('',*,*,#5232,.F.);
#7381=ORIENTED_EDGE('',*,*,#5235,.T.);
#7382=ORIENTED_EDGE('',*,*,#5236,.T.);
#7383=ORIENTED_EDGE('',*,*,#4431,.F.);
#7384=ORIENTED_EDGE('',*,*,#5234,.F.);
#7385=ORIENTED_EDGE('',*,*,#5237,.T.);
#7386=ORIENTED_EDGE('',*,*,#5238,.T.);
#7387=ORIENTED_EDGE('',*,*,#4432,.F.);
#7388=ORIENTED_EDGE('',*,*,#5236,.F.);
#7389=ORIENTED_EDGE('',*,*,#5239,.T.);
#7390=ORIENTED_EDGE('',*,*,#5222,.T.);
#7391=ORIENTED_EDGE('',*,*,#4433,.F.);
#7392=ORIENTED_EDGE('',*,*,#5238,.F.);
#7393=ORIENTED_EDGE('',*,*,#5240,.T.);
#7394=ORIENTED_EDGE('',*,*,#5241,.T.);
#7395=ORIENTED_EDGE('',*,*,#4420,.F.);
#7396=ORIENTED_EDGE('',*,*,#5242,.F.);
#7397=ORIENTED_EDGE('',*,*,#5243,.T.);
#7398=ORIENTED_EDGE('',*,*,#5244,.T.);
#7399=ORIENTED_EDGE('',*,*,#4421,.F.);
#7400=ORIENTED_EDGE('',*,*,#5241,.F.);
#7401=ORIENTED_EDGE('',*,*,#5245,.T.);
#7402=ORIENTED_EDGE('',*,*,#5246,.T.);
#7403=ORIENTED_EDGE('',*,*,#4422,.F.);
#7404=ORIENTED_EDGE('',*,*,#5244,.F.);
#7405=ORIENTED_EDGE('',*,*,#5247,.T.);
#7406=ORIENTED_EDGE('',*,*,#5242,.T.);
#7407=ORIENTED_EDGE('',*,*,#4423,.F.);
#7408=ORIENTED_EDGE('',*,*,#5246,.F.);
#7409=ORIENTED_EDGE('',*,*,#5248,.F.);
#7410=ORIENTED_EDGE('',*,*,#5160,.F.);
#7411=ORIENTED_EDGE('',*,*,#5158,.F.);
#7412=ORIENTED_EDGE('',*,*,#4393,.F.);
#7413=ORIENTED_EDGE('',*,*,#5249,.F.);
#7414=ORIENTED_EDGE('',*,*,#4395,.T.);
#7415=ORIENTED_EDGE('',*,*,#5157,.T.);
#7416=ORIENTED_EDGE('',*,*,#5156,.T.);
#7417=ORIENTED_EDGE('',*,*,#5249,.T.);
#7418=ORIENTED_EDGE('',*,*,#5174,.T.);
#7419=ORIENTED_EDGE('',*,*,#5171,.F.);
#7420=ORIENTED_EDGE('',*,*,#4396,.F.);
#7421=ORIENTED_EDGE('',*,*,#5250,.F.);
#7422=ORIENTED_EDGE('',*,*,#4405,.T.);
#7423=ORIENTED_EDGE('',*,*,#5169,.T.);
#7424=ORIENTED_EDGE('',*,*,#5251,.T.);
#7425=ORIENTED_EDGE('',*,*,#4370,.F.);
#7426=ORIENTED_EDGE('',*,*,#4406,.T.);
#7427=ORIENTED_EDGE('',*,*,#5250,.T.);
#7428=ORIENTED_EDGE('',*,*,#5252,.T.);
#7429=ORIENTED_EDGE('',*,*,#5253,.T.);
#7430=ORIENTED_EDGE('',*,*,#5254,.F.);
#7431=ORIENTED_EDGE('',*,*,#5255,.T.);
#7432=ORIENTED_EDGE('',*,*,#5256,.T.);
#7433=ORIENTED_EDGE('',*,*,#4407,.T.);
#7434=ORIENTED_EDGE('',*,*,#5253,.F.);
#7435=ORIENTED_EDGE('',*,*,#5257,.F.);
#7436=ORIENTED_EDGE('',*,*,#5258,.F.);
#7437=ORIENTED_EDGE('',*,*,#4408,.T.);
#7438=ORIENTED_EDGE('',*,*,#5256,.F.);
#7439=ORIENTED_EDGE('',*,*,#5259,.F.);
#7440=ORIENTED_EDGE('',*,*,#4409,.T.);
#7441=ORIENTED_EDGE('',*,*,#5258,.T.);
#7442=ORIENTED_EDGE('',*,*,#5260,.F.);
#7443=ORIENTED_EDGE('',*,*,#5261,.F.);
#7444=ORIENTED_EDGE('',*,*,#5070,.T.);
#7445=ORIENTED_EDGE('',*,*,#4410,.T.);
#7446=ORIENTED_EDGE('',*,*,#5248,.T.);
#7447=ORIENTED_EDGE('',*,*,#4392,.T.);
#7448=ORIENTED_EDGE('',*,*,#5164,.F.);
#7449=ORIENTED_EDGE('',*,*,#5161,.F.);
#7450=ORIENTED_EDGE('',*,*,#5175,.T.);
#7451=ORIENTED_EDGE('',*,*,#5262,.T.);
#7452=ORIENTED_EDGE('',*,*,#4419,.T.);
#7453=ORIENTED_EDGE('',*,*,#5262,.F.);
#7454=ORIENTED_EDGE('',*,*,#4365,.T.);
#7455=ORIENTED_EDGE('',*,*,#5261,.T.);
#7456=ORIENTED_EDGE('',*,*,#5259,.T.);
#7457=ORIENTED_EDGE('',*,*,#5263,.T.);
#7458=ORIENTED_EDGE('',*,*,#4366,.F.);
#7459=ORIENTED_EDGE('',*,*,#4367,.F.);
#7460=ORIENTED_EDGE('',*,*,#5263,.F.);
#7461=ORIENTED_EDGE('',*,*,#5260,.T.);
#7462=ORIENTED_EDGE('',*,*,#5257,.T.);
#7463=ORIENTED_EDGE('',*,*,#5255,.F.);
#7464=ORIENTED_EDGE('',*,*,#5264,.F.);
#7465=ORIENTED_EDGE('',*,*,#4562,.T.);
#7466=ORIENTED_EDGE('',*,*,#5252,.F.);
#7467=ORIENTED_EDGE('',*,*,#4369,.T.);
#7468=ORIENTED_EDGE('',*,*,#4368,.T.);
#7469=ORIENTED_EDGE('',*,*,#5264,.T.);
#7470=ORIENTED_EDGE('',*,*,#5254,.T.);
#7471=ORIENTED_EDGE('',*,*,#4371,.F.);
#7472=ORIENTED_EDGE('',*,*,#5251,.F.);
#7473=ORIENTED_EDGE('',*,*,#5168,.T.);
#7474=ORIENTED_EDGE('',*,*,#5166,.T.);
#7475=ORIENTED_EDGE('',*,*,#5180,.F.);
#7476=ORIENTED_EDGE('',*,*,#5183,.T.);
#7477=ORIENTED_EDGE('',*,*,#5203,.F.);
#7478=ORIENTED_EDGE('',*,*,#5201,.F.);
#7479=ORIENTED_EDGE('',*,*,#5199,.F.);
#7480=ORIENTED_EDGE('',*,*,#5197,.F.);
#7481=ORIENTED_EDGE('',*,*,#5195,.F.);
#7482=ORIENTED_EDGE('',*,*,#5193,.F.);
#7483=ORIENTED_EDGE('',*,*,#5191,.F.);
#7484=ORIENTED_EDGE('',*,*,#5189,.F.);
#7485=ORIENTED_EDGE('',*,*,#5187,.F.);
#7486=ORIENTED_EDGE('',*,*,#5184,.F.);
#7487=ORIENTED_EDGE('',*,*,#5211,.F.);
#7488=ORIENTED_EDGE('',*,*,#5209,.F.);
#7489=ORIENTED_EDGE('',*,*,#5207,.F.);
#7490=ORIENTED_EDGE('',*,*,#5204,.F.);
#7491=ORIENTED_EDGE('',*,*,#5219,.F.);
#7492=ORIENTED_EDGE('',*,*,#5217,.F.);
#7493=ORIENTED_EDGE('',*,*,#5215,.F.);
#7494=ORIENTED_EDGE('',*,*,#5212,.F.);
#7495=ORIENTED_EDGE('',*,*,#5239,.F.);
#7496=ORIENTED_EDGE('',*,*,#5237,.F.);
#7497=ORIENTED_EDGE('',*,*,#5235,.F.);
#7498=ORIENTED_EDGE('',*,*,#5233,.F.);
#7499=ORIENTED_EDGE('',*,*,#5231,.F.);
#7500=ORIENTED_EDGE('',*,*,#5229,.F.);
#7501=ORIENTED_EDGE('',*,*,#5227,.F.);
#7502=ORIENTED_EDGE('',*,*,#5225,.F.);
#7503=ORIENTED_EDGE('',*,*,#5223,.F.);
#7504=ORIENTED_EDGE('',*,*,#5220,.F.);
#7505=ORIENTED_EDGE('',*,*,#5247,.F.);
#7506=ORIENTED_EDGE('',*,*,#5245,.F.);
#7507=ORIENTED_EDGE('',*,*,#5243,.F.);
#7508=ORIENTED_EDGE('',*,*,#5240,.F.);
#7509=ORIENTED_EDGE('',*,*,#5265,.F.);
#7510=ORIENTED_EDGE('',*,*,#5266,.F.);
#7511=ORIENTED_EDGE('',*,*,#5267,.F.);
#7512=ORIENTED_EDGE('',*,*,#5268,.F.);
#7513=ORIENTED_EDGE('',*,*,#5269,.F.);
#7514=ORIENTED_EDGE('',*,*,#5270,.F.);
#7515=ORIENTED_EDGE('',*,*,#5271,.F.);
#7516=ORIENTED_EDGE('',*,*,#4315,.F.);
#7517=ORIENTED_EDGE('',*,*,#5272,.F.);
#7518=ORIENTED_EDGE('',*,*,#5271,.T.);
#7519=ORIENTED_EDGE('',*,*,#5273,.T.);
#7520=ORIENTED_EDGE('',*,*,#4314,.F.);
#7521=ORIENTED_EDGE('',*,*,#5274,.F.);
#7522=ORIENTED_EDGE('',*,*,#5265,.T.);
#7523=ORIENTED_EDGE('',*,*,#5272,.T.);
#7524=ORIENTED_EDGE('',*,*,#4313,.F.);
#7525=ORIENTED_EDGE('',*,*,#5275,.F.);
#7526=ORIENTED_EDGE('',*,*,#5266,.T.);
#7527=ORIENTED_EDGE('',*,*,#5274,.T.);
#7528=ORIENTED_EDGE('',*,*,#4312,.F.);
#7529=ORIENTED_EDGE('',*,*,#5276,.F.);
#7530=ORIENTED_EDGE('',*,*,#5267,.T.);
#7531=ORIENTED_EDGE('',*,*,#5275,.T.);
#7532=ORIENTED_EDGE('',*,*,#4318,.F.);
#7533=ORIENTED_EDGE('',*,*,#5277,.F.);
#7534=ORIENTED_EDGE('',*,*,#5268,.T.);
#7535=ORIENTED_EDGE('',*,*,#5276,.T.);
#7536=ORIENTED_EDGE('',*,*,#4317,.F.);
#7537=ORIENTED_EDGE('',*,*,#5278,.F.);
#7538=ORIENTED_EDGE('',*,*,#5269,.T.);
#7539=ORIENTED_EDGE('',*,*,#5277,.T.);
#7540=ORIENTED_EDGE('',*,*,#4316,.F.);
#7541=ORIENTED_EDGE('',*,*,#5273,.F.);
#7542=ORIENTED_EDGE('',*,*,#5270,.T.);
#7543=ORIENTED_EDGE('',*,*,#5278,.T.);
#7544=ORIENTED_EDGE('',*,*,#4320,.F.);
#7545=ORIENTED_EDGE('',*,*,#5279,.F.);
#7546=ORIENTED_EDGE('',*,*,#5280,.T.);
#7547=ORIENTED_EDGE('',*,*,#5281,.T.);
#7548=ORIENTED_EDGE('',*,*,#4319,.F.);
#7549=ORIENTED_EDGE('',*,*,#5282,.F.);
#7550=ORIENTED_EDGE('',*,*,#5283,.T.);
#7551=ORIENTED_EDGE('',*,*,#5279,.T.);
#7552=ORIENTED_EDGE('',*,*,#5284,.F.);
#7553=ORIENTED_EDGE('',*,*,#5280,.F.);
#7554=ORIENTED_EDGE('',*,*,#5283,.F.);
#7555=ORIENTED_EDGE('',*,*,#5285,.F.);
#7556=ORIENTED_EDGE('',*,*,#4322,.F.);
#7557=ORIENTED_EDGE('',*,*,#5286,.F.);
#7558=ORIENTED_EDGE('',*,*,#5285,.T.);
#7559=ORIENTED_EDGE('',*,*,#5282,.T.);
#7560=ORIENTED_EDGE('',*,*,#4321,.F.);
#7561=ORIENTED_EDGE('',*,*,#5281,.F.);
#7562=ORIENTED_EDGE('',*,*,#5284,.T.);
#7563=ORIENTED_EDGE('',*,*,#5286,.T.);
#7564=ORIENTED_EDGE('',*,*,#4326,.F.);
#7565=ORIENTED_EDGE('',*,*,#5287,.F.);
#7566=ORIENTED_EDGE('',*,*,#5288,.T.);
#7567=ORIENTED_EDGE('',*,*,#5289,.T.);
#7568=ORIENTED_EDGE('',*,*,#4325,.F.);
#7569=ORIENTED_EDGE('',*,*,#5290,.F.);
#7570=ORIENTED_EDGE('',*,*,#5291,.T.);
#7571=ORIENTED_EDGE('',*,*,#5287,.T.);
#7572=ORIENTED_EDGE('',*,*,#5292,.F.);
#7573=ORIENTED_EDGE('',*,*,#5293,.F.);
#7574=ORIENTED_EDGE('',*,*,#5288,.F.);
#7575=ORIENTED_EDGE('',*,*,#5291,.F.);
#7576=ORIENTED_EDGE('',*,*,#5294,.F.);
#7577=ORIENTED_EDGE('',*,*,#5295,.F.);
#7578=ORIENTED_EDGE('',*,*,#5296,.F.);
#7579=ORIENTED_EDGE('',*,*,#4324,.F.);
#7580=ORIENTED_EDGE('',*,*,#5297,.F.);
#7581=ORIENTED_EDGE('',*,*,#5294,.T.);
#7582=ORIENTED_EDGE('',*,*,#5290,.T.);
#7583=ORIENTED_EDGE('',*,*,#4323,.F.);
#7584=ORIENTED_EDGE('',*,*,#5298,.F.);
#7585=ORIENTED_EDGE('',*,*,#5295,.T.);
#7586=ORIENTED_EDGE('',*,*,#5297,.T.);
#7587=ORIENTED_EDGE('',*,*,#4329,.F.);
#7588=ORIENTED_EDGE('',*,*,#5299,.F.);
#7589=ORIENTED_EDGE('',*,*,#5296,.T.);
#7590=ORIENTED_EDGE('',*,*,#5298,.T.);
#7591=ORIENTED_EDGE('',*,*,#4328,.F.);
#7592=ORIENTED_EDGE('',*,*,#5300,.F.);
#7593=ORIENTED_EDGE('',*,*,#5292,.T.);
#7594=ORIENTED_EDGE('',*,*,#5299,.T.);
#7595=ORIENTED_EDGE('',*,*,#4327,.F.);
#7596=ORIENTED_EDGE('',*,*,#5289,.F.);
#7597=ORIENTED_EDGE('',*,*,#5293,.T.);
#7598=ORIENTED_EDGE('',*,*,#5300,.T.);
#7599=ORIENTED_EDGE('',*,*,#4333,.F.);
#7600=ORIENTED_EDGE('',*,*,#5301,.F.);
#7601=ORIENTED_EDGE('',*,*,#5302,.T.);
#7602=ORIENTED_EDGE('',*,*,#5303,.T.);
#7603=ORIENTED_EDGE('',*,*,#4332,.F.);
#7604=ORIENTED_EDGE('',*,*,#5304,.F.);
#7605=ORIENTED_EDGE('',*,*,#5305,.T.);
#7606=ORIENTED_EDGE('',*,*,#5301,.T.);
#7607=ORIENTED_EDGE('',*,*,#4331,.F.);
#7608=ORIENTED_EDGE('',*,*,#5306,.F.);
#7609=ORIENTED_EDGE('',*,*,#5307,.T.);
#7610=ORIENTED_EDGE('',*,*,#5304,.T.);
#7611=ORIENTED_EDGE('',*,*,#4330,.F.);
#7612=ORIENTED_EDGE('',*,*,#5308,.F.);
#7613=ORIENTED_EDGE('',*,*,#5309,.T.);
#7614=ORIENTED_EDGE('',*,*,#5306,.T.);
#7615=ORIENTED_EDGE('',*,*,#5309,.F.);
#7616=ORIENTED_EDGE('',*,*,#5310,.F.);
#7617=ORIENTED_EDGE('',*,*,#5311,.F.);
#7618=ORIENTED_EDGE('',*,*,#5312,.F.);
#7619=ORIENTED_EDGE('',*,*,#5313,.F.);
#7620=ORIENTED_EDGE('',*,*,#5302,.F.);
#7621=ORIENTED_EDGE('',*,*,#5305,.F.);
#7622=ORIENTED_EDGE('',*,*,#5307,.F.);
#7623=ORIENTED_EDGE('',*,*,#4337,.F.);
#7624=ORIENTED_EDGE('',*,*,#5314,.F.);
#7625=ORIENTED_EDGE('',*,*,#5310,.T.);
#7626=ORIENTED_EDGE('',*,*,#5308,.T.);
#7627=ORIENTED_EDGE('',*,*,#4336,.F.);
#7628=ORIENTED_EDGE('',*,*,#5315,.F.);
#7629=ORIENTED_EDGE('',*,*,#5311,.T.);
#7630=ORIENTED_EDGE('',*,*,#5314,.T.);
#7631=ORIENTED_EDGE('',*,*,#4335,.F.);
#7632=ORIENTED_EDGE('',*,*,#5316,.F.);
#7633=ORIENTED_EDGE('',*,*,#5312,.T.);
#7634=ORIENTED_EDGE('',*,*,#5315,.T.);
#7635=ORIENTED_EDGE('',*,*,#4334,.F.);
#7636=ORIENTED_EDGE('',*,*,#5303,.F.);
#7637=ORIENTED_EDGE('',*,*,#5313,.T.);
#7638=ORIENTED_EDGE('',*,*,#5316,.T.);
#7639=CYLINDRICAL_SURFACE('',#8195,1.4);
#7640=CYLINDRICAL_SURFACE('',#8203,1.4);
#7641=CYLINDRICAL_SURFACE('',#8242,14.);
#7642=CYLINDRICAL_SURFACE('',#8248,2.5);
#7643=CYLINDRICAL_SURFACE('',#8253,2.5);
#7644=CYLINDRICAL_SURFACE('',#8275,3.15);
#7645=CYLINDRICAL_SURFACE('',#8289,7.);
#7646=CYLINDRICAL_SURFACE('',#8294,7.);
#7647=CYLINDRICAL_SURFACE('',#8303,0.5);
#7648=CYLINDRICAL_SURFACE('',#8313,0.5);
#7649=CYLINDRICAL_SURFACE('',#8315,0.5);
#7650=CYLINDRICAL_SURFACE('',#8334,3.05);
#7651=CYLINDRICAL_SURFACE('',#8338,1.55);
#7652=CYLINDRICAL_SURFACE('',#8339,3.09999999999997);
#7653=CYLINDRICAL_SURFACE('',#8341,1.4);
#7654=CYLINDRICAL_SURFACE('',#8346,1.5);
#7655=CYLINDRICAL_SURFACE('',#8353,1.5);
#7656=CYLINDRICAL_SURFACE('',#8354,3.09999999999997);
#7657=CYLINDRICAL_SURFACE('',#8380,0.5);
#7658=CYLINDRICAL_SURFACE('',#8382,3.);
#7659=CYLINDRICAL_SURFACE('',#8385,3.);
#7660=CYLINDRICAL_SURFACE('',#8388,5.5);
#7661=CYLINDRICAL_SURFACE('',#8393,7.);
#7662=CYLINDRICAL_SURFACE('',#8404,14.0002640201693);
#7663=CYLINDRICAL_SURFACE('',#8409,14.0002640201693);
#7664=CYLINDRICAL_SURFACE('',#8412,1.5);
#7665=CYLINDRICAL_SURFACE('',#8416,3.1);
#7666=CYLINDRICAL_SURFACE('',#8418,7.);
#7667=CYLINDRICAL_SURFACE('',#8424,1.55);
#7668=CYLINDRICAL_SURFACE('',#8432,1.35);
#7669=CYLINDRICAL_SURFACE('',#8441,1.);
#7670=CYLINDRICAL_SURFACE('',#8454,3.1);
#7671=CYLINDRICAL_SURFACE('',#8456,1.55);
#7672=CYLINDRICAL_SURFACE('',#8463,14.0002640201693);
#7673=CYLINDRICAL_SURFACE('',#8468,14.0002640201693);
#7674=CYLINDRICAL_SURFACE('',#8473,1.5);
#7675=CYLINDRICAL_SURFACE('',#8481,1.35);
#7676=CYLINDRICAL_SURFACE('',#8485,1.55);
#7677=CYLINDRICAL_SURFACE('',#8491,1.);
#7678=CYLINDRICAL_SURFACE('',#8532,3.1);
#7679=CYLINDRICAL_SURFACE('',#8533,1.55);
#7680=CYLINDRICAL_SURFACE('',#8534,3.1);
#7681=CYLINDRICAL_SURFACE('',#8535,3.5);
#7682=CYLINDRICAL_SURFACE('',#8546,0.9);
#7683=CYLINDRICAL_SURFACE('',#8550,1.);
#7684=CYLINDRICAL_SURFACE('',#8554,3.5);
#7685=CYLINDRICAL_SURFACE('',#8565,1.4);
#7686=CYLINDRICAL_SURFACE('',#8567,1.4);
#7687=CYLINDRICAL_SURFACE('',#8582,1.50000000000001);
#7688=CYLINDRICAL_SURFACE('',#8586,14.0002640201693);
#7689=CYLINDRICAL_SURFACE('',#8587,1.5);
#7690=CYLINDRICAL_SURFACE('',#8591,14.0002640201693);
#7691=CYLINDRICAL_SURFACE('',#8594,14.);
#7692=CYLINDRICAL_SURFACE('',#8598,14.0002640201693);
#7693=CYLINDRICAL_SURFACE('',#8606,2.);
#7694=CYLINDRICAL_SURFACE('',#8612,2.);
#7695=CYLINDRICAL_SURFACE('',#8617,5.5);
#7696=CYLINDRICAL_SURFACE('',#8620,14.0002640201693);
#7697=CYLINDRICAL_SURFACE('',#8621,2.5);
#7698=CYLINDRICAL_SURFACE('',#8624,14.);
#7699=CYLINDRICAL_SURFACE('',#8625,3.59900539363273);
#7700=CYLINDRICAL_SURFACE('',#8642,1.);
#7701=CYLINDRICAL_SURFACE('',#8652,3.59900539363273);
#7702=CYLINDRICAL_SURFACE('',#8656,3.);
#7703=CYLINDRICAL_SURFACE('',#8662,0.5);
#7704=CYLINDRICAL_SURFACE('',#8663,0.5);
#7705=CYLINDRICAL_SURFACE('',#8671,2.5);
#7706=CYLINDRICAL_SURFACE('',#8678,3.15);
#7707=CYLINDRICAL_SURFACE('',#8687,12.);
#7708=CYLINDRICAL_SURFACE('',#8689,12.);
#7709=CYLINDRICAL_SURFACE('',#8691,12.);
#7710=CYLINDRICAL_SURFACE('',#8699,3.15);
#7711=CYLINDRICAL_SURFACE('',#8731,1.5);
#7712=CYLINDRICAL_SURFACE('',#8735,4.);
#7713=CYLINDRICAL_SURFACE('',#8736,1.75);
#7714=CYLINDRICAL_SURFACE('',#8737,2.35);
#7715=CYLINDRICAL_SURFACE('',#8739,2.35);
#7716=CYLINDRICAL_SURFACE('',#8777,1.5);
#7717=CYLINDRICAL_SURFACE('',#8784,4.);
#7718=CYLINDRICAL_SURFACE('',#8787,1.75);
#7719=ADVANCED_FACE('',(#447),#7639,.F.);
#7720=ADVANCED_FACE('',(#448,#61),#110,.F.);
#7721=ADVANCED_FACE('',(#449),#7640,.F.);
#7722=ADVANCED_FACE('',(#450),#111,.T.);
#7723=ADVANCED_FACE('',(#451),#112,.T.);
#7724=ADVANCED_FACE('',(#452),#113,.T.);
#7725=ADVANCED_FACE('',(#453,#62),#114,.T.);
#7726=ADVANCED_FACE('',(#454),#115,.T.);
#7727=ADVANCED_FACE('',(#455),#116,.T.);
#7728=ADVANCED_FACE('',(#456),#117,.F.);
#7729=ADVANCED_FACE('',(#457),#118,.F.);
#7730=ADVANCED_FACE('',(#458),#119,.T.);
#7731=ADVANCED_FACE('',(#459),#120,.T.);
#7732=ADVANCED_FACE('',(#460),#121,.F.);
#7733=ADVANCED_FACE('',(#461,#63,#64,#65,#66,#67,#68),#122,.T.);
#7734=ADVANCED_FACE('',(#462),#7641,.T.);
#7735=ADVANCED_FACE('',(#463),#123,.F.);
#7736=ADVANCED_FACE('',(#464),#124,.T.);
#7737=ADVANCED_FACE('',(#465),#7642,.F.);
#7738=ADVANCED_FACE('',(#466),#7643,.F.);
#7739=ADVANCED_FACE('',(#467),#26,.F.);
#7740=ADVANCED_FACE('',(#468,#69,#70,#71,#72,#73,#74,#75,#76,#77,#78,#79,
#80,#81),#125,.F.);
#7741=ADVANCED_FACE('',(#469),#7644,.F.);
#7742=ADVANCED_FACE('',(#470),#126,.T.);
#7743=ADVANCED_FACE('',(#471),#127,.F.);
#7744=ADVANCED_FACE('',(#472),#128,.T.);
#7745=ADVANCED_FACE('',(#473),#129,.T.);
#7746=ADVANCED_FACE('',(#474),#7645,.F.);
#7747=ADVANCED_FACE('',(#475),#7646,.F.);
#7748=ADVANCED_FACE('',(#476),#130,.T.);
#7749=ADVANCED_FACE('',(#477),#131,.T.);
#7750=ADVANCED_FACE('',(#478),#132,.T.);
#7751=ADVANCED_FACE('',(#479),#7647,.F.);
#7752=ADVANCED_FACE('',(#480),#133,.T.);
#7753=ADVANCED_FACE('',(#481),#134,.T.);
#7754=ADVANCED_FACE('',(#482),#135,.F.);
#7755=ADVANCED_FACE('',(#483),#136,.F.);
#7756=ADVANCED_FACE('',(#484),#137,.F.);
#7757=ADVANCED_FACE('',(#485,#82),#138,.T.);
#7758=ADVANCED_FACE('',(#486),#139,.F.);
#7759=ADVANCED_FACE('',(#487),#7648,.F.);
#7760=ADVANCED_FACE('',(#488),#7649,.F.);
#7761=ADVANCED_FACE('',(#489),#140,.T.);
#7762=ADVANCED_FACE('',(#490,#83),#141,.F.);
#7763=ADVANCED_FACE('',(#491),#142,.F.);
#7764=ADVANCED_FACE('',(#492),#143,.T.);
#7765=ADVANCED_FACE('',(#493),#144,.T.);
#7766=ADVANCED_FACE('',(#494),#145,.F.);
#7767=ADVANCED_FACE('',(#495),#146,.F.);
#7768=ADVANCED_FACE('',(#496),#147,.F.);
#7769=ADVANCED_FACE('',(#497),#148,.F.);
#7770=ADVANCED_FACE('',(#498),#149,.F.);
#7771=ADVANCED_FACE('',(#499),#150,.T.);
#7772=ADVANCED_FACE('',(#500),#151,.T.);
#7773=ADVANCED_FACE('',(#501),#152,.T.);
#7774=ADVANCED_FACE('',(#502),#153,.T.);
#7775=ADVANCED_FACE('',(#503,#84),#154,.F.);
#7776=ADVANCED_FACE('',(#504),#7650,.F.);
#7777=ADVANCED_FACE('',(#505,#85),#155,.F.);
#7778=ADVANCED_FACE('',(#506),#7651,.F.);
#7779=ADVANCED_FACE('',(#507),#7652,.F.);
#7780=ADVANCED_FACE('',(#508),#7653,.F.);
#7781=ADVANCED_FACE('',(#509,#86),#156,.F.);
#7782=ADVANCED_FACE('',(#510),#7654,.F.);
#7783=ADVANCED_FACE('',(#511),#27,.F.);
#7784=ADVANCED_FACE('',(#512),#28,.F.);
#7785=ADVANCED_FACE('',(#513),#7655,.F.);
#7786=ADVANCED_FACE('',(#514),#7656,.F.);
#7787=ADVANCED_FACE('',(#515),#157,.T.);
#7788=ADVANCED_FACE('',(#516),#158,.T.);
#7789=ADVANCED_FACE('',(#517),#159,.T.);
#7790=ADVANCED_FACE('',(#518),#160,.F.);
#7791=ADVANCED_FACE('',(#519),#161,.F.);
#7792=ADVANCED_FACE('',(#520),#162,.F.);
#7793=ADVANCED_FACE('',(#521),#163,.T.);
#7794=ADVANCED_FACE('',(#522),#164,.T.);
#7795=ADVANCED_FACE('',(#523),#165,.T.);
#7796=ADVANCED_FACE('',(#524),#166,.T.);
#7797=ADVANCED_FACE('',(#525),#167,.T.);
#7798=ADVANCED_FACE('',(#526),#168,.T.);
#7799=ADVANCED_FACE('',(#527),#169,.T.);
#7800=ADVANCED_FACE('',(#528),#170,.T.);
#7801=ADVANCED_FACE('',(#529),#171,.F.);
#7802=ADVANCED_FACE('',(#530),#172,.F.);
#7803=ADVANCED_FACE('',(#531),#173,.F.);
#7804=ADVANCED_FACE('',(#532),#174,.F.);
#7805=ADVANCED_FACE('',(#533),#175,.F.);
#7806=ADVANCED_FACE('',(#534),#176,.F.);
#7807=ADVANCED_FACE('',(#535),#177,.T.);
#7808=ADVANCED_FACE('',(#536),#178,.T.);
#7809=ADVANCED_FACE('',(#537,#87),#179,.T.);
#7810=ADVANCED_FACE('',(#538),#180,.F.);
#7811=ADVANCED_FACE('',(#539),#181,.F.);
#7812=ADVANCED_FACE('',(#540),#7657,.F.);
#7813=ADVANCED_FACE('',(#541),#182,.T.);
#7814=ADVANCED_FACE('',(#542),#7658,.F.);
#7815=ADVANCED_FACE('',(#543),#7659,.F.);
#7816=ADVANCED_FACE('',(#544),#7660,.T.);
#7817=ADVANCED_FACE('',(#545),#29,.F.);
#7818=ADVANCED_FACE('',(#546),#30,.F.);
#7819=ADVANCED_FACE('',(#547),#7661,.F.);
#7820=ADVANCED_FACE('',(#548),#183,.T.);
#7821=ADVANCED_FACE('',(#549),#184,.T.);
#7822=ADVANCED_FACE('',(#550),#185,.T.);
#7823=ADVANCED_FACE('',(#551,#88),#186,.T.);
#7824=ADVANCED_FACE('',(#552),#7662,.T.);
#7825=ADVANCED_FACE('',(#553),#7663,.T.);
#7826=ADVANCED_FACE('',(#554),#187,.F.);
#7827=ADVANCED_FACE('',(#555),#7664,.F.);
#7828=ADVANCED_FACE('',(#556,#89),#188,.F.);
#7829=ADVANCED_FACE('',(#557),#7665,.F.);
#7830=ADVANCED_FACE('',(#558),#7666,.F.);
#7831=ADVANCED_FACE('',(#559),#189,.T.);
#7832=ADVANCED_FACE('',(#560),#190,.F.);
#7833=ADVANCED_FACE('',(#561),#7667,.F.);
#7834=ADVANCED_FACE('',(#562),#191,.F.);
#7835=ADVANCED_FACE('',(#563),#7668,.F.);
#7836=ADVANCED_FACE('',(#564,#90),#192,.T.);
#7837=ADVANCED_FACE('',(#565),#193,.T.);
#7838=ADVANCED_FACE('',(#566),#7669,.F.);
#7839=ADVANCED_FACE('',(#567),#194,.T.);
#7840=ADVANCED_FACE('',(#568),#195,.F.);
#7841=ADVANCED_FACE('',(#569),#196,.F.);
#7842=ADVANCED_FACE('',(#570),#197,.F.);
#7843=ADVANCED_FACE('',(#571),#198,.T.);
#7844=ADVANCED_FACE('',(#572),#199,.T.);
#7845=ADVANCED_FACE('',(#573),#200,.T.);
#7846=ADVANCED_FACE('',(#574),#201,.F.);
#7847=ADVANCED_FACE('',(#575),#202,.F.);
#7848=ADVANCED_FACE('',(#576),#7670,.F.);
#7849=ADVANCED_FACE('',(#577),#7671,.F.);
#7850=ADVANCED_FACE('',(#578),#203,.T.);
#7851=ADVANCED_FACE('',(#579),#7672,.T.);
#7852=ADVANCED_FACE('',(#580),#204,.F.);
#7853=ADVANCED_FACE('',(#581,#91),#205,.T.);
#7854=ADVANCED_FACE('',(#582),#7673,.T.);
#7855=ADVANCED_FACE('',(#583),#7674,.F.);
#7856=ADVANCED_FACE('',(#584,#92),#206,.F.);
#7857=ADVANCED_FACE('',(#585),#207,.T.);
#7858=ADVANCED_FACE('',(#586),#208,.F.);
#7859=ADVANCED_FACE('',(#587),#209,.F.);
#7860=ADVANCED_FACE('',(#588),#7675,.F.);
#7861=ADVANCED_FACE('',(#589,#93),#210,.T.);
#7862=ADVANCED_FACE('',(#590),#7676,.F.);
#7863=ADVANCED_FACE('',(#591),#211,.F.);
#7864=ADVANCED_FACE('',(#592),#212,.F.);
#7865=ADVANCED_FACE('',(#593),#213,.T.);
#7866=ADVANCED_FACE('',(#594),#7677,.F.);
#7867=ADVANCED_FACE('',(#595),#214,.F.);
#7868=ADVANCED_FACE('',(#596),#215,.F.);
#7869=ADVANCED_FACE('',(#597),#216,.T.);
#7870=ADVANCED_FACE('',(#598),#217,.T.);
#7871=ADVANCED_FACE('',(#599),#218,.F.);
#7872=ADVANCED_FACE('',(#600),#219,.T.);
#7873=ADVANCED_FACE('',(#601),#220,.T.);
#7874=ADVANCED_FACE('',(#602),#221,.T.);
#7875=ADVANCED_FACE('',(#603),#222,.T.);
#7876=ADVANCED_FACE('',(#604),#223,.T.);
#7877=ADVANCED_FACE('',(#605),#224,.T.);
#7878=ADVANCED_FACE('',(#606),#225,.T.);
#7879=ADVANCED_FACE('',(#607),#226,.T.);
#7880=ADVANCED_FACE('',(#608),#227,.T.);
#7881=ADVANCED_FACE('',(#609),#228,.T.);
#7882=ADVANCED_FACE('',(#610),#229,.T.);
#7883=ADVANCED_FACE('',(#611),#230,.T.);
#7884=ADVANCED_FACE('',(#612,#94),#231,.T.);
#7885=ADVANCED_FACE('',(#613),#232,.T.);
#7886=ADVANCED_FACE('',(#614),#233,.T.);
#7887=ADVANCED_FACE('',(#615),#234,.F.);
#7888=ADVANCED_FACE('',(#616),#235,.F.);
#7889=ADVANCED_FACE('',(#617),#236,.F.);
#7890=ADVANCED_FACE('',(#618),#237,.F.);
#7891=ADVANCED_FACE('',(#619),#238,.F.);
#7892=ADVANCED_FACE('',(#620),#239,.F.);
#7893=ADVANCED_FACE('',(#621),#240,.F.);
#7894=ADVANCED_FACE('',(#622),#241,.F.);
#7895=ADVANCED_FACE('',(#623),#242,.F.);
#7896=ADVANCED_FACE('',(#624),#243,.F.);
#7897=ADVANCED_FACE('',(#625),#244,.F.);
#7898=ADVANCED_FACE('',(#626),#245,.F.);
#7899=ADVANCED_FACE('',(#627,#95),#246,.F.);
#7900=ADVANCED_FACE('',(#628),#7678,.F.);
#7901=ADVANCED_FACE('',(#629),#7679,.F.);
#7902=ADVANCED_FACE('',(#630),#7680,.F.);
#7903=ADVANCED_FACE('',(#631),#7681,.F.);
#7904=ADVANCED_FACE('',(#632),#247,.F.);
#7905=ADVANCED_FACE('',(#633),#248,.T.);
#7906=ADVANCED_FACE('',(#634),#249,.F.);
#7907=ADVANCED_FACE('',(#635),#250,.F.);
#7908=ADVANCED_FACE('',(#636),#251,.T.);
#7909=ADVANCED_FACE('',(#637),#252,.T.);
#7910=ADVANCED_FACE('',(#638),#253,.F.);
#7911=ADVANCED_FACE('',(#639),#7682,.F.);
#7912=ADVANCED_FACE('',(#640,#96),#254,.F.);
#7913=ADVANCED_FACE('',(#641),#7683,.F.);
#7914=ADVANCED_FACE('',(#642),#255,.T.);
#7915=ADVANCED_FACE('',(#643),#256,.F.);
#7916=ADVANCED_FACE('',(#644),#7684,.F.);
#7917=ADVANCED_FACE('',(#645),#257,.T.);
#7918=ADVANCED_FACE('',(#646),#258,.F.);
#7919=ADVANCED_FACE('',(#647,#97),#259,.T.);
#7920=ADVANCED_FACE('',(#648),#260,.F.);
#7921=ADVANCED_FACE('',(#649),#261,.T.);
#7922=ADVANCED_FACE('',(#650),#7685,.F.);
#7923=ADVANCED_FACE('',(#651),#7686,.F.);
#7924=ADVANCED_FACE('',(#652,#98),#262,.F.);
#7925=ADVANCED_FACE('',(#653),#263,.T.);
#7926=ADVANCED_FACE('',(#654),#264,.F.);
#7927=ADVANCED_FACE('',(#655),#265,.T.);
#7928=ADVANCED_FACE('',(#656,#99),#266,.F.);
#7929=ADVANCED_FACE('',(#657),#31,.T.);
#7930=ADVANCED_FACE('',(#658),#267,.T.);
#7931=ADVANCED_FACE('',(#659),#268,.T.);
#7932=ADVANCED_FACE('',(#660),#7687,.F.);
#7933=ADVANCED_FACE('',(#661),#269,.T.);
#7934=ADVANCED_FACE('',(#662,#100),#7688,.T.);
#7935=ADVANCED_FACE('',(#663),#7689,.F.);
#7936=ADVANCED_FACE('',(#664),#32,.T.);
#7937=ADVANCED_FACE('',(#665),#7690,.T.);
#7938=ADVANCED_FACE('',(#666),#270,.F.);
#7939=ADVANCED_FACE('',(#667),#271,.T.);
#7940=ADVANCED_FACE('',(#668),#7691,.T.);
#7941=ADVANCED_FACE('',(#669),#272,.T.);
#7942=ADVANCED_FACE('',(#670),#273,.T.);
#7943=ADVANCED_FACE('',(#671),#7692,.T.);
#7944=ADVANCED_FACE('',(#672),#274,.F.);
#7945=ADVANCED_FACE('',(#673),#275,.F.);
#7946=ADVANCED_FACE('',(#674),#276,.F.);
#7947=ADVANCED_FACE('',(#675),#277,.T.);
#7948=ADVANCED_FACE('',(#676),#278,.T.);
#7949=ADVANCED_FACE('',(#677),#279,.T.);
#7950=ADVANCED_FACE('',(#678,#101),#280,.T.);
#7951=ADVANCED_FACE('',(#679),#7693,.F.);
#7952=ADVANCED_FACE('',(#680),#281,.T.);
#7953=ADVANCED_FACE('',(#681),#282,.T.);
#7954=ADVANCED_FACE('',(#682),#7694,.F.);
#7955=ADVANCED_FACE('',(#683,#102),#283,.T.);
#7956=ADVANCED_FACE('',(#684),#284,.T.);
#7957=ADVANCED_FACE('',(#685),#7695,.T.);
#7958=ADVANCED_FACE('',(#686),#285,.T.);
#7959=ADVANCED_FACE('',(#687,#103),#7696,.T.);
#7960=ADVANCED_FACE('',(#688),#7697,.F.);
#7961=ADVANCED_FACE('',(#689),#7698,.T.);
#7962=ADVANCED_FACE('',(#690),#7699,.T.);
#7963=ADVANCED_FACE('',(#691,#104),#286,.F.);
#7964=ADVANCED_FACE('',(#692),#287,.T.);
#7965=ADVANCED_FACE('',(#693),#288,.T.);
#7966=ADVANCED_FACE('',(#694),#289,.T.);
#7967=ADVANCED_FACE('',(#695),#290,.T.);
#7968=ADVANCED_FACE('',(#696),#291,.T.);
#7969=ADVANCED_FACE('',(#697),#292,.T.);
#7970=ADVANCED_FACE('',(#698),#293,.T.);
#7971=ADVANCED_FACE('',(#699),#294,.T.);
#7972=ADVANCED_FACE('',(#700),#295,.F.);
#7973=ADVANCED_FACE('',(#701),#296,.F.);
#7974=ADVANCED_FACE('',(#702),#297,.F.);
#7975=ADVANCED_FACE('',(#703),#298,.F.);
#7976=ADVANCED_FACE('',(#704),#299,.F.);
#7977=ADVANCED_FACE('',(#705),#300,.F.);
#7978=ADVANCED_FACE('',(#706),#7700,.F.);
#7979=ADVANCED_FACE('',(#707),#301,.F.);
#7980=ADVANCED_FACE('',(#708),#302,.F.);
#7981=ADVANCED_FACE('',(#709),#303,.F.);
#7982=ADVANCED_FACE('',(#710),#304,.T.);
#7983=ADVANCED_FACE('',(#711),#305,.F.);
#7984=ADVANCED_FACE('',(#712),#306,.T.);
#7985=ADVANCED_FACE('',(#713),#307,.T.);
#7986=ADVANCED_FACE('',(#714),#308,.F.);
#7987=ADVANCED_FACE('',(#715),#7701,.T.);
#7988=ADVANCED_FACE('',(#716),#309,.F.);
#7989=ADVANCED_FACE('',(#717),#310,.F.);
#7990=ADVANCED_FACE('',(#718),#311,.T.);
#7991=ADVANCED_FACE('',(#719),#7702,.F.);
#7992=ADVANCED_FACE('',(#720),#312,.T.);
#7993=ADVANCED_FACE('',(#721),#313,.T.);
#7994=ADVANCED_FACE('',(#722),#314,.T.);
#7995=ADVANCED_FACE('',(#723),#315,.F.);
#7996=ADVANCED_FACE('',(#724),#7703,.F.);
#7997=ADVANCED_FACE('',(#725),#7704,.F.);
#7998=ADVANCED_FACE('',(#726),#316,.F.);
#7999=ADVANCED_FACE('',(#727),#317,.F.);
#8000=ADVANCED_FACE('',(#728),#318,.F.);
#8001=ADVANCED_FACE('',(#729),#319,.F.);
#8002=ADVANCED_FACE('',(#730),#320,.F.);
#8003=ADVANCED_FACE('',(#731),#321,.F.);
#8004=ADVANCED_FACE('',(#732,#105),#322,.F.);
#8005=ADVANCED_FACE('',(#733),#7705,.F.);
#8006=ADVANCED_FACE('',(#734),#323,.T.);
#8007=ADVANCED_FACE('',(#735),#324,.F.);
#8008=ADVANCED_FACE('',(#736),#7706,.F.);
#8009=ADVANCED_FACE('',(#737),#325,.T.);
#8010=ADVANCED_FACE('',(#738),#326,.F.);
#8011=ADVANCED_FACE('',(#739),#327,.T.);
#8012=ADVANCED_FACE('',(#740),#328,.F.);
#8013=ADVANCED_FACE('',(#741),#329,.F.);
#8014=ADVANCED_FACE('',(#742),#330,.T.);
#8015=ADVANCED_FACE('',(#743),#331,.T.);
#8016=ADVANCED_FACE('',(#744),#7707,.T.);
#8017=ADVANCED_FACE('',(#745),#332,.T.);
#8018=ADVANCED_FACE('',(#746),#7708,.T.);
#8019=ADVANCED_FACE('',(#747),#333,.T.);
#8020=ADVANCED_FACE('',(#748),#7709,.T.);
#8021=ADVANCED_FACE('',(#749),#334,.T.);
#8022=ADVANCED_FACE('',(#750),#335,.F.);
#8023=ADVANCED_FACE('',(#751),#336,.F.);
#8024=ADVANCED_FACE('',(#752),#337,.T.);
#8025=ADVANCED_FACE('',(#753),#338,.T.);
#8026=ADVANCED_FACE('',(#754),#339,.T.);
#8027=ADVANCED_FACE('',(#755),#340,.T.);
#8028=ADVANCED_FACE('',(#756),#7710,.F.);
#8029=ADVANCED_FACE('',(#757),#341,.T.);
#8030=ADVANCED_FACE('',(#758),#342,.T.);
#8031=ADVANCED_FACE('',(#759),#15,.F.);
#8032=ADVANCED_FACE('',(#760,#106),#343,.T.);
#8033=ADVANCED_FACE('',(#761),#16,.F.);
#8034=ADVANCED_FACE('',(#762),#344,.T.);
#8035=ADVANCED_FACE('',(#763),#345,.T.);
#8036=ADVANCED_FACE('',(#764,#107),#346,.T.);
#8037=ADVANCED_FACE('',(#765),#347,.T.);
#8038=ADVANCED_FACE('',(#766),#348,.T.);
#8039=ADVANCED_FACE('',(#767),#349,.F.);
#8040=ADVANCED_FACE('',(#768),#350,.T.);
#8041=ADVANCED_FACE('',(#769),#351,.F.);
#8042=ADVANCED_FACE('',(#770),#352,.F.);
#8043=ADVANCED_FACE('',(#771),#353,.T.);
#8044=ADVANCED_FACE('',(#772),#354,.T.);
#8045=ADVANCED_FACE('',(#773),#355,.T.);
#8046=ADVANCED_FACE('',(#774),#356,.F.);
#8047=ADVANCED_FACE('',(#775),#357,.F.);
#8048=ADVANCED_FACE('',(#776),#358,.F.);
#8049=ADVANCED_FACE('',(#777),#359,.F.);
#8050=ADVANCED_FACE('',(#778),#360,.T.);
#8051=ADVANCED_FACE('',(#779),#361,.T.);
#8052=ADVANCED_FACE('',(#780),#362,.T.);
#8053=ADVANCED_FACE('',(#781,#108),#363,.F.);
#8054=ADVANCED_FACE('',(#782),#364,.T.);
#8055=ADVANCED_FACE('',(#783),#7711,.T.);
#8056=ADVANCED_FACE('',(#784),#365,.T.);
#8057=ADVANCED_FACE('',(#785),#366,.T.);
#8058=ADVANCED_FACE('',(#786),#367,.T.);
#8059=ADVANCED_FACE('',(#787),#7712,.T.);
#8060=ADVANCED_FACE('',(#788),#7713,.F.);
#8061=ADVANCED_FACE('',(#789),#7714,.F.);
#8062=ADVANCED_FACE('',(#790),#7715,.F.);
#8063=ADVANCED_FACE('',(#791),#368,.F.);
#8064=ADVANCED_FACE('',(#792),#369,.F.);
#8065=ADVANCED_FACE('',(#793),#370,.F.);
#8066=ADVANCED_FACE('',(#794),#371,.F.);
#8067=ADVANCED_FACE('',(#795),#372,.F.);
#8068=ADVANCED_FACE('',(#796),#373,.F.);
#8069=ADVANCED_FACE('',(#797),#374,.F.);
#8070=ADVANCED_FACE('',(#798),#375,.F.);
#8071=ADVANCED_FACE('',(#799),#376,.F.);
#8072=ADVANCED_FACE('',(#800),#377,.F.);
#8073=ADVANCED_FACE('',(#801),#378,.F.);
#8074=ADVANCED_FACE('',(#802),#379,.F.);
#8075=ADVANCED_FACE('',(#803),#380,.F.);
#8076=ADVANCED_FACE('',(#804),#381,.F.);
#8077=ADVANCED_FACE('',(#805),#382,.F.);
#8078=ADVANCED_FACE('',(#806),#383,.F.);
#8079=ADVANCED_FACE('',(#807),#384,.F.);
#8080=ADVANCED_FACE('',(#808),#385,.F.);
#8081=ADVANCED_FACE('',(#809),#386,.F.);
#8082=ADVANCED_FACE('',(#810),#387,.F.);
#8083=ADVANCED_FACE('',(#811),#388,.F.);
#8084=ADVANCED_FACE('',(#812),#389,.F.);
#8085=ADVANCED_FACE('',(#813),#390,.F.);
#8086=ADVANCED_FACE('',(#814),#391,.F.);
#8087=ADVANCED_FACE('',(#815),#392,.F.);
#8088=ADVANCED_FACE('',(#816),#393,.F.);
#8089=ADVANCED_FACE('',(#817),#394,.F.);
#8090=ADVANCED_FACE('',(#818),#395,.F.);
#8091=ADVANCED_FACE('',(#819),#396,.F.);
#8092=ADVANCED_FACE('',(#820),#397,.F.);
#8093=ADVANCED_FACE('',(#821),#398,.F.);
#8094=ADVANCED_FACE('',(#822),#399,.F.);
#8095=ADVANCED_FACE('',(#823),#400,.F.);
#8096=ADVANCED_FACE('',(#824),#401,.T.);
#8097=ADVANCED_FACE('',(#825),#402,.T.);
#8098=ADVANCED_FACE('',(#826),#403,.T.);
#8099=ADVANCED_FACE('',(#827),#7716,.T.);
#8100=ADVANCED_FACE('',(#828),#404,.T.);
#8101=ADVANCED_FACE('',(#829),#405,.T.);
#8102=ADVANCED_FACE('',(#830),#406,.T.);
#8103=ADVANCED_FACE('',(#831),#7717,.T.);
#8104=ADVANCED_FACE('',(#832),#407,.T.);
#8105=ADVANCED_FACE('',(#833),#7718,.F.);
#8106=ADVANCED_FACE('',(#834),#17,.F.);
#8107=ADVANCED_FACE('',(#835,#109),#408,.F.);
#8108=ADVANCED_FACE('',(#836),#18,.F.);
#8109=ADVANCED_FACE('',(#837),#409,.F.);
#8110=ADVANCED_FACE('',(#838),#410,.F.);
#8111=ADVANCED_FACE('',(#839),#411,.T.);
#8112=ADVANCED_FACE('',(#840),#412,.F.);
#8113=ADVANCED_FACE('',(#841),#413,.F.);
#8114=ADVANCED_FACE('',(#842),#414,.F.);
#8115=ADVANCED_FACE('',(#843),#415,.F.);
#8116=ADVANCED_FACE('',(#844),#416,.F.);
#8117=ADVANCED_FACE('',(#845),#417,.F.);
#8118=ADVANCED_FACE('',(#846),#418,.F.);
#8119=ADVANCED_FACE('',(#847),#419,.F.);
#8120=ADVANCED_FACE('',(#848),#420,.F.);
#8121=ADVANCED_FACE('',(#849),#421,.F.);
#8122=ADVANCED_FACE('',(#850),#422,.F.);
#8123=ADVANCED_FACE('',(#851),#423,.F.);
#8124=ADVANCED_FACE('',(#852),#424,.F.);
#8125=ADVANCED_FACE('',(#853),#425,.F.);
#8126=ADVANCED_FACE('',(#854),#426,.F.);
#8127=ADVANCED_FACE('',(#855),#427,.F.);
#8128=ADVANCED_FACE('',(#856),#428,.F.);
#8129=ADVANCED_FACE('',(#857),#429,.F.);
#8130=ADVANCED_FACE('',(#858),#430,.F.);
#8131=ADVANCED_FACE('',(#859),#431,.F.);
#8132=ADVANCED_FACE('',(#860),#432,.F.);
#8133=ADVANCED_FACE('',(#861),#433,.F.);
#8134=ADVANCED_FACE('',(#862),#434,.F.);
#8135=ADVANCED_FACE('',(#863),#435,.F.);
#8136=ADVANCED_FACE('',(#864),#436,.F.);
#8137=ADVANCED_FACE('',(#865),#437,.F.);
#8138=ADVANCED_FACE('',(#866),#438,.F.);
#8139=ADVANCED_FACE('',(#867),#439,.F.);
#8140=ADVANCED_FACE('',(#868),#440,.F.);
#8141=ADVANCED_FACE('',(#869),#441,.F.);
#8142=ADVANCED_FACE('',(#870),#442,.F.);
#8143=ADVANCED_FACE('',(#871),#443,.F.);
#8144=ADVANCED_FACE('',(#872),#444,.F.);
#8145=ADVANCED_FACE('',(#873),#445,.F.);
#8146=ADVANCED_FACE('',(#874),#446,.F.);
#8147=CLOSED_SHELL('',(#7719,#7720,#7721,#7722,#7723,#7724,#7725,#7726,
#7727,#7728,#7729,#7730,#7731,#7732,#7733,#7734,#7735,#7736,#7737,#7738,
#7739,#7740,#7741,#7742,#7743,#7744,#7745,#7746,#7747,#7748,#7749,#7750,
#7751,#7752,#7753,#7754,#7755,#7756,#7757,#7758,#7759,#7760,#7761,#7762,
#7763,#7764,#7765,#7766,#7767,#7768,#7769,#7770,#7771,#7772,#7773,#7774,
#7775,#7776,#7777,#7778,#7779,#7780,#7781,#7782,#7783,#7784,#7785,#7786,
#7787,#7788,#7789,#7790,#7791,#7792,#7793,#7794,#7795,#7796,#7797,#7798,
#7799,#7800,#7801,#7802,#7803,#7804,#7805,#7806,#7807,#7808,#7809,#7810,
#7811,#7812,#7813,#7814,#7815,#7816,#7817,#7818,#7819,#7820,#7821,#7822,
#7823,#7824,#7825,#7826,#7827,#7828,#7829,#7830,#7831,#7832,#7833,#7834,
#7835,#7836,#7837,#7838,#7839,#7840,#7841,#7842,#7843,#7844,#7845,#7846,
#7847,#7848,#7849,#7850,#7851,#7852,#7853,#7854,#7855,#7856,#7857,#7858,
#7859,#7860,#7861,#7862,#7863,#7864,#7865,#7866,#7867,#7868,#7869,#7870,
#7871,#7872,#7873,#7874,#7875,#7876,#7877,#7878,#7879,#7880,#7881,#7882,
#7883,#7884,#7885,#7886,#7887,#7888,#7889,#7890,#7891,#7892,#7893,#7894,
#7895,#7896,#7897,#7898,#7899,#7900,#7901,#7902,#7903,#7904,#7905,#7906,
#7907,#7908,#7909,#7910,#7911,#7912,#7913,#7914,#7915,#7916,#7917,#7918,
#7919,#7920,#7921,#7922,#7923,#7924,#7925,#7926,#7927,#7928,#7929,#7930,
#7931,#7932,#7933,#7934,#7935,#7936,#7937,#7938,#7939,#7940,#7941,#7942,
#7943,#7944,#7945,#7946,#7947,#7948,#7949,#7950,#7951,#7952,#7953,#7954,
#7955,#7956,#7957,#7958,#7959,#7960,#7961,#7962,#7963,#7964,#7965,#7966,
#7967,#7968,#7969,#7970,#7971,#7972,#7973,#7974,#7975,#7976,#7977,#7978,
#7979,#7980,#7981,#7982,#7983,#7984,#7985,#7986,#7987,#7988,#7989,#7990,
#7991,#7992,#7993,#7994,#7995,#7996,#7997,#7998,#7999,#8000,#8001,#8002,
#8003,#8004,#8005,#8006,#8007,#8008,#8009,#8010,#8011,#8012,#8013,#8014,
#8015,#8016,#8017,#8018,#8019,#8020,#8021,#8022,#8023,#8024,#8025,#8026,
#8027,#8028,#8029,#8030,#8031,#8032,#8033,#8034,#8035,#8036,#8037,#8038,
#8039,#8040,#8041,#8042,#8043,#8044,#8045,#8046,#8047,#8048,#8049,#8050,
#8051,#8052,#8053,#8054,#8055,#8056,#8057,#8058,#8059,#8060,#8061,#8062,
#8063,#8064,#8065,#8066,#8067,#8068,#8069,#8070,#8071,#8072,#8073,#8074,
#8075,#8076,#8077,#8078,#8079,#8080,#8081,#8082,#8083,#8084,#8085,#8086,
#8087,#8088,#8089,#8090,#8091,#8092,#8093,#8094,#8095,#8096,#8097,#8098,
#8099,#8100,#8101,#8102,#8103,#8104,#8105,#8106,#8107,#8108,#8109,#8110,
#8111,#8112,#8113,#8114,#8115,#8116,#8117,#8118,#8119,#8120,#8121,#8122,
#8123,#8124,#8125,#8126,#8127,#8128,#8129,#8130,#8131,#8132,#8133,#8134,
#8135,#8136,#8137,#8138,#8139,#8140,#8141,#8142,#8143,#8144,#8145,#8146));
#8148=ITEM_DEFINED_TRANSFORMATION($,$,#8190,#8191);
#8149=ITEM_DEFINED_TRANSFORMATION($,$,#8189,#8193);
#8150=ITEM_DEFINED_TRANSFORMATION($,$,#8192,#8194);
#8151=ITEM_DEFINED_TRANSFORMATION($,$,#8188,#8827);
#8152=(
REPRESENTATION_RELATIONSHIP($,$,#13779,#13778)
REPRESENTATION_RELATIONSHIP_WITH_TRANSFORMATION(#8148)
SHAPE_REPRESENTATION_RELATIONSHIP()
);
#8153=(
REPRESENTATION_RELATIONSHIP($,$,#13778,#13777)
REPRESENTATION_RELATIONSHIP_WITH_TRANSFORMATION(#8149)
SHAPE_REPRESENTATION_RELATIONSHIP()
);
#8154=(
REPRESENTATION_RELATIONSHIP($,$,#13780,#13777)
REPRESENTATION_RELATIONSHIP_WITH_TRANSFORMATION(#8150)
SHAPE_REPRESENTATION_RELATIONSHIP()
);
#8155=(
REPRESENTATION_RELATIONSHIP($,$,#13777,#13776)
REPRESENTATION_RELATIONSHIP_WITH_TRANSFORMATION(#8151)
SHAPE_REPRESENTATION_RELATIONSHIP()
);
#8156=CONTEXT_DEPENDENT_SHAPE_REPRESENTATION(#8152,#13771);
#8157=CONTEXT_DEPENDENT_SHAPE_REPRESENTATION(#8153,#13773);
#8158=CONTEXT_DEPENDENT_SHAPE_REPRESENTATION(#8154,#13774);
#8159=CONTEXT_DEPENDENT_SHAPE_REPRESENTATION(#8155,#13775);
#8160=NEXT_ASSEMBLY_USAGE_OCCURRENCE('Addon (1) (2):1',
'Addon (1) (2):1','Addon (1) (2):1',#13784,#13785,'Addon (1) (2):1');
#8161=NEXT_ASSEMBLY_USAGE_OCCURRENCE('Plate (1):1','Plate (1):1',
'Plate (1):1',#13783,#13784,'Plate (1):1');
#8162=NEXT_ASSEMBLY_USAGE_OCCURRENCE('Spacer (1):1','Spacer (1):1',
'Spacer (1):1',#13783,#13786,'Spacer (1):1');
#8163=NEXT_ASSEMBLY_USAGE_OCCURRENCE('Backplate:1','Backplate:1',
'Backplate:1',#13782,#13783,'Backplate:1');
#8164=DERIVED_UNIT_ELEMENT(#8168,1.);
#8165=DERIVED_UNIT_ELEMENT(#13759,-3.);
#8166=DERIVED_UNIT_ELEMENT(#8168,1.);
#8167=DERIVED_UNIT_ELEMENT(#13759,-3.);
#8168=(
MASS_UNIT()
NAMED_UNIT(*)
SI_UNIT(.KILO.,.GRAM.)
);
#8169=DERIVED_UNIT((#8164,#8165));
#8170=DERIVED_UNIT((#8166,#8167));
#8171=MEASURE_REPRESENTATION_ITEM('density measure',
POSITIVE_RATIO_MEASURE(7850.),#8169);
#8172=MEASURE_REPRESENTATION_ITEM('density measure',
POSITIVE_RATIO_MEASURE(7850.),#8170);
#8173=PROPERTY_DEFINITION_REPRESENTATION(#8183,#8177);
#8174=PROPERTY_DEFINITION_REPRESENTATION(#8184,#8178);
#8175=PROPERTY_DEFINITION_REPRESENTATION(#8185,#8179);
#8176=PROPERTY_DEFINITION_REPRESENTATION(#8186,#8180);
#8177=REPRESENTATION('material name',(#8181),#13755);
#8178=REPRESENTATION('density',(#8171),#13755);
#8179=REPRESENTATION('material name',(#8182),#13756);
#8180=REPRESENTATION('density',(#8172),#13756);
#8181=DESCRIPTIVE_REPRESENTATION_ITEM('Steel','Steel');
#8182=DESCRIPTIVE_REPRESENTATION_ITEM('Steel','Steel');
#8183=PROPERTY_DEFINITION('material property','material name',#13785);
#8184=PROPERTY_DEFINITION('material property','density of part',#13785);
#8185=PROPERTY_DEFINITION('material property','material name',#13786);
#8186=PROPERTY_DEFINITION('material property','density of part',#13786);
#8187=AXIS2_PLACEMENT_3D('',#11028,#8828,#8829);
#8188=AXIS2_PLACEMENT_3D('',#11029,#8830,#8831);
#8189=AXIS2_PLACEMENT_3D('',#11030,#8832,#8833);
#8190=AXIS2_PLACEMENT_3D('',#11031,#8834,#8835);
#8191=AXIS2_PLACEMENT_3D('',#11032,#8836,#8837);
#8192=AXIS2_PLACEMENT_3D('',#11033,#8838,#8839);
#8193=AXIS2_PLACEMENT_3D('',#11034,#8840,#8841);
#8194=AXIS2_PLACEMENT_3D('',#11035,#8842,#8843);
#8195=AXIS2_PLACEMENT_3D('',#11036,#8844,#8845);
#8196=AXIS2_PLACEMENT_3D('',#11041,#8847,#8848);
#8197=AXIS2_PLACEMENT_3D('',#11044,#8850,#8851);
#8198=AXIS2_PLACEMENT_3D('',#11046,#8852,#8853);
#8199=AXIS2_PLACEMENT_3D('',#11049,#8855,#8856);
#8200=AXIS2_PLACEMENT_3D('',#11050,#8857,#8858);
#8201=AXIS2_PLACEMENT_3D('',#11052,#8859,#8860);
#8202=AXIS2_PLACEMENT_3D('',#11053,#8861,#8862);
#8203=AXIS2_PLACEMENT_3D('',#11054,#8863,#8864);
#8204=AXIS2_PLACEMENT_3D('',#11055,#8865,#8866);
#8205=AXIS2_PLACEMENT_3D('',#11056,#8867,#8868);
#8206=AXIS2_PLACEMENT_3D('',#11069,#8875,#8876);
#8207=AXIS2_PLACEMENT_3D('',#11083,#8883,#8884);
#8208=AXIS2_PLACEMENT_3D('',#11089,#8887,#8888);
#8209=AXIS2_PLACEMENT_3D('',#11093,#8890,#8891);
#8210=AXIS2_PLACEMENT_3D('',#11097,#8893,#8894);
#8211=AXIS2_PLACEMENT_3D('',#11103,#8897,#8898);
#8212=AXIS2_PLACEMENT_3D('',#11115,#8905,#8906);
#8213=AXIS2_PLACEMENT_3D('',#11128,#8913,#8914);
#8214=AXIS2_PLACEMENT_3D('',#11140,#8920,#8921);
#8215=AXIS2_PLACEMENT_3D('',#11160,#8931,#8932);
#8216=AXIS2_PLACEMENT_3D('',#11171,#8938,#8939);
#8217=AXIS2_PLACEMENT_3D('',#11172,#8940,#8941);
#8218=AXIS2_PLACEMENT_3D('',#11176,#8943,#8944);
#8219=AXIS2_PLACEMENT_3D('',#11180,#8947,#8948);
#8220=AXIS2_PLACEMENT_3D('',#11183,#8949,#8950);
#8221=AXIS2_PLACEMENT_3D('',#11188,#8954,#8955);
#8222=AXIS2_PLACEMENT_3D('',#11192,#8957,#8958);
#8223=AXIS2_PLACEMENT_3D('',#11194,#8960,#8961);
#8224=AXIS2_PLACEMENT_3D('',#11198,#8963,#8964);
#8225=AXIS2_PLACEMENT_3D('',#11200,#8966,#8967);
#8226=AXIS2_PLACEMENT_3D('',#11206,#8971,#8972);
#8227=AXIS2_PLACEMENT_3D('',#11210,#8975,#8976);
#8228=AXIS2_PLACEMENT_3D('',#11216,#8980,#8981);
#8229=AXIS2_PLACEMENT_3D('',#11221,#8983,#8984);
#8230=AXIS2_PLACEMENT_3D('',#11223,#8985,#8986);
#8231=AXIS2_PLACEMENT_3D('',#11225,#8987,#8988);
#8232=AXIS2_PLACEMENT_3D('',#11231,#8991,#8992);
#8233=AXIS2_PLACEMENT_3D('',#11257,#9007,#9008);
#8234=AXIS2_PLACEMENT_3D('',#11267,#9014,#9015);
#8235=AXIS2_PLACEMENT_3D('',#11295,#9030,#9031);
#8236=AXIS2_PLACEMENT_3D('',#11301,#9034,#9035);
#8237=AXIS2_PLACEMENT_3D('',#11305,#9037,#9038);
#8238=AXIS2_PLACEMENT_3D('',#11335,#9053,#9054);
#8239=AXIS2_PLACEMENT_3D('',#11338,#9056,#9057);
#8240=AXIS2_PLACEMENT_3D('',#11340,#9058,#9059);
#8241=AXIS2_PLACEMENT_3D('',#11342,#9060,#9061);
#8242=AXIS2_PLACEMENT_3D('',#11395,#9088,#9089);
#8243=AXIS2_PLACEMENT_3D('',#11398,#9090,#9091);
#8244=AXIS2_PLACEMENT_3D('',#11402,#9094,#9095);
#8245=AXIS2_PLACEMENT_3D('',#11403,#9096,#9097);
#8246=AXIS2_PLACEMENT_3D('',#11411,#9102,#9103);
#8247=AXIS2_PLACEMENT_3D('',#11418,#9107,#9108);
#8248=AXIS2_PLACEMENT_3D('',#11419,#9109,#9110);
#8249=AXIS2_PLACEMENT_3D('',#11424,#9112,#9113);
#8250=AXIS2_PLACEMENT_3D('',#11433,#9115,#9116);
#8251=AXIS2_PLACEMENT_3D('',#11448,#9118,#9119);
#8252=AXIS2_PLACEMENT_3D('',#11466,#9121,#9122);
#8253=AXIS2_PLACEMENT_3D('',#11477,#9123,#9124);
#8254=AXIS2_PLACEMENT_3D('',#11483,#9127,#9128);
#8255=AXIS2_PLACEMENT_3D('',#11497,#9130,#9131);
#8256=AXIS2_PLACEMENT_3D('',#11501,#9133,#9134);
#8257=AXIS2_PLACEMENT_3D('',#11502,#9135,#9136);
#8258=AXIS2_PLACEMENT_3D('',#11503,#9137,#9138);
#8259=AXIS2_PLACEMENT_3D('',#11505,#9139,#9140);
#8260=AXIS2_PLACEMENT_3D('',#11508,#9142,#9143);
#8261=AXIS2_PLACEMENT_3D('',#11509,#9144,#9145);
#8262=AXIS2_PLACEMENT_3D('',#11514,#9147,#9148);
#8263=AXIS2_PLACEMENT_3D('',#11522,#9152,#9153);
#8264=AXIS2_PLACEMENT_3D('',#11529,#9157,#9158);
#8265=AXIS2_PLACEMENT_3D('',#11533,#9160,#9161);
#8266=AXIS2_PLACEMENT_3D('',#11563,#9176,#9177);
#8267=AXIS2_PLACEMENT_3D('',#11571,#9181,#9182);
#8268=AXIS2_PLACEMENT_3D('',#11579,#9186,#9187);
#8269=AXIS2_PLACEMENT_3D('',#11583,#9189,#9190);
#8270=AXIS2_PLACEMENT_3D('',#11586,#9192,#9193);
#8271=AXIS2_PLACEMENT_3D('',#11590,#9196,#9197);
#8272=AXIS2_PLACEMENT_3D('',#11592,#9198,#9199);
#8273=AXIS2_PLACEMENT_3D('',#11594,#9200,#9201);
#8274=AXIS2_PLACEMENT_3D('',#11660,#9234,#9235);
#8275=AXIS2_PLACEMENT_3D('',#11677,#9244,#9245);
#8276=AXIS2_PLACEMENT_3D('',#11680,#9247,#9248);
#8277=AXIS2_PLACEMENT_3D('',#11681,#9249,#9250);
#8278=AXIS2_PLACEMENT_3D('',#11685,#9252,#9253);
#8279=AXIS2_PLACEMENT_3D('',#11686,#9254,#9255);
#8280=AXIS2_PLACEMENT_3D('',#11687,#9256,#9257);
#8281=AXIS2_PLACEMENT_3D('',#11688,#9258,#9259);
#8282=AXIS2_PLACEMENT_3D('',#11689,#9260,#9261);
#8283=AXIS2_PLACEMENT_3D('',#11691,#9262,#9263);
#8284=AXIS2_PLACEMENT_3D('',#11693,#9264,#9265);
#8285=AXIS2_PLACEMENT_3D('',#11695,#9267,#9268);
#8286=AXIS2_PLACEMENT_3D('',#11699,#9270,#9271);
#8287=AXIS2_PLACEMENT_3D('',#11707,#9276,#9277);
#8288=AXIS2_PLACEMENT_3D('',#11708,#9278,#9279);
#8289=AXIS2_PLACEMENT_3D('',#11709,#9280,#9281);
#8290=AXIS2_PLACEMENT_3D('',#11712,#9282,#9283);
#8291=AXIS2_PLACEMENT_3D('',#11716,#9285,#9286);
#8292=AXIS2_PLACEMENT_3D('',#11718,#9287,#9288);
#8293=AXIS2_PLACEMENT_3D('',#11721,#9290,#9291);
#8294=AXIS2_PLACEMENT_3D('',#11722,#9292,#9293);
#8295=AXIS2_PLACEMENT_3D('',#11723,#9294,#9295);
#8296=AXIS2_PLACEMENT_3D('',#11724,#9296,#9297);
#8297=AXIS2_PLACEMENT_3D('',#11725,#9298,#9299);
#8298=AXIS2_PLACEMENT_3D('',#11732,#9303,#9304);
#8299=AXIS2_PLACEMENT_3D('',#11733,#9305,#9306);
#8300=AXIS2_PLACEMENT_3D('',#11735,#9307,#9308);
#8301=AXIS2_PLACEMENT_3D('',#11741,#9312,#9313);
#8302=AXIS2_PLACEMENT_3D('',#11748,#9317,#9318);
#8303=AXIS2_PLACEMENT_3D('',#11749,#9319,#9320);
#8304=AXIS2_PLACEMENT_3D('',#11751,#9322,#9323);
#8305=AXIS2_PLACEMENT_3D('',#11755,#9326,#9327);
#8306=AXIS2_PLACEMENT_3D('',#11759,#9330,#9331);
#8307=AXIS2_PLACEMENT_3D('',#11761,#9332,#9333);
#8308=AXIS2_PLACEMENT_3D('',#11767,#9337,#9338);
#8309=AXIS2_PLACEMENT_3D('',#11771,#9341,#9342);
#8310=AXIS2_PLACEMENT_3D('',#11775,#9345,#9346);
#8311=AXIS2_PLACEMENT_3D('',#11782,#9350,#9351);
#8312=AXIS2_PLACEMENT_3D('',#11783,#9352,#9353);
#8313=AXIS2_PLACEMENT_3D('',#11787,#9356,#9357);
#8314=AXIS2_PLACEMENT_3D('',#11788,#9358,#9359);
#8315=AXIS2_PLACEMENT_3D('',#11789,#9360,#9361);
#8316=AXIS2_PLACEMENT_3D('',#11792,#9363,#9364);
#8317=AXIS2_PLACEMENT_3D('',#11793,#9365,#9366);
#8318=AXIS2_PLACEMENT_3D('',#11797,#9369,#9370);
#8319=AXIS2_PLACEMENT_3D('',#11802,#9373,#9374);
#8320=AXIS2_PLACEMENT_3D('',#11803,#9375,#9376);
#8321=AXIS2_PLACEMENT_3D('',#11812,#9381,#9382);
#8322=AXIS2_PLACEMENT_3D('',#11818,#9386,#9387);
#8323=AXIS2_PLACEMENT_3D('',#11824,#9391,#9392);
#8324=AXIS2_PLACEMENT_3D('',#11830,#9396,#9397);
#8325=AXIS2_PLACEMENT_3D('',#11838,#9402,#9403);
#8326=AXIS2_PLACEMENT_3D('',#11842,#9406,#9407);
#8327=AXIS2_PLACEMENT_3D('',#11846,#9410,#9411);
#8328=AXIS2_PLACEMENT_3D('',#11850,#9414,#9415);
#8329=AXIS2_PLACEMENT_3D('',#11855,#9419,#9420);
#8330=AXIS2_PLACEMENT_3D('',#11859,#9423,#9424);
#8331=AXIS2_PLACEMENT_3D('',#11861,#9426,#9427);
#8332=AXIS2_PLACEMENT_3D('',#11863,#9429,#9430);
#8333=AXIS2_PLACEMENT_3D('',#11865,#9431,#9432);
#8334=AXIS2_PLACEMENT_3D('',#11866,#9433,#9434);
#8335=AXIS2_PLACEMENT_3D('',#11869,#9436,#9437);
#8336=AXIS2_PLACEMENT_3D('',#11870,#9438,#9439);
#8337=AXIS2_PLACEMENT_3D('',#11872,#9440,#9441);
#8338=AXIS2_PLACEMENT_3D('',#11873,#9442,#9443);
#8339=AXIS2_PLACEMENT_3D('',#11875,#9445,#9446);
#8340=AXIS2_PLACEMENT_3D('',#11877,#9447,#9448);
#8341=AXIS2_PLACEMENT_3D('',#11879,#9450,#9451);
#8342=AXIS2_PLACEMENT_3D('',#11881,#9452,#9453);
#8343=AXIS2_PLACEMENT_3D('',#11884,#9455,#9456);
#8344=AXIS2_PLACEMENT_3D('',#11885,#9457,#9458);
#8345=AXIS2_PLACEMENT_3D('',#11887,#9459,#9460);
#8346=AXIS2_PLACEMENT_3D('',#11888,#9461,#9462);
#8347=AXIS2_PLACEMENT_3D('',#11890,#9463,#9464);
#8348=AXIS2_PLACEMENT_3D('',#11892,#9466,#9467);
#8349=AXIS2_PLACEMENT_3D('',#11894,#9469,#9470);
#8350=AXIS2_PLACEMENT_3D('',#11897,#9471,#9472);
#8351=AXIS2_PLACEMENT_3D('',#11900,#9474,#9475);
#8352=AXIS2_PLACEMENT_3D('',#11901,#9476,#9477);
#8353=AXIS2_PLACEMENT_3D('',#11902,#9478,#9479);
#8354=AXIS2_PLACEMENT_3D('',#11904,#9481,#9482);
#8355=AXIS2_PLACEMENT_3D('',#11906,#9484,#9485);
#8356=AXIS2_PLACEMENT_3D('',#11914,#9490,#9491);
#8357=AXIS2_PLACEMENT_3D('',#11920,#9495,#9496);
#8358=AXIS2_PLACEMENT_3D('',#11923,#9499,#9500);
#8359=AXIS2_PLACEMENT_3D('',#11928,#9504,#9505);
#8360=AXIS2_PLACEMENT_3D('',#11934,#9509,#9510);
#8361=AXIS2_PLACEMENT_3D('',#11940,#9514,#9515);
#8362=AXIS2_PLACEMENT_3D('',#11942,#9517,#9518);
#8363=AXIS2_PLACEMENT_3D('',#11943,#9519,#9520);
#8364=AXIS2_PLACEMENT_3D('',#11949,#9524,#9525);
#8365=AXIS2_PLACEMENT_3D('',#11953,#9528,#9529);
#8366=AXIS2_PLACEMENT_3D('',#11957,#9532,#9533);
#8367=AXIS2_PLACEMENT_3D('',#11959,#9535,#9536);
#8368=AXIS2_PLACEMENT_3D('',#11965,#9540,#9541);
#8369=AXIS2_PLACEMENT_3D('',#11969,#9544,#9545);
#8370=AXIS2_PLACEMENT_3D('',#11973,#9548,#9549);
#8371=AXIS2_PLACEMENT_3D('',#11979,#9553,#9554);
#8372=AXIS2_PLACEMENT_3D('',#11985,#9558,#9559);
#8373=AXIS2_PLACEMENT_3D('',#11988,#9562,#9563);
#8374=AXIS2_PLACEMENT_3D('',#11989,#9564,#9565);
#8375=AXIS2_PLACEMENT_3D('',#11991,#9567,#9568);
#8376=AXIS2_PLACEMENT_3D('',#11993,#9570,#9571);
#8377=AXIS2_PLACEMENT_3D('',#11995,#9573,#9574);
#8378=AXIS2_PLACEMENT_3D('',#11997,#9576,#9577);
#8379=AXIS2_PLACEMENT_3D('',#11999,#9579,#9580);
#8380=AXIS2_PLACEMENT_3D('',#12000,#9581,#9582);
#8381=AXIS2_PLACEMENT_3D('',#12001,#9583,#9584);
#8382=AXIS2_PLACEMENT_3D('',#12002,#9585,#9586);
#8383=AXIS2_PLACEMENT_3D('',#12007,#9588,#9589);
#8384=AXIS2_PLACEMENT_3D('',#12010,#9591,#9592);
#8385=AXIS2_PLACEMENT_3D('',#12011,#9593,#9594);
#8386=AXIS2_PLACEMENT_3D('',#12016,#9596,#9597);
#8387=AXIS2_PLACEMENT_3D('',#12019,#9599,#9600);
#8388=AXIS2_PLACEMENT_3D('',#12020,#9601,#9602);
#8389=AXIS2_PLACEMENT_3D('',#12022,#9603,#9604);
#8390=AXIS2_PLACEMENT_3D('',#12023,#9605,#9606);
#8391=AXIS2_PLACEMENT_3D('',#12024,#9607,#9608);
#8392=AXIS2_PLACEMENT_3D('',#12035,#9609,#9610);
#8393=AXIS2_PLACEMENT_3D('',#12046,#9611,#9612);
#8394=AXIS2_PLACEMENT_3D('',#12048,#9613,#9614);
#8395=AXIS2_PLACEMENT_3D('',#12050,#9615,#9616);
#8396=AXIS2_PLACEMENT_3D('',#12052,#9617,#9618);
#8397=AXIS2_PLACEMENT_3D('',#12055,#9620,#9621);
#8398=AXIS2_PLACEMENT_3D('',#12056,#9622,#9623);
#8399=AXIS2_PLACEMENT_3D('',#12058,#9625,#9626);
#8400=AXIS2_PLACEMENT_3D('',#12059,#9627,#9628);
#8401=AXIS2_PLACEMENT_3D('',#12070,#9634,#9635);
#8402=AXIS2_PLACEMENT_3D('',#12080,#9640,#9641);
#8403=AXIS2_PLACEMENT_3D('',#12087,#9645,#9646);
#8404=AXIS2_PLACEMENT_3D('',#12088,#9647,#9648);
#8405=AXIS2_PLACEMENT_3D('',#12092,#9650,#9651);
#8406=AXIS2_PLACEMENT_3D('',#12094,#9652,#9653);
#8407=AXIS2_PLACEMENT_3D('',#12098,#9655,#9656);
#8408=AXIS2_PLACEMENT_3D('',#12100,#9657,#9658);
#8409=AXIS2_PLACEMENT_3D('',#12102,#9660,#9661);
#8410=AXIS2_PLACEMENT_3D('',#12148,#9662,#9663);
#8411=AXIS2_PLACEMENT_3D('',#12153,#9666,#9667);
#8412=AXIS2_PLACEMENT_3D('',#12163,#9673,#9674);
#8413=AXIS2_PLACEMENT_3D('',#12166,#9676,#9677);
#8414=AXIS2_PLACEMENT_3D('',#12167,#9678,#9679);
#8415=AXIS2_PLACEMENT_3D('',#12169,#9680,#9681);
#8416=AXIS2_PLACEMENT_3D('',#12170,#9682,#9683);
#8417=AXIS2_PLACEMENT_3D('',#12175,#9686,#9687);
#8418=AXIS2_PLACEMENT_3D('',#12176,#9688,#9689);
#8419=AXIS2_PLACEMENT_3D('',#12178,#9690,#9691);
#8420=AXIS2_PLACEMENT_3D('',#12182,#9693,#9694);
#8421=AXIS2_PLACEMENT_3D('',#12183,#9695,#9696);
#8422=AXIS2_PLACEMENT_3D('',#12184,#9697,#9698);
#8423=AXIS2_PLACEMENT_3D('',#12186,#9700,#9701);
#8424=AXIS2_PLACEMENT_3D('',#12190,#9704,#9705);
#8425=AXIS2_PLACEMENT_3D('',#12195,#9707,#9708);
#8426=AXIS2_PLACEMENT_3D('',#12198,#9710,#9711);
#8427=AXIS2_PLACEMENT_3D('',#12200,#9712,#9713);
#8428=AXIS2_PLACEMENT_3D('',#12202,#9714,#9715);
#8429=AXIS2_PLACEMENT_3D('',#12205,#9717,#9718);
#8430=AXIS2_PLACEMENT_3D('',#12206,#9719,#9720);
#8431=AXIS2_PLACEMENT_3D('',#12208,#9721,#9722);
#8432=AXIS2_PLACEMENT_3D('',#12209,#9723,#9724);
#8433=AXIS2_PLACEMENT_3D('',#12211,#9726,#9727);
#8434=AXIS2_PLACEMENT_3D('',#12212,#9728,#9729);
#8435=AXIS2_PLACEMENT_3D('',#12213,#9730,#9731);
#8436=AXIS2_PLACEMENT_3D('',#12215,#9732,#9733);
#8437=AXIS2_PLACEMENT_3D('',#12223,#9737,#9738);
#8438=AXIS2_PLACEMENT_3D('',#12241,#9748,#9749);
#8439=AXIS2_PLACEMENT_3D('',#12249,#9753,#9754);
#8440=AXIS2_PLACEMENT_3D('',#12255,#9757,#9758);
#8441=AXIS2_PLACEMENT_3D('',#12277,#9770,#9771);
#8442=AXIS2_PLACEMENT_3D('',#12279,#9772,#9773);
#8443=AXIS2_PLACEMENT_3D('',#12281,#9775,#9776);
#8444=AXIS2_PLACEMENT_3D('',#12291,#9782,#9783);
#8445=AXIS2_PLACEMENT_3D('',#12293,#9785,#9786);
#8446=AXIS2_PLACEMENT_3D('',#12298,#9790,#9791);
#8447=AXIS2_PLACEMENT_3D('',#12304,#9795,#9796);
#8448=AXIS2_PLACEMENT_3D('',#12310,#9800,#9801);
#8449=AXIS2_PLACEMENT_3D('',#12312,#9802,#9803);
#8450=AXIS2_PLACEMENT_3D('',#12314,#9805,#9806);
#8451=AXIS2_PLACEMENT_3D('',#12318,#9809,#9810);
#8452=AXIS2_PLACEMENT_3D('',#12319,#9811,#9812);
#8453=AXIS2_PLACEMENT_3D('',#12320,#9813,#9814);
#8454=AXIS2_PLACEMENT_3D('',#12322,#9816,#9817);
#8455=AXIS2_PLACEMENT_3D('',#12352,#9820,#9821);
#8456=AXIS2_PLACEMENT_3D('',#12353,#9822,#9823);
#8457=AXIS2_PLACEMENT_3D('',#12358,#9825,#9826);
#8458=AXIS2_PLACEMENT_3D('',#12360,#9827,#9828);
#8459=AXIS2_PLACEMENT_3D('',#12364,#9830,#9831);
#8460=AXIS2_PLACEMENT_3D('',#12367,#9833,#9834);
#8461=AXIS2_PLACEMENT_3D('',#12368,#9835,#9836);
#8462=AXIS2_PLACEMENT_3D('',#12369,#9837,#9838);
#8463=AXIS2_PLACEMENT_3D('',#12379,#9844,#9845);
#8464=AXIS2_PLACEMENT_3D('',#12400,#9846,#9847);
#8465=AXIS2_PLACEMENT_3D('',#12411,#9854,#9855);
#8466=AXIS2_PLACEMENT_3D('',#12419,#9859,#9860);
#8467=AXIS2_PLACEMENT_3D('',#12426,#9864,#9865);
#8468=AXIS2_PLACEMENT_3D('',#12427,#9866,#9867);
#8469=AXIS2_PLACEMENT_3D('',#12433,#9870,#9871);
#8470=AXIS2_PLACEMENT_3D('',#12435,#9872,#9873);
#8471=AXIS2_PLACEMENT_3D('',#12439,#9875,#9876);
#8472=AXIS2_PLACEMENT_3D('',#12440,#9877,#9878);
#8473=AXIS2_PLACEMENT_3D('',#12441,#9879,#9880);
#8474=AXIS2_PLACEMENT_3D('',#12444,#9882,#9883);
#8475=AXIS2_PLACEMENT_3D('',#12445,#9884,#9885);
#8476=AXIS2_PLACEMENT_3D('',#12447,#9886,#9887);
#8477=AXIS2_PLACEMENT_3D('',#12448,#9888,#9889);
#8478=AXIS2_PLACEMENT_3D('',#12450,#9891,#9892);
#8479=AXIS2_PLACEMENT_3D('',#12454,#9895,#9896);
#8480=AXIS2_PLACEMENT_3D('',#12456,#9897,#9898);
#8481=AXIS2_PLACEMENT_3D('',#12457,#9899,#9900);
#8482=AXIS2_PLACEMENT_3D('',#12459,#9902,#9903);
#8483=AXIS2_PLACEMENT_3D('',#12461,#9904,#9905);
#8484=AXIS2_PLACEMENT_3D('',#12462,#9906,#9907);
#8485=AXIS2_PLACEMENT_3D('',#12463,#9908,#9909);
#8486=AXIS2_PLACEMENT_3D('',#12466,#9911,#9912);
#8487=AXIS2_PLACEMENT_3D('',#12467,#9913,#9914);
#8488=AXIS2_PLACEMENT_3D('',#12473,#9918,#9919);
#8489=AXIS2_PLACEMENT_3D('',#12481,#9924,#9925);
#8490=AXIS2_PLACEMENT_3D('',#12484,#9927,#9928);
#8491=AXIS2_PLACEMENT_3D('',#12485,#9929,#9930);
#8492=AXIS2_PLACEMENT_3D('',#12488,#9932,#9933);
#8493=AXIS2_PLACEMENT_3D('',#12489,#9934,#9935);
#8494=AXIS2_PLACEMENT_3D('',#12492,#9937,#9938);
#8495=AXIS2_PLACEMENT_3D('',#12493,#9939,#9940);
#8496=AXIS2_PLACEMENT_3D('',#12503,#9946,#9947);
#8497=AXIS2_PLACEMENT_3D('',#12507,#9950,#9951);
#8498=AXIS2_PLACEMENT_3D('',#12509,#9953,#9954);
#8499=AXIS2_PLACEMENT_3D('',#12512,#9956,#9957);
#8500=AXIS2_PLACEMENT_3D('',#12513,#9958,#9959);
#8501=AXIS2_PLACEMENT_3D('',#12516,#9961,#9962);
#8502=AXIS2_PLACEMENT_3D('',#12517,#9963,#9964);
#8503=AXIS2_PLACEMENT_3D('',#12520,#9966,#9967);
#8504=AXIS2_PLACEMENT_3D('',#12524,#9969,#9970);
#8505=AXIS2_PLACEMENT_3D('',#12526,#9972,#9973);
#8506=AXIS2_PLACEMENT_3D('',#12535,#9978,#9979);
#8507=AXIS2_PLACEMENT_3D('',#12541,#9983,#9984);
#8508=AXIS2_PLACEMENT_3D('',#12550,#9989,#9990);
#8509=AXIS2_PLACEMENT_3D('',#12556,#9994,#9995);
#8510=AXIS2_PLACEMENT_3D('',#12559,#9998,#9999);
#8511=AXIS2_PLACEMENT_3D('',#12565,#10003,#10004);
#8512=AXIS2_PLACEMENT_3D('',#12569,#10007,#10008);
#8513=AXIS2_PLACEMENT_3D('',#12573,#10011,#10012);
#8514=AXIS2_PLACEMENT_3D('',#12577,#10015,#10016);
#8515=AXIS2_PLACEMENT_3D('',#12581,#10019,#10020);
#8516=AXIS2_PLACEMENT_3D('',#12584,#10022,#10023);
#8517=AXIS2_PLACEMENT_3D('',#12585,#10024,#10025);
#8518=AXIS2_PLACEMENT_3D('',#12588,#10028,#10029);
#8519=AXIS2_PLACEMENT_3D('',#12589,#10030,#10031);
#8520=AXIS2_PLACEMENT_3D('',#12598,#10036,#10037);
#8521=AXIS2_PLACEMENT_3D('',#12604,#10041,#10042);
#8522=AXIS2_PLACEMENT_3D('',#12610,#10046,#10047);
#8523=AXIS2_PLACEMENT_3D('',#12614,#10050,#10051);
#8524=AXIS2_PLACEMENT_3D('',#12620,#10055,#10056);
#8525=AXIS2_PLACEMENT_3D('',#12626,#10060,#10061);
#8526=AXIS2_PLACEMENT_3D('',#12632,#10065,#10066);
#8527=AXIS2_PLACEMENT_3D('',#12635,#10069,#10070);
#8528=AXIS2_PLACEMENT_3D('',#12641,#10074,#10075);
#8529=AXIS2_PLACEMENT_3D('',#12643,#10077,#10078);
#8530=AXIS2_PLACEMENT_3D('',#12647,#10081,#10082);
#8531=AXIS2_PLACEMENT_3D('',#12649,#10084,#10085);
#8532=AXIS2_PLACEMENT_3D('',#12650,#10086,#10087);
#8533=AXIS2_PLACEMENT_3D('',#12687,#10089,#10090);
#8534=AXIS2_PLACEMENT_3D('',#12689,#10092,#10093);
#8535=AXIS2_PLACEMENT_3D('',#12729,#10095,#10096);
#8536=AXIS2_PLACEMENT_3D('',#12734,#10098,#10099);
#8537=AXIS2_PLACEMENT_3D('',#12736,#10101,#10102);
#8538=AXIS2_PLACEMENT_3D('',#12737,#10103,#10104);
#8539=AXIS2_PLACEMENT_3D('',#12739,#10106,#10107);
#8540=AXIS2_PLACEMENT_3D('',#12745,#10111,#10112);
#8541=AXIS2_PLACEMENT_3D('',#12751,#10116,#10117);
#8542=AXIS2_PLACEMENT_3D('',#12753,#10119,#10120);
#8543=AXIS2_PLACEMENT_3D('',#12757,#10123,#10124);
#8544=AXIS2_PLACEMENT_3D('',#12761,#10127,#10128);
#8545=AXIS2_PLACEMENT_3D('',#12763,#10129,#10130);
#8546=AXIS2_PLACEMENT_3D('',#12764,#10131,#10132);
#8547=AXIS2_PLACEMENT_3D('',#12766,#10133,#10134);
#8548=AXIS2_PLACEMENT_3D('',#12768,#10136,#10137);
#8549=AXIS2_PLACEMENT_3D('',#12770,#10138,#10139);
#8550=AXIS2_PLACEMENT_3D('',#12771,#10140,#10141);
#8551=AXIS2_PLACEMENT_3D('',#12773,#10142,#10143);
#8552=AXIS2_PLACEMENT_3D('',#12775,#10145,#10146);
#8553=AXIS2_PLACEMENT_3D('',#12777,#10148,#10149);
#8554=AXIS2_PLACEMENT_3D('',#12779,#10151,#10152);
#8555=AXIS2_PLACEMENT_3D('',#12783,#10154,#10155);
#8556=AXIS2_PLACEMENT_3D('',#12786,#10157,#10158);
#8557=AXIS2_PLACEMENT_3D('',#12787,#10159,#10160);
#8558=AXIS2_PLACEMENT_3D('',#12789,#10162,#10163);
#8559=AXIS2_PLACEMENT_3D('',#12795,#10167,#10168);
#8560=AXIS2_PLACEMENT_3D('',#12797,#10169,#10170);
#8561=AXIS2_PLACEMENT_3D('',#12809,#10178,#10179);
#8562=AXIS2_PLACEMENT_3D('',#12811,#10180,#10181);
#8563=AXIS2_PLACEMENT_3D('',#12812,#10182,#10183);
#8564=AXIS2_PLACEMENT_3D('',#12814,#10184,#10185);
#8565=AXIS2_PLACEMENT_3D('',#12815,#10186,#10187);
#8566=AXIS2_PLACEMENT_3D('',#12817,#10188,#10189);
#8567=AXIS2_PLACEMENT_3D('',#12819,#10191,#10192);
#8568=AXIS2_PLACEMENT_3D('',#12822,#10194,#10195);
#8569=AXIS2_PLACEMENT_3D('',#12823,#10196,#10197);
#8570=AXIS2_PLACEMENT_3D('',#12825,#10198,#10199);
#8571=AXIS2_PLACEMENT_3D('',#12826,#10200,#10201);
#8572=AXIS2_PLACEMENT_3D('',#12834,#10206,#10207);
#8573=AXIS2_PLACEMENT_3D('',#12836,#10208,#10209);
#8574=AXIS2_PLACEMENT_3D('',#12838,#10211,#10212);
#8575=AXIS2_PLACEMENT_3D('',#12839,#10213,#10214);
#8576=AXIS2_PLACEMENT_3D('',#12840,#10215,#10216);
#8577=AXIS2_PLACEMENT_3D('',#12842,#10217,#10218);
#8578=AXIS2_PLACEMENT_3D('',#12843,#10219,#10220);
#8579=AXIS2_PLACEMENT_3D('',#12846,#10221,#10222);
#8580=AXIS2_PLACEMENT_3D('',#12852,#10224,#10225);
#8581=AXIS2_PLACEMENT_3D('',#12856,#10228,#10229);
#8582=AXIS2_PLACEMENT_3D('',#12860,#10232,#10233);
#8583=AXIS2_PLACEMENT_3D('',#12862,#10234,#10235);
#8584=AXIS2_PLACEMENT_3D('',#12864,#10237,#10238);
#8585=AXIS2_PLACEMENT_3D('',#12871,#10242,#10243);
#8586=AXIS2_PLACEMENT_3D('',#12872,#10244,#10245);
#8587=AXIS2_PLACEMENT_3D('',#12875,#10248,#10249);
#8588=AXIS2_PLACEMENT_3D('',#12877,#10250,#10251);
#8589=AXIS2_PLACEMENT_3D('',#12879,#10253,#10254);
#8590=AXIS2_PLACEMENT_3D('',#12886,#10256,#10257);
#8591=AXIS2_PLACEMENT_3D('',#12887,#10258,#10259);
#8592=AXIS2_PLACEMENT_3D('',#12890,#10262,#10263);
#8593=AXIS2_PLACEMENT_3D('',#12892,#10265,#10266);
#8594=AXIS2_PLACEMENT_3D('',#12894,#10268,#10269);
#8595=AXIS2_PLACEMENT_3D('',#12895,#10270,#10271);
#8596=AXIS2_PLACEMENT_3D('',#12901,#10275,#10276);
#8597=AXIS2_PLACEMENT_3D('',#12903,#10277,#10278);
#8598=AXIS2_PLACEMENT_3D('',#12905,#10280,#10281);
#8599=AXIS2_PLACEMENT_3D('',#12910,#10282,#10283);
#8600=AXIS2_PLACEMENT_3D('',#12916,#10287,#10288);
#8601=AXIS2_PLACEMENT_3D('',#12920,#10291,#10292);
#8602=AXIS2_PLACEMENT_3D('',#12924,#10295,#10296);
#8603=AXIS2_PLACEMENT_3D('',#12926,#10298,#10299);
#8604=AXIS2_PLACEMENT_3D('',#12929,#10302,#10303);
#8605=AXIS2_PLACEMENT_3D('',#12933,#10306,#10307);
#8606=AXIS2_PLACEMENT_3D('',#12941,#10312,#10313);
#8607=AXIS2_PLACEMENT_3D('',#12944,#10314,#10315);
#8608=AXIS2_PLACEMENT_3D('',#12948,#10317,#10318);
#8609=AXIS2_PLACEMENT_3D('',#12950,#10320,#10321);
#8610=AXIS2_PLACEMENT_3D('',#12964,#10329,#10330);
#8611=AXIS2_PLACEMENT_3D('',#12972,#10335,#10336);
#8612=AXIS2_PLACEMENT_3D('',#12976,#10339,#10340);
#8613=AXIS2_PLACEMENT_3D('',#12978,#10341,#10342);
#8614=AXIS2_PLACEMENT_3D('',#12980,#10344,#10345);
#8615=AXIS2_PLACEMENT_3D('',#12990,#10351,#10352);
#8616=AXIS2_PLACEMENT_3D('',#12992,#10354,#10355);
#8617=AXIS2_PLACEMENT_3D('',#12993,#10356,#10357);
#8618=AXIS2_PLACEMENT_3D('',#12994,#10358,#10359);
#8619=AXIS2_PLACEMENT_3D('',#12995,#10360,#10361);
#8620=AXIS2_PLACEMENT_3D('',#12996,#10362,#10363);
#8621=AXIS2_PLACEMENT_3D('',#13005,#10365,#10366);
#8622=AXIS2_PLACEMENT_3D('',#13019,#10367,#10368);
#8623=AXIS2_PLACEMENT_3D('',#13039,#10370,#10371);
#8624=AXIS2_PLACEMENT_3D('',#13041,#10373,#10374);
#8625=AXIS2_PLACEMENT_3D('',#13042,#10375,#10376);
#8626=AXIS2_PLACEMENT_3D('',#13043,#10377,#10378);
#8627=AXIS2_PLACEMENT_3D('',#13044,#10379,#10380);
#8628=AXIS2_PLACEMENT_3D('',#13045,#10381,#10382);
#8629=AXIS2_PLACEMENT_3D('',#13047,#10384,#10385);
#8630=AXIS2_PLACEMENT_3D('',#13048,#10386,#10387);
#8631=AXIS2_PLACEMENT_3D('',#13050,#10389,#10390);
#8632=AXIS2_PLACEMENT_3D('',#13052,#10392,#10393);
#8633=AXIS2_PLACEMENT_3D('',#13054,#10395,#10396);
#8634=AXIS2_PLACEMENT_3D('',#13056,#10398,#10399);
#8635=AXIS2_PLACEMENT_3D('',#13058,#10401,#10402);
#8636=AXIS2_PLACEMENT_3D('',#13060,#10404,#10405);
#8637=AXIS2_PLACEMENT_3D('',#13062,#10407,#10408);
#8638=AXIS2_PLACEMENT_3D('',#13064,#10410,#10411);
#8639=AXIS2_PLACEMENT_3D('',#13066,#10413,#10414);
#8640=AXIS2_PLACEMENT_3D('',#13068,#10416,#10417);
#8641=AXIS2_PLACEMENT_3D('',#13071,#10420,#10421);
#8642=AXIS2_PLACEMENT_3D('',#13072,#10422,#10423);
#8643=AXIS2_PLACEMENT_3D('',#13074,#10424,#10425);
#8644=AXIS2_PLACEMENT_3D('',#13076,#10427,#10428);
#8645=AXIS2_PLACEMENT_3D('',#13080,#10431,#10432);
#8646=AXIS2_PLACEMENT_3D('',#13082,#10434,#10435);
#8647=AXIS2_PLACEMENT_3D('',#13084,#10437,#10438);
#8648=AXIS2_PLACEMENT_3D('',#13085,#10439,#10440);
#8649=AXIS2_PLACEMENT_3D('',#13087,#10442,#10443);
#8650=AXIS2_PLACEMENT_3D('',#13089,#10445,#10446);
#8651=AXIS2_PLACEMENT_3D('',#13091,#10448,#10449);
#8652=AXIS2_PLACEMENT_3D('',#13093,#10451,#10452);
#8653=AXIS2_PLACEMENT_3D('',#13094,#10453,#10454);
#8654=AXIS2_PLACEMENT_3D('',#13095,#10455,#10456);
#8655=AXIS2_PLACEMENT_3D('',#13096,#10457,#10458);
#8656=AXIS2_PLACEMENT_3D('',#13097,#10459,#10460);
#8657=AXIS2_PLACEMENT_3D('',#13100,#10463,#10464);
#8658=AXIS2_PLACEMENT_3D('',#13101,#10465,#10466);
#8659=AXIS2_PLACEMENT_3D('',#13102,#10467,#10468);
#8660=AXIS2_PLACEMENT_3D('',#13103,#10469,#10470);
#8661=AXIS2_PLACEMENT_3D('',#13105,#10472,#10473);
#8662=AXIS2_PLACEMENT_3D('',#13109,#10476,#10477);
#8663=AXIS2_PLACEMENT_3D('',#13111,#10479,#10480);
#8664=AXIS2_PLACEMENT_3D('',#13113,#10482,#10483);
#8665=AXIS2_PLACEMENT_3D('',#13116,#10486,#10487);
#8666=AXIS2_PLACEMENT_3D('',#13118,#10489,#10490);
#8667=AXIS2_PLACEMENT_3D('',#13119,#10491,#10492);
#8668=AXIS2_PLACEMENT_3D('',#13121,#10494,#10495);
#8669=AXIS2_PLACEMENT_3D('',#13123,#10497,#10498);
#8670=AXIS2_PLACEMENT_3D('',#13125,#10500,#10501);
#8671=AXIS2_PLACEMENT_3D('',#13126,#10502,#10503);
#8672=AXIS2_PLACEMENT_3D('',#13128,#10504,#10505);
#8673=AXIS2_PLACEMENT_3D('',#13130,#10506,#10507);
#8674=AXIS2_PLACEMENT_3D('',#13134,#10509,#10510);
#8675=AXIS2_PLACEMENT_3D('',#13148,#10512,#10513);
#8676=AXIS2_PLACEMENT_3D('',#13150,#10515,#10516);
#8677=AXIS2_PLACEMENT_3D('',#13151,#10517,#10518);
#8678=AXIS2_PLACEMENT_3D('',#13152,#10519,#10520);
#8679=AXIS2_PLACEMENT_3D('',#13154,#10521,#10522);
#8680=AXIS2_PLACEMENT_3D('',#13156,#10524,#10525);
#8681=AXIS2_PLACEMENT_3D('',#13166,#10531,#10532);
#8682=AXIS2_PLACEMENT_3D('',#13170,#10535,#10536);
#8683=AXIS2_PLACEMENT_3D('',#13174,#10539,#10540);
#8684=AXIS2_PLACEMENT_3D('',#13178,#10543,#10544);
#8685=AXIS2_PLACEMENT_3D('',#13187,#10550,#10551);
#8686=AXIS2_PLACEMENT_3D('',#13191,#10554,#10555);
#8687=AXIS2_PLACEMENT_3D('',#13196,#10559,#10560);
#8688=AXIS2_PLACEMENT_3D('',#13198,#10562,#10563);
#8689=AXIS2_PLACEMENT_3D('',#13200,#10565,#10566);
#8690=AXIS2_PLACEMENT_3D('',#13201,#10567,#10568);
#8691=AXIS2_PLACEMENT_3D('',#13206,#10572,#10573);
#8692=AXIS2_PLACEMENT_3D('',#13208,#10575,#10576);
#8693=AXIS2_PLACEMENT_3D('',#13210,#10578,#10579);
#8694=AXIS2_PLACEMENT_3D('',#13216,#10583,#10584);
#8695=AXIS2_PLACEMENT_3D('',#13220,#10587,#10588);
#8696=AXIS2_PLACEMENT_3D('',#13229,#10594,#10595);
#8697=AXIS2_PLACEMENT_3D('',#13233,#10598,#10599);
#8698=AXIS2_PLACEMENT_3D('',#13237,#10602,#10603);
#8699=AXIS2_PLACEMENT_3D('',#13239,#10605,#10606);
#8700=AXIS2_PLACEMENT_3D('',#13241,#10607,#10608);
#8701=AXIS2_PLACEMENT_3D('',#13243,#10610,#10611);
#8702=AXIS2_PLACEMENT_3D('',#13249,#10615,#10616);
#8703=AXIS2_PLACEMENT_3D('',#13273,#10619,#10620);
#8704=AXIS2_PLACEMENT_3D('',#13275,#10621,#10622);
#8705=AXIS2_PLACEMENT_3D('',#13288,#10623,#10624);
#8706=AXIS2_PLACEMENT_3D('',#13329,#10628,#10629);
#8707=AXIS2_PLACEMENT_3D('',#13330,#10630,#10631);
#8708=AXIS2_PLACEMENT_3D('',#13331,#10632,#10633);
#8709=AXIS2_PLACEMENT_3D('',#13333,#10635,#10636);
#8710=AXIS2_PLACEMENT_3D('',#13336,#10639,#10640);
#8711=AXIS2_PLACEMENT_3D('',#13338,#10641,#10642);
#8712=AXIS2_PLACEMENT_3D('',#13339,#10643,#10644);
#8713=AXIS2_PLACEMENT_3D('',#13343,#10647,#10648);
#8714=AXIS2_PLACEMENT_3D('',#13346,#10651,#10652);
#8715=AXIS2_PLACEMENT_3D('',#13350,#10655,#10656);
#8716=AXIS2_PLACEMENT_3D('',#13354,#10659,#10660);
#8717=AXIS2_PLACEMENT_3D('',#13356,#10662,#10663);
#8718=AXIS2_PLACEMENT_3D('',#13358,#10665,#10666);
#8719=AXIS2_PLACEMENT_3D('',#13360,#10668,#10669);
#8720=AXIS2_PLACEMENT_3D('',#13361,#10670,#10671);
#8721=AXIS2_PLACEMENT_3D('',#13362,#10672,#10673);
#8722=AXIS2_PLACEMENT_3D('',#13366,#10676,#10677);
#8723=AXIS2_PLACEMENT_3D('',#13370,#10680,#10681);
#8724=AXIS2_PLACEMENT_3D('',#13372,#10683,#10684);
#8725=AXIS2_PLACEMENT_3D('',#13373,#10685,#10686);
#8726=AXIS2_PLACEMENT_3D('',#13377,#10689,#10690);
#8727=AXIS2_PLACEMENT_3D('',#13379,#10692,#10693);
#8728=AXIS2_PLACEMENT_3D('',#13381,#10695,#10696);
#8729=AXIS2_PLACEMENT_3D('',#13383,#10697,#10698);
#8730=AXIS2_PLACEMENT_3D('',#13384,#10699,#10700);
#8731=AXIS2_PLACEMENT_3D('',#13385,#10701,#10702);
#8732=AXIS2_PLACEMENT_3D('',#13387,#10704,#10705);
#8733=AXIS2_PLACEMENT_3D('',#13389,#10707,#10708);
#8734=AXIS2_PLACEMENT_3D('',#13391,#10710,#10711);
#8735=AXIS2_PLACEMENT_3D('',#13392,#10712,#10713);
#8736=AXIS2_PLACEMENT_3D('',#13393,#10714,#10715);
#8737=AXIS2_PLACEMENT_3D('',#13395,#10717,#10718);
#8738=AXIS2_PLACEMENT_3D('',#13397,#10719,#10720);
#8739=AXIS2_PLACEMENT_3D('',#13399,#10722,#10723);
#8740=AXIS2_PLACEMENT_3D('',#13402,#10725,#10726);
#8741=AXIS2_PLACEMENT_3D('',#13403,#10727,#10728);
#8742=AXIS2_PLACEMENT_3D('',#13409,#10732,#10733);
#8743=AXIS2_PLACEMENT_3D('',#13413,#10736,#10737);
#8744=AXIS2_PLACEMENT_3D('',#13417,#10740,#10741);
#8745=AXIS2_PLACEMENT_3D('',#13421,#10744,#10745);
#8746=AXIS2_PLACEMENT_3D('',#13425,#10748,#10749);
#8747=AXIS2_PLACEMENT_3D('',#13429,#10752,#10753);
#8748=AXIS2_PLACEMENT_3D('',#13433,#10756,#10757);
#8749=AXIS2_PLACEMENT_3D('',#13437,#10760,#10761);
#8750=AXIS2_PLACEMENT_3D('',#13441,#10764,#10765);
#8751=AXIS2_PLACEMENT_3D('',#13443,#10767,#10768);
#8752=AXIS2_PLACEMENT_3D('',#13449,#10772,#10773);
#8753=AXIS2_PLACEMENT_3D('',#13453,#10776,#10777);
#8754=AXIS2_PLACEMENT_3D('',#13457,#10780,#10781);
#8755=AXIS2_PLACEMENT_3D('',#13459,#10783,#10784);
#8756=AXIS2_PLACEMENT_3D('',#13465,#10788,#10789);
#8757=AXIS2_PLACEMENT_3D('',#13469,#10792,#10793);
#8758=AXIS2_PLACEMENT_3D('',#13473,#10796,#10797);
#8759=AXIS2_PLACEMENT_3D('',#13475,#10799,#10800);
#8760=AXIS2_PLACEMENT_3D('',#13481,#10804,#10805);
#8761=AXIS2_PLACEMENT_3D('',#13485,#10808,#10809);
#8762=AXIS2_PLACEMENT_3D('',#13489,#10812,#10813);
#8763=AXIS2_PLACEMENT_3D('',#13493,#10816,#10817);
#8764=AXIS2_PLACEMENT_3D('',#13497,#10820,#10821);
#8765=AXIS2_PLACEMENT_3D('',#13501,#10824,#10825);
#8766=AXIS2_PLACEMENT_3D('',#13505,#10828,#10829);
#8767=AXIS2_PLACEMENT_3D('',#13509,#10832,#10833);
#8768=AXIS2_PLACEMENT_3D('',#13513,#10836,#10837);
#8769=AXIS2_PLACEMENT_3D('',#13515,#10839,#10840);
#8770=AXIS2_PLACEMENT_3D('',#13521,#10844,#10845);
#8771=AXIS2_PLACEMENT_3D('',#13525,#10848,#10849);
#8772=AXIS2_PLACEMENT_3D('',#13529,#10852,#10853);
#8773=AXIS2_PLACEMENT_3D('',#13531,#10855,#10856);
#8774=AXIS2_PLACEMENT_3D('',#13533,#10858,#10859);
#8775=AXIS2_PLACEMENT_3D('',#13535,#10861,#10862);
#8776=AXIS2_PLACEMENT_3D('',#13536,#10863,#10864);
#8777=AXIS2_PLACEMENT_3D('',#13539,#10867,#10868);
#8778=AXIS2_PLACEMENT_3D('',#13541,#10869,#10870);
#8779=AXIS2_PLACEMENT_3D('',#13543,#10872,#10873);
#8780=AXIS2_PLACEMENT_3D('',#13545,#10874,#10875);
#8781=AXIS2_PLACEMENT_3D('',#13549,#10878,#10879);
#8782=AXIS2_PLACEMENT_3D('',#13553,#10882,#10883);
#8783=AXIS2_PLACEMENT_3D('',#13555,#10884,#10885);
#8784=AXIS2_PLACEMENT_3D('',#13557,#10887,#10888);
#8785=AXIS2_PLACEMENT_3D('',#13558,#10889,#10890);
#8786=AXIS2_PLACEMENT_3D('',#13559,#10891,#10892);
#8787=AXIS2_PLACEMENT_3D('',#13560,#10893,#10894);
#8788=AXIS2_PLACEMENT_3D('',#13596,#10896,#10897);
#8789=AXIS2_PLACEMENT_3D('',#13629,#10898,#10899);
#8790=AXIS2_PLACEMENT_3D('',#13630,#10900,#10901);
#8791=AXIS2_PLACEMENT_3D('',#13631,#10902,#10903);
#8792=AXIS2_PLACEMENT_3D('',#13632,#10904,#10905);
#8793=AXIS2_PLACEMENT_3D('',#13633,#10906,#10907);
#8794=AXIS2_PLACEMENT_3D('',#13634,#10908,#10909);
#8795=AXIS2_PLACEMENT_3D('',#13635,#10910,#10911);
#8796=AXIS2_PLACEMENT_3D('',#13636,#10912,#10913);
#8797=AXIS2_PLACEMENT_3D('',#13637,#10914,#10915);
#8798=AXIS2_PLACEMENT_3D('',#13652,#10923,#10924);
#8799=AXIS2_PLACEMENT_3D('',#13655,#10927,#10928);
#8800=AXIS2_PLACEMENT_3D('',#13657,#10930,#10931);
#8801=AXIS2_PLACEMENT_3D('',#13659,#10933,#10934);
#8802=AXIS2_PLACEMENT_3D('',#13661,#10936,#10937);
#8803=AXIS2_PLACEMENT_3D('',#13663,#10939,#10940);
#8804=AXIS2_PLACEMENT_3D('',#13665,#10942,#10943);
#8805=AXIS2_PLACEMENT_3D('',#13666,#10944,#10945);
#8806=AXIS2_PLACEMENT_3D('',#13672,#10949,#10950);
#8807=AXIS2_PLACEMENT_3D('',#13676,#10953,#10954);
#8808=AXIS2_PLACEMENT_3D('',#13680,#10957,#10958);
#8809=AXIS2_PLACEMENT_3D('',#13682,#10960,#10961);
#8810=AXIS2_PLACEMENT_3D('',#13683,#10962,#10963);
#8811=AXIS2_PLACEMENT_3D('',#13689,#10967,#10968);
#8812=AXIS2_PLACEMENT_3D('',#13693,#10971,#10972);
#8813=AXIS2_PLACEMENT_3D('',#13703,#10978,#10979);
#8814=AXIS2_PLACEMENT_3D('',#13705,#10981,#10982);
#8815=AXIS2_PLACEMENT_3D('',#13707,#10984,#10985);
#8816=AXIS2_PLACEMENT_3D('',#13709,#10987,#10988);
#8817=AXIS2_PLACEMENT_3D('',#13711,#10990,#10991);
#8818=AXIS2_PLACEMENT_3D('',#13712,#10992,#10993);
#8819=AXIS2_PLACEMENT_3D('',#13718,#10997,#10998);
#8820=AXIS2_PLACEMENT_3D('',#13722,#11001,#11002);
#8821=AXIS2_PLACEMENT_3D('',#13726,#11005,#11006);
#8822=AXIS2_PLACEMENT_3D('',#13730,#11009,#11010);
#8823=AXIS2_PLACEMENT_3D('',#13738,#11015,#11016);
#8824=AXIS2_PLACEMENT_3D('',#13740,#11018,#11019);
#8825=AXIS2_PLACEMENT_3D('',#13742,#11021,#11022);
#8826=AXIS2_PLACEMENT_3D('',#13744,#11024,#11025);
#8827=AXIS2_PLACEMENT_3D('',#13745,#11026,#11027);
#8828=DIRECTION('axis',(0.,0.,1.));
#8829=DIRECTION('refdir',(1.,0.,0.));
#8830=DIRECTION('axis',(0.,0.,1.));
#8831=DIRECTION('refdir',(1.,0.,0.));
#8832=DIRECTION('axis',(0.,0.,1.));
#8833=DIRECTION('refdir',(1.,0.,0.));
#8834=DIRECTION('axis',(0.,0.,1.));
#8835=DIRECTION('refdir',(1.,0.,0.));
#8836=DIRECTION('',(-1.67144547453912E-13,-1.,-6.05025496836486E-15));
#8837=DIRECTION('',(1.,-1.67144547453911E-13,-1.66693542014164E-13));
#8838=DIRECTION('axis',(0.,0.,1.));
#8839=DIRECTION('refdir',(1.,0.,0.));
#8840=DIRECTION('',(1.29779026686897E-15,1.,-6.13398221105379E-15));
#8841=DIRECTION('',(1.,-1.29779026686898E-15,-1.6653336899048E-15));
#8842=DIRECTION('',(-3.88578058567037E-16,-1.,1.39332989590457E-14));
#8843=DIRECTION('',(1.,-3.88578058567027E-16,7.21645813039148E-16));
#8844=DIRECTION('center_axis',(0.,-0.866025403784436,0.500000000000005));
#8845=DIRECTION('ref_axis',(-1.,0.,0.));
#8846=DIRECTION('',(0.,-0.866025403784436,0.500000000000005));
#8847=DIRECTION('center_axis',(-4.43943452134222E-11,-0.866025403784438,
0.500000000000001));
#8848=DIRECTION('ref_axis',(-1.,0.,0.));
#8849=DIRECTION('',(0.,-0.866025403784436,0.500000000000005));
#8850=DIRECTION('center_axis',(5.25109894700003E-11,1.,-8.55369471302186E-14));
#8851=DIRECTION('ref_axis',(0.,-8.55031623052731E-14,-1.));
#8852=DIRECTION('center_axis',(-4.43943452134222E-11,-0.866025403784438,
0.500000000000001));
#8853=DIRECTION('ref_axis',(-1.,0.,0.));
#8854=DIRECTION('',(0.,0.866025403784436,-0.500000000000005));
#8855=DIRECTION('center_axis',(1.66286515258743E-13,-1.,-2.08627332987598E-16));
#8856=DIRECTION('ref_axis',(0.,1.71693096998532E-16,-1.));
#8857=DIRECTION('center_axis',(-4.43943452134222E-11,-0.866025403784438,
0.500000000000001));
#8858=DIRECTION('ref_axis',(1.,-5.13592624230214E-11,-1.68161529091548E-13));
#8859=DIRECTION('center_axis',(-4.43943452134222E-11,-0.866025403784438,
0.500000000000001));
#8860=DIRECTION('ref_axis',(1.,-5.13592624230214E-11,-1.68161529091548E-13));
#8861=DIRECTION('center_axis',(4.43943452134222E-11,0.866025403784438,-0.500000000000001));
#8862=DIRECTION('ref_axis',(-1.,5.26910492529082E-11,2.47488398330649E-12));
#8863=DIRECTION('center_axis',(-4.44146316095028E-11,-0.86602540378444,
0.499999999999997));
#8864=DIRECTION('ref_axis',(-1.,5.2708617787265E-11,2.46474078526629E-12));
#8865=DIRECTION('center_axis',(-1.66286515258743E-13,1.,2.08627332987598E-16));
#8866=DIRECTION('ref_axis',(-2.46474078526629E-12,2.57539645497799E-16,
-1.));
#8867=DIRECTION('center_axis',(-1.6100189143234E-15,-0.707106781187138,
-0.707106781185957));
#8868=DIRECTION('ref_axis',(-1.,0.,2.27691058431526E-15));
#8869=DIRECTION('',(-0.577350137447734,0.577350335060078,-0.577350335061042));
#8870=DIRECTION('',(-1.,-1.64589213751426E-13,1.66866124336016E-13));
#8871=DIRECTION('',(-0.577350137447348,-0.577350335060271,0.577350335061237));
#8872=DIRECTION('',(2.41987947565675E-7,-0.707106781185936,0.707106781187118));
#8873=DIRECTION('',(1.,1.64589213751426E-13,-1.66866124336016E-13));
#8874=DIRECTION('',(2.42024850861316E-7,0.707106781185936,-0.707106781187118));
#8875=DIRECTION('center_axis',(-1.66866124336015E-13,-6.59194920871154E-15,
-1.));
#8876=DIRECTION('ref_axis',(-1.,-1.6381476813958E-13,1.66866124336016E-13));
#8877=DIRECTION('',(3.42222470498082E-7,-0.999999999999941,6.59189210337385E-15));
#8878=DIRECTION('',(0.707106902161825,-0.707106660211249,-1.13330977065735E-13));
#8879=DIRECTION('',(1.,1.66286515258743E-13,-1.66866124336016E-13));
#8880=DIRECTION('',(-1.6822528123863E-13,1.,-6.59194920868347E-15));
#8881=DIRECTION('',(0.286439879049438,0.958098218185455,-5.41128472634922E-14));
#8882=DIRECTION('',(1.,1.65962113958772E-13,-1.66866124336016E-13));
#8883=DIRECTION('center_axis',(-1.66866124336015E-13,-6.59194920871154E-15,
-1.));
#8884=DIRECTION('ref_axis',(-0.999717923227466,0.0237502416358566,1.66662494891659E-13));
#8885=DIRECTION('',(1.,1.65480102676519E-13,-1.66866124336016E-13));
#8886=DIRECTION('',(-5.26839121094296E-11,-1.,6.59194921750271E-15));
#8887=DIRECTION('center_axis',(1.66866124336015E-13,6.59194920871154E-15,
1.));
#8888=DIRECTION('ref_axis',(-1.,5.26784466944222E-11,1.66866124335668E-13));
#8889=DIRECTION('',(-1.,-1.66286515258743E-13,1.66866124336016E-13));
#8890=DIRECTION('center_axis',(-1.66866124336015E-13,-6.59194920871154E-15,
-1.));
#8891=DIRECTION('ref_axis',(0.000265935151663712,-0.999999964639247,7.74921900384072E-14));
#8892=DIRECTION('',(-1.,-1.66286515258743E-13,1.66866124336016E-13));
#8893=DIRECTION('center_axis',(1.66866124336015E-13,6.59194920871154E-15,
1.));
#8894=DIRECTION('ref_axis',(-1.,5.26784466944222E-11,1.66866124335668E-13));
#8895=DIRECTION('',(-1.61367907227708E-13,1.,-6.59194920868462E-15));
#8896=DIRECTION('',(1.,1.65480102676519E-13,-1.66866124336016E-13));
#8897=DIRECTION('center_axis',(-1.66866124336015E-13,-6.59194920871154E-15,
-1.));
#8898=DIRECTION('ref_axis',(0.999717923227459,0.0237502416361902,-1.66975615664776E-13));
#8899=DIRECTION('',(1.,1.65962113958772E-13,-1.66866124336016E-13));
#8900=DIRECTION('',(0.286439879049758,-0.958098218185359,-4.14813776810751E-14));
#8901=DIRECTION('',(1.6548010267652E-13,-1.,6.59194920868393E-15));
#8902=DIRECTION('',(1.,1.66286515258743E-13,-1.66866124336016E-13));
#8903=DIRECTION('',(0.707106902198964,0.70710666017411,-1.22653399450196E-13));
#8904=DIRECTION('',(3.42274993400071E-7,0.999999999999941,-6.59200632281277E-15));
#8905=DIRECTION('center_axis',(2.34138803353307E-13,-0.707106781187077,
0.707106781186018));
#8906=DIRECTION('ref_axis',(1.,0.,-3.31122271180301E-13));
#8907=DIRECTION('',(0.577350130921343,0.577350338323418,0.577350338324092));
#8908=DIRECTION('',(1.,1.64589213751426E-13,-1.66533057428629E-13));
#8909=DIRECTION('',(0.577350130879769,-0.577350338344014,-0.57735033834507));
#8910=DIRECTION('',(-2.54090904090247E-7,-0.707106781185995,-0.707106781187054));
#8911=DIRECTION('',(-1.,-1.64589213751426E-13,1.66533057428629E-13));
#8912=DIRECTION('',(-2.5405189989086E-7,0.707106781185995,0.707106781187054));
#8913=DIRECTION('center_axis',(1.66533057428628E-13,6.35556630016423E-15,
1.));
#8914=DIRECTION('ref_axis',(-1.,-1.65452997622207E-13,1.66533057428629E-13));
#8915=DIRECTION('',(-3.42274993400071E-7,-0.999999999999941,6.35562330026499E-15));
#8916=DIRECTION('',(-3.42274993400071E-7,-0.999999999999941,6.35562330026499E-15));
#8917=DIRECTION('',(1.,1.66286515258743E-13,-1.66533057428629E-13));
#8918=DIRECTION('',(-1.,-1.66286515258743E-13,1.66533057428629E-13));
#8919=DIRECTION('',(1.65452997622209E-13,-1.,6.35556630013668E-15));
#8920=DIRECTION('center_axis',(-1.66533057428628E-13,-6.35556630016423E-15,
-1.));
#8921=DIRECTION('ref_axis',(-1.,-1.65350180041103E-13,1.66567964808749E-13));
#8922=DIRECTION('',(-1.66852815305024E-13,1.,-6.35556630013644E-15));
#8923=DIRECTION('',(1.,1.6533406674247E-13,-1.66533057428629E-13));
#8924=DIRECTION('',(0.196116135138348,-0.980580675690887,-2.64276740986617E-14));
#8925=DIRECTION('',(0.773342141338013,-0.633988905605403,-1.24757672712278E-13));
#8926=DIRECTION('',(-1.,5.26897548041629E-11,2.47083271650895E-12));
#8927=DIRECTION('',(-0.773342141371312,-0.633988905564785,1.9148284224401E-12));
#8928=DIRECTION('',(-0.19611613518985,-0.980580675680587,4.90802308500047E-13));
#8929=DIRECTION('',(-1.,5.26882360556003E-11,2.47083271650895E-12));
#8930=DIRECTION('',(5.26897548041629E-11,1.,-6.35556636983755E-15));
#8931=DIRECTION('center_axis',(-1.66533057428628E-13,-6.35556630016423E-15,
-1.));
#8932=DIRECTION('ref_axis',(1.,-5.2688614075967E-11,-1.66533270377036E-13));
#8933=DIRECTION('',(5.26883549864801E-11,1.,-6.35556630893858E-15));
#8934=DIRECTION('',(-1.,-1.66286515258743E-13,1.66533057428629E-13));
#8935=DIRECTION('',(1.,1.66286515258743E-13,-1.66533057428629E-13));
#8936=DIRECTION('',(-3.42222470498082E-7,0.999999999999941,-6.35550930880952E-15));
#8937=DIRECTION('',(-3.42222470498082E-7,0.999999999999941,-6.35550930880952E-15));
#8938=DIRECTION('center_axis',(-1.66533057428628E-13,-6.35556630016423E-15,
-1.));
#8939=DIRECTION('ref_axis',(1.,1.77192507149562E-13,-1.66533057428629E-13));
#8940=DIRECTION('center_axis',(0.999999999999941,-3.42274993400071E-7,-1.66533451534668E-13));
#8941=DIRECTION('ref_axis',(3.42274993400071E-7,0.999999999999941,-6.35562330026499E-15));
#8942=DIRECTION('',(-1.70638092402349E-8,-6.35556915221739E-15,-1.));
#8943=DIRECTION('center_axis',(0.999999999999941,-3.42274993400071E-7,-1.70638092402317E-8));
#8944=DIRECTION('ref_axis',(-3.42274993658533E-7,-0.999999999999941,-1.70636304745681E-8));
#8945=DIRECTION('',(1.66533453693778E-13,6.30808536718856E-15,1.));
#8946=DIRECTION('',(-1.6653345146327E-13,2.08627332959906E-16,-1.));
#8947=DIRECTION('center_axis',(-0.999999999999941,-3.42222470498082E-7,
1.66533455852537E-13));
#8948=DIRECTION('ref_axis',(3.42222470498082E-7,-0.999999999999941,6.35550930880952E-15));
#8949=DIRECTION('center_axis',(0.999999999999941,3.42222470498082E-7,1.70611718744577E-8));
#8950=DIRECTION('ref_axis',(3.42222470820305E-7,-0.999999999999941,-1.7063630327372E-8));
#8951=DIRECTION('',(1.70611718744609E-8,-6.35646532373662E-15,-1.));
#8952=DIRECTION('',(1.66533455923943E-13,-2.08627332959906E-16,1.));
#8953=DIRECTION('',(1.66533453693778E-13,6.30808536718856E-15,1.));
#8954=DIRECTION('center_axis',(-1.66286515258743E-13,1.,2.08627332987598E-16));
#8955=DIRECTION('ref_axis',(0.,-2.08627332987598E-16,1.));
#8956=DIRECTION('',(1.70611718744609E-8,-6.35646529491429E-15,-1.));
#8957=DIRECTION('center_axis',(1.66286515258743E-13,-1.,-2.08627332987598E-16));
#8958=DIRECTION('ref_axis',(-1.,-1.66290563957982E-13,2.46425969230688E-12));
#8959=DIRECTION('',(-1.,5.26883549864801E-11,2.47057931775236E-12));
#8960=DIRECTION('center_axis',(-1.66286515258743E-13,1.,2.08627332987598E-16));
#8961=DIRECTION('ref_axis',(0.,-2.08627332987598E-16,1.));
#8962=DIRECTION('',(1.,1.65452997622208E-13,-1.66786456185216E-13));
#8963=DIRECTION('center_axis',(1.66286515258743E-13,-1.,-2.08627332987598E-16));
#8964=DIRECTION('ref_axis',(1.,1.66255869484145E-13,-1.73102663945507E-13));
#8965=DIRECTION('',(-1.70638092402349E-8,-6.35556912339507E-15,-1.));
#8966=DIRECTION('center_axis',(-0.999999999999941,3.42274993400071E-7,1.70638092402317E-8));
#8967=DIRECTION('ref_axis',(1.7063809240235E-8,6.85516945605957E-15,1.));
#8968=DIRECTION('',(1.70638092402348E-8,6.35556906138163E-15,1.));
#8969=DIRECTION('',(3.42274993400071E-7,0.999999999999941,-6.59200632281277E-15));
#8970=DIRECTION('',(-1.70638092402349E-8,-6.35556915221739E-15,-1.));
#8971=DIRECTION('center_axis',(-0.707106902198958,-0.707106660174116,1.20659417856416E-8));
#8972=DIRECTION('ref_axis',(1.70638092402348E-8,6.35556910591749E-15,1.));
#8973=DIRECTION('',(1.70637300588811E-8,8.55369498694947E-14,1.));
#8974=DIRECTION('',(-0.707106660174116,0.707106902198958,1.13330935091014E-13));
#8975=DIRECTION('center_axis',(-0.707106902161819,0.707106660211255,-1.20640768860993E-8));
#8976=DIRECTION('ref_axis',(-1.70611718744609E-8,6.35646523415753E-15,1.));
#8977=DIRECTION('',(1.70611718744609E-8,-6.35646524568166E-15,-1.));
#8978=DIRECTION('',(-0.70710666017388,-0.707106902199194,1.22653360659826E-13));
#8979=DIRECTION('',(-1.7061092694009E-8,8.5536944252917E-14,1.));
#8980=DIRECTION('center_axis',(-1.66286515258743E-13,1.,2.08627332987598E-16));
#8981=DIRECTION('ref_axis',(0.,-2.08627332987598E-16,1.));
#8982=DIRECTION('',(-2.47049964960189E-12,-7.13134080935051E-15,-1.));
#8983=DIRECTION('center_axis',(1.68225281238628E-13,-1.,6.78577772215108E-15));
#8984=DIRECTION('ref_axis',(-1.,-1.6822528123863E-13,-1.64614391866159E-13));
#8985=DIRECTION('center_axis',(1.68225281238628E-13,-1.,6.78577772215108E-15));
#8986=DIRECTION('ref_axis',(-1.,-1.6822528123863E-13,-1.64614391866159E-13));
#8987=DIRECTION('center_axis',(1.68225281238628E-13,-1.,6.78577772215108E-15));
#8988=DIRECTION('ref_axis',(-0.99998116032064,-1.68180458635826E-13,0.00613832255476791));
#8989=DIRECTION('',(-1.,-1.66286515258743E-13,-1.64947458773547E-13));
#8990=DIRECTION('',(-1.67118730263325E-13,2.08627332959809E-16,-1.));
#8991=DIRECTION('center_axis',(1.66286515258743E-13,-1.,-2.08627332987598E-16));
#8992=DIRECTION('ref_axis',(-0.99998116032064,-1.7027550122556E-13,0.00613832255476792));
#8993=DIRECTION('',(-0.225166936727109,-3.76454950844757E-14,0.974320199218373));
#8994=DIRECTION('',(1.65201186064223E-13,-7.105427357601E-15,-1.));
#8995=DIRECTION('',(1.,1.66286515258743E-13,1.64947458773546E-13));
#8996=DIRECTION('',(-0.225166936727109,-3.14561019903164E-14,0.974320199218373));
#8997=DIRECTION('',(1.,1.66286515258743E-13,1.6267562588627E-13));
#8998=DIRECTION('',(1.84355896444752E-13,2.08627333018254E-16,-1.));
#8999=DIRECTION('',(1.66880398388969E-13,6.52256026967279E-15,1.));
#9000=DIRECTION('',(1.70611718744609E-8,-6.35646529491429E-15,-1.));
#9001=DIRECTION('',(-2.47049964960155E-12,2.08627332576787E-16,-1.));
#9002=DIRECTION('',(-1.,-1.66286515258755E-13,5.53251411513411E-11));
#9003=DIRECTION('',(-2.47055516075277E-12,2.08627332576778E-16,-1.));
#9004=DIRECTION('',(1.,1.66286515258743E-13,-1.66866124336016E-13));
#9005=DIRECTION('',(-2.47049964960156E-12,4.20939397348488E-17,-1.));
#9006=DIRECTION('',(1.,1.66286515258744E-13,-2.47059157106847E-12));
#9007=DIRECTION('center_axis',(1.66286515258743E-13,-1.,-2.08627332987598E-16));
#9008=DIRECTION('ref_axis',(-1.,-1.66290563957982E-13,2.46425969230688E-12));
#9009=DIRECTION('',(-1.,5.26883549864801E-11,2.47057931775236E-12));
#9010=DIRECTION('',(0.714005547297392,1.18875562685178E-13,-0.700140042011991));
#9011=DIRECTION('',(1.,1.66286515258743E-13,-1.66533057428629E-13));
#9012=DIRECTION('',(0.714005547295538,1.22584144575335E-13,0.700140042013881));
#9013=DIRECTION('',(1.,1.65452997622208E-13,-1.66786456185216E-13));
#9014=DIRECTION('center_axis',(1.66286515258743E-13,-1.,-2.08627332987598E-16));
#9015=DIRECTION('ref_axis',(1.,1.66255869484145E-13,-1.73102663945507E-13));
#9016=DIRECTION('',(1.,1.66286515258743E-13,-1.66786456378451E-13));
#9017=DIRECTION('',(1.66866124336016E-13,-4.20938792380897E-17,1.));
#9018=DIRECTION('',(1.,1.66286515258743E-13,-1.66866124336016E-13));
#9019=DIRECTION('',(1.66810613184793E-13,-2.08627332959859E-16,1.));
#9020=DIRECTION('',(-1.,-1.66286515258743E-13,1.67699641972552E-13));
#9021=DIRECTION('',(1.66866124336016E-13,-2.0862733295985E-16,1.));
#9022=DIRECTION('',(-1.70638092402349E-8,-6.35556912339507E-15,-1.));
#9023=DIRECTION('',(1.66880398388969E-13,6.52256026967279E-15,1.));
#9024=DIRECTION('',(1.8660762891461E-13,-2.08627332956567E-16,1.));
#9025=DIRECTION('',(-1.,-1.65480102676519E-13,1.66866124336016E-13));
#9026=DIRECTION('',(0.22516693672711,3.72389554351982E-14,0.974320199218373));
#9027=DIRECTION('',(1.,1.66286515258744E-13,-2.79981349787668E-12));
#9028=DIRECTION('',(2.80081711359926E-12,7.32707255103772E-15,1.));
#9029=DIRECTION('',(-0.22516693672711,-3.72389554351982E-14,-0.974320199218373));
#9030=DIRECTION('center_axis',(1.66286515258743E-13,-1.,-2.08627332987598E-16));
#9031=DIRECTION('ref_axis',(0.99998116032064,1.63423595787156E-13,0.00613832255476567));
#9032=DIRECTION('',(2.46774730883941E-12,-2.08627332577245E-16,1.));
#9033=DIRECTION('',(-1.,-1.66286515258743E-13,1.67199191243403E-13));
#9034=DIRECTION('center_axis',(-1.65480102676521E-13,1.,-6.78577772215108E-15));
#9035=DIRECTION('ref_axis',(0.99998116032064,1.65518638376889E-13,0.00613832255476566));
#9036=DIRECTION('',(1.67227343084164E-13,7.28583859910259E-15,1.));
#9037=DIRECTION('center_axis',(1.66286515258743E-13,-1.,-2.08627332987598E-16));
#9038=DIRECTION('ref_axis',(0.00814204712730938,6.56632100570975E-15,-0.999966852984926));
#9039=DIRECTION('',(-1.46077181220676E-11,2.08627330558532E-16,-1.));
#9040=DIRECTION('',(-0.965925826289026,-1.6067443637913E-13,0.258819045102679));
#9041=DIRECTION('',(-2.40999831047652E-13,2.08627332947523E-16,-1.));
#9042=DIRECTION('',(-1.,-1.65452997622111E-13,1.46096784723221E-11));
#9043=DIRECTION('',(0.500997692803142,7.70556567613273E-14,-0.865448618813346));
#9044=DIRECTION('',(-1.46077181220675E-11,1.04603212724469E-12,-1.));
#9045=DIRECTION('',(0.500997692803148,8.34897167260866E-14,-0.865448618813343));
#9046=DIRECTION('',(-1.,-1.66286515258743E-13,1.66866124336016E-13));
#9047=DIRECTION('',(-0.500997692805425,2.63909083725646E-11,-0.865448618812025));
#9048=DIRECTION('',(-1.46077181220675E-11,1.04603212724469E-12,-1.));
#9049=DIRECTION('',(-0.500997692805425,2.63909083725646E-11,-0.865448618812025));
#9050=DIRECTION('',(1.,-5.268835498648E-11,1.19723126983845E-11));
#9051=DIRECTION('',(-2.39636594294684E-12,2.08627332589115E-16,-1.));
#9052=DIRECTION('',(-0.965925826289709,-1.60566442925032E-13,-0.258819045100131));
#9053=DIRECTION('center_axis',(1.66286515258743E-13,-1.,-2.08627332987598E-16));
#9054=DIRECTION('ref_axis',(-0.0081420471273099,6.38623117506014E-15,-0.999966852984926));
#9055=DIRECTION('',(-1.46077181220676E-11,2.08627330558532E-16,-1.));
#9056=DIRECTION('center_axis',(1.66286515258743E-13,-1.,-2.08627332987598E-16));
#9057=DIRECTION('ref_axis',(-0.0081420471273099,6.38623117506014E-15,-0.999966852984926));
#9058=DIRECTION('center_axis',(1.66286515258743E-13,-1.,-2.08627332987598E-16));
#9059=DIRECTION('ref_axis',(1.,1.67817582480669E-13,1.63675429162707E-13));
#9060=DIRECTION('center_axis',(1.66286515258743E-13,-1.,-2.08627332987598E-16));
#9061=DIRECTION('ref_axis',(-1.,-1.67817582480667E-13,1.67805087039468E-13));
#9062=DIRECTION('',(-8.62446589474614E-15,2.08627332986164E-16,-1.));
#9063=DIRECTION('',(1.,1.66286515258743E-13,-8.84651051290607E-15));
#9064=DIRECTION('',(8.55597229724211E-15,-2.08627332986175E-16,1.));
#9065=DIRECTION('',(0.874856088493726,1.45577825827681E-13,-0.484382931600048));
#9066=DIRECTION('',(8.84651051290611E-15,-2.08627332986127E-16,1.));
#9067=DIRECTION('',(-0.848230867858022,-1.41159849747744E-13,0.529626656063331));
#9068=DIRECTION('',(-1.,-1.66286515258743E-13,8.84651051290607E-15));
#9069=DIRECTION('',(-8.84651051290511E-15,2.08627332986127E-16,-1.));
#9070=DIRECTION('',(1.,1.66286515258743E-13,-8.84651051290506E-15));
#9071=DIRECTION('',(8.58544717452113E-15,-2.08627332986171E-16,1.));
#9072=DIRECTION('',(-1.,-1.66286515258743E-13,8.84651051290506E-15));
#9073=DIRECTION('',(8.84651051290511E-15,-2.08627332986127E-16,1.));
#9074=DIRECTION('',(-0.848230867858022,-1.41159849747744E-13,0.529626656063331));
#9075=DIRECTION('',(-1.,-1.66286515258743E-13,8.84651051290506E-15));
#9076=DIRECTION('',(-8.61058810611014E-15,2.08627332986167E-16,-1.));
#9077=DIRECTION('',(1.,1.66286515258743E-13,-8.84651051290506E-15));
#9078=DIRECTION('',(8.62860685115713E-15,-2.08627332986164E-16,1.));
#9079=DIRECTION('',(0.874856088493726,1.45577825827681E-13,-0.484382931600048));
#9080=DIRECTION('',(0.346843579536515,5.78710865525206E-14,-0.937922987954927));
#9081=DIRECTION('',(1.,1.66286515258743E-13,-8.84651051290607E-15));
#9082=DIRECTION('',(0.337897750905521,5.59914830492281E-14,0.941182824924568));
#9083=DIRECTION('',(-1.,-1.66286515258743E-13,8.84651051290607E-15));
#9084=DIRECTION('',(-0.317871504467877,-5.26599381515738E-14,-0.948133802080344));
#9085=DIRECTION('',(-1.,-1.66286515258743E-13,8.84651051290607E-15));
#9086=DIRECTION('',(-0.317871377411499,-5.30555302855853E-14,0.948133844677278));
#9087=DIRECTION('',(-1.,-1.66286515258743E-13,8.84651051290607E-15));
#9088=DIRECTION('center_axis',(1.68225281238628E-13,-1.,6.78577772215108E-15));
#9089=DIRECTION('ref_axis',(-1.,-1.6822528123863E-13,-1.64614391866159E-13));
#9090=DIRECTION('center_axis',(-5.22669802870601E-11,-1.,8.63993017374005E-15));
#9091=DIRECTION('ref_axis',(-1.,5.22669802870601E-11,-1.64614391866612E-13));
#9092=DIRECTION('',(1.70330048970708E-13,-1.,8.55747854684333E-15));
#9093=DIRECTION('',(-1.68225281238628E-13,1.,-6.78577772215108E-15));
#9094=DIRECTION('center_axis',(-5.22669802870601E-11,-1.,8.63993017374005E-15));
#9095=DIRECTION('ref_axis',(-1.,5.22669802870601E-11,-1.64614391866612E-13));
#9096=DIRECTION('center_axis',(1.,1.6822528123863E-13,1.64614391866159E-13));
#9097=DIRECTION('ref_axis',(1.6461439186616E-13,-6.78577772212338E-15,-1.));
#9098=DIRECTION('',(7.21862064715096E-16,1.,6.38056523680189E-15));
#9099=DIRECTION('',(-1.64614391866173E-13,8.55369470609618E-14,1.));
#9100=DIRECTION('',(5.26883549864801E-11,1.,-7.24282375784956E-15));
#9101=DIRECTION('',(2.41161931591009E-12,8.63993004769199E-15,1.));
#9102=DIRECTION('center_axis',(-5.22669802870601E-11,-1.,8.63993017374005E-15));
#9103=DIRECTION('ref_axis',(2.41161931591009E-12,8.63993004769199E-15,1.));
#9104=DIRECTION('',(-1.,5.22669802870601E-11,3.60469630263773E-12));
#9105=DIRECTION('',(-1.65145674912992E-13,7.28583859910259E-15,1.));
#9106=DIRECTION('',(2.41161931591009E-12,8.44610153422484E-15,1.));
#9107=DIRECTION('center_axis',(-5.22669802870601E-11,-1.,8.63993017374005E-15));
#9108=DIRECTION('ref_axis',(-0.99998116032064,5.22660486285887E-11,0.00613832255476791));
#9109=DIRECTION('center_axis',(1.65932981796559E-13,7.05562359621973E-15,
1.));
#9110=DIRECTION('ref_axis',(-0.620806611505529,0.783963743492659,9.74809390789625E-14));
#9111=DIRECTION('',(-1.65932981796559E-13,-7.05562359621973E-15,-1.));
#9112=DIRECTION('center_axis',(1.66866124336015E-13,6.59194920871154E-15,
1.));
#9113=DIRECTION('ref_axis',(1.,1.6378766308527E-13,-1.6593298179656E-13));
#9114=DIRECTION('',(-1.65932981796559E-13,-7.05562359621973E-15,-1.));
#9115=DIRECTION('center_axis',(-2.46799991476746E-12,-1.41548829876956E-14,
-1.));
#9116=DIRECTION('ref_axis',(1.,1.63787663085237E-13,-2.46799991476747E-12));
#9117=DIRECTION('',(-1.65932981796559E-13,-7.05562359621973E-15,-1.));
#9118=DIRECTION('center_axis',(0.974320199218373,1.59746317596084E-13,-0.22516693672711));
#9119=DIRECTION('ref_axis',(0.22516693672711,4.37540029584546E-14,0.974320199218373));
#9120=DIRECTION('',(2.25746458027902E-13,8.25227307816188E-15,1.));
#9121=DIRECTION('center_axis',(0.974320199218373,1.59746317596084E-13,-0.22516693672711));
#9122=DIRECTION('ref_axis',(0.22516693672711,4.37540029584546E-14,0.974320199218373));
#9123=DIRECTION('center_axis',(1.65932981796559E-13,7.05562359621973E-15,
1.));
#9124=DIRECTION('ref_axis',(-0.620806320710753,0.783963973767658,9.74808892017846E-14));
#9125=DIRECTION('',(-1.65932981796559E-13,-7.05562359621973E-15,-1.));
#9126=DIRECTION('',(2.25746458027902E-13,8.25227307816188E-15,1.));
#9127=DIRECTION('center_axis',(-3.34137226962329E-13,0.832239719563879,
0.554415953215846));
#9128=DIRECTION('ref_axis',(-2.78460519873477E-13,0.554415953215846,-0.832239719563879));
#9129=DIRECTION('',(-2.25746458027902E-13,-8.25227307816188E-15,-1.));
#9130=DIRECTION('center_axis',(1.97404104330251E-13,0.67855114374392,-0.73455316031164));
#9131=DIRECTION('ref_axis',(3.30282209761335E-14,0.73455316031164,0.67855114374392));
#9132=DIRECTION('',(-2.25746458027902E-13,-8.25227307816188E-15,-1.));
#9133=DIRECTION('center_axis',(-1.67199191243401E-13,-7.04899517471267E-15,
-1.));
#9134=DIRECTION('ref_axis',(1.,1.6378766308527E-13,-1.67199191243403E-13));
#9135=DIRECTION('center_axis',(0.707106781186727,1.21977328874903E-13,0.707106781186368));
#9136=DIRECTION('ref_axis',(0.707106781186368,1.09843071532257E-13,-0.707106781186727));
#9137=DIRECTION('center_axis',(1.64625257873141E-13,-1.,8.88178419716E-14));
#9138=DIRECTION('ref_axis',(-1.67199191243396E-13,-4.80034388137305E-14,
-1.));
#9139=DIRECTION('center_axis',(-1.6458921375144E-13,1.,-8.55369470609889E-14));
#9140=DIRECTION('ref_axis',(-1.67199191243403E-13,-5.70377078901125E-15,
-1.));
#9141=DIRECTION('',(2.3472191373943E-13,-0.707106781180153,0.707106781192942));
#9142=DIRECTION('center_axis',(1.6458921375144E-13,-1.,8.55369470609889E-14));
#9143=DIRECTION('ref_axis',(-1.6719919124339E-13,-8.55369470610164E-14,
-1.));
#9144=DIRECTION('center_axis',(-1.6458921375144E-13,1.,-8.55369470609889E-14));
#9145=DIRECTION('ref_axis',(1.67352226380046E-13,8.55369470610164E-14,1.));
#9146=DIRECTION('',(-2.46891671527712E-12,-8.55369470613952E-14,-1.));
#9147=DIRECTION('center_axis',(-1.6458921375144E-13,1.,-8.55369470609889E-14));
#9148=DIRECTION('ref_axis',(-2.18217385443629E-12,-8.5536947061348E-14,
-1.));
#9149=DIRECTION('',(1.,1.64589213746709E-13,-5.53128047809066E-11));
#9150=DIRECTION('',(-2.63722609708652E-12,-8.5536947061423E-14,-1.));
#9151=DIRECTION('',(1.,1.6458921375572E-13,5.00383525865945E-11));
#9152=DIRECTION('center_axis',(-1.6458921375144E-13,1.,-8.55369470609889E-14));
#9153=DIRECTION('ref_axis',(2.7559578768473E-12,8.55369470614424E-14,1.));
#9154=DIRECTION('',(2.46891671527712E-12,8.55369470613952E-14,1.));
#9155=DIRECTION('',(1.,1.64589213751228E-13,-2.47016658269453E-12));
#9156=DIRECTION('',(-1.,-1.64589213751132E-13,3.60469630263811E-12));
#9157=DIRECTION('center_axis',(-1.6458921375144E-13,1.,-8.57307755744561E-14));
#9158=DIRECTION('ref_axis',(-0.0081420471273099,-8.70680269901569E-14,-0.999966852984926));
#9159=DIRECTION('',(-1.46077181220675E-11,1.04603212724469E-12,-1.));
#9160=DIRECTION('center_axis',(-1.6458921375144E-13,1.,-8.57307755744561E-14));
#9161=DIRECTION('ref_axis',(-0.0081420471273099,-8.70680269901569E-14,-0.999966852984926));
#9162=DIRECTION('',(0.965925826289709,1.81219896271876E-13,0.258819045100131));
#9163=DIRECTION('',(2.45747235592737E-12,8.55369470613933E-14,1.));
#9164=DIRECTION('',(-1.,-1.64589213752464E-13,-1.19723126984394E-11));
#9165=DIRECTION('',(0.500997692805425,-2.63221159508423E-11,0.865448618812025));
#9166=DIRECTION('',(-1.46077181220675E-11,1.04603212724469E-12,-1.));
#9167=DIRECTION('',(0.500997692805425,-2.63221159508423E-11,0.865448618812025));
#9168=DIRECTION('',(1.,-5.26874912026093E-11,-2.47049964960156E-12));
#9169=DIRECTION('',(-0.500997692803142,-8.43098365831159E-15,0.865448618813346));
#9170=DIRECTION('',(-1.46077181220675E-11,1.04603212724469E-12,-1.));
#9171=DIRECTION('',(-0.500997692803142,-8.43098365831159E-15,0.865448618813346));
#9172=DIRECTION('',(1.,1.64589213750191E-13,-1.46096784723221E-11));
#9173=DIRECTION('',(1.79893417954474E-13,8.55369470610184E-14,1.));
#9174=DIRECTION('',(-0.965925826289026,-1.36842381331798E-13,0.258819045102679));
#9175=DIRECTION('',(-1.46077181220675E-11,1.04603212724469E-12,-1.));
#9176=DIRECTION('center_axis',(-1.6458921375144E-13,1.,-8.55369470609889E-14));
#9177=DIRECTION('ref_axis',(0.00814204712730938,-8.41940186315042E-14,-0.999966852984926));
#9178=DIRECTION('',(-3.12149333715909E-16,-8.55369470609889E-14,-1.));
#9179=DIRECTION('',(-1.,5.26874912026091E-11,1.67199191243031E-13));
#9180=DIRECTION('',(-1.65949323825993E-13,-8.55369470610162E-14,-1.));
#9181=DIRECTION('center_axis',(-1.6458921375144E-13,1.,-8.55369470609889E-14));
#9182=DIRECTION('ref_axis',(4.52328702005047E-13,8.55369470610633E-14,1.));
#9183=DIRECTION('',(1.,1.64589213751455E-13,1.76362055822966E-13));
#9184=DIRECTION('',(1.39676785853932E-16,8.55369470609889E-14,1.));
#9185=DIRECTION('',(1.,1.6458921375144E-13,-1.39676785868094E-16));
#9186=DIRECTION('center_axis',(-1.6458921375144E-13,1.,-8.55369470609889E-14));
#9187=DIRECTION('ref_axis',(1.20573962508035E-13,-8.5536947060969E-14,-1.));
#9188=DIRECTION('',(1.65594628112863E-13,6.72431894760142E-15,1.));
#9189=DIRECTION('center_axis',(-1.6458921375144E-13,1.,-8.55369470609889E-14));
#9190=DIRECTION('ref_axis',(0.99998116032064,1.65517448594954E-13,0.00613832255476565));
#9191=DIRECTION('',(1.,1.64589213751421E-13,-2.30583301357519E-13));
#9192=DIRECTION('center_axis',(1.6458921375144E-13,-1.,8.55369470609889E-14));
#9193=DIRECTION('ref_axis',(-0.99998116032064,-1.68181648417763E-13,0.00613832255476791));
#9194=DIRECTION('',(1.66880398388969E-13,6.52256026967279E-15,1.));
#9195=DIRECTION('',(1.66880398388969E-13,6.52256026967279E-15,1.));
#9196=DIRECTION('center_axis',(-1.6458921375144E-13,1.,-8.55369470609889E-14));
#9197=DIRECTION('ref_axis',(-1.6461439186616E-13,6.59194920865624E-15,1.));
#9198=DIRECTION('center_axis',(1.6458921375144E-13,-1.,8.55369470609889E-14));
#9199=DIRECTION('ref_axis',(1.66866124336015E-13,6.59194920871154E-15,1.));
#9200=DIRECTION('center_axis',(5.26874912026091E-11,1.,-8.57307756441512E-14));
#9201=DIRECTION('ref_axis',(-1.,5.26874912026093E-11,2.47049964960155E-12));
#9202=DIRECTION('',(-1.,-1.64589213751424E-13,1.85393350530219E-13));
#9203=DIRECTION('',(0.537206122860065,1.6056455652203E-13,0.843450995352816));
#9204=DIRECTION('',(1.,1.64589213751424E-13,-1.86781129311E-13));
#9205=DIRECTION('',(-0.537206122860065,-1.6056455652203E-13,-0.843450995352816));
#9206=DIRECTION('',(1.67352226380046E-13,8.55369470610164E-14,1.));
#9207=DIRECTION('',(-1.,-1.64589213751426E-13,1.6735222638006E-13));
#9208=DIRECTION('',(0.707106781186666,1.76865904462635E-13,0.707106781186429));
#9209=DIRECTION('',(0.866025403784352,9.97699667671328E-14,-0.50000000000015));
#9210=DIRECTION('',(-1.67111624610772E-13,-8.55369470610163E-14,-1.));
#9211=DIRECTION('',(0.866025403784355,9.97699667671337E-14,-0.500000000000145));
#9212=DIRECTION('',(0.866025403784522,1.8530691382815E-13,0.499999999999855));
#9213=DIRECTION('',(0.866025403784356,9.97699667671339E-14,-0.500000000000144));
#9214=DIRECTION('',(-0.866025403784522,-1.8530691382815E-13,-0.499999999999855));
#9215=DIRECTION('',(-0.866025403784355,-9.97699667671337E-14,0.500000000000145));
#9216=DIRECTION('',(-1.,-1.64589213751426E-13,1.6735222638006E-13));
#9217=DIRECTION('',(0.53720038842167,1.60563925103562E-13,0.843454647672065));
#9218=DIRECTION('',(1.,1.64589213751424E-13,-1.86781129311E-13));
#9219=DIRECTION('',(-0.537200388421673,-1.60563925103562E-13,-0.843454647672063));
#9220=DIRECTION('',(1.,1.64589213751426E-13,-1.6735222638006E-13));
#9221=DIRECTION('',(-0.53720038842167,-1.60563925103562E-13,-0.843454647672065));
#9222=DIRECTION('',(-1.,-1.64589213751424E-13,1.86781129311E-13));
#9223=DIRECTION('',(0.537200388421673,1.60563925103562E-13,0.843454647672063));
#9224=DIRECTION('',(-0.866025403784354,-9.97699667671336E-14,0.500000000000146));
#9225=DIRECTION('',(-0.866025403784522,-1.8530691382815E-13,-0.499999999999855));
#9226=DIRECTION('',(-0.866025403784353,-9.97699667671333E-14,0.500000000000148));
#9227=DIRECTION('',(0.866025403784522,1.8530691382815E-13,0.499999999999855));
#9228=DIRECTION('',(0.866025403784354,9.97699667671336E-14,-0.500000000000146));
#9229=DIRECTION('',(-1.67907337892358E-13,-8.55369470610165E-14,-1.));
#9230=DIRECTION('',(1.,1.64589213751426E-13,-1.6735222638006E-13));
#9231=DIRECTION('',(-0.707106781186665,-1.76865904462635E-13,-0.70710678118643));
#9232=DIRECTION('',(-0.866025403784351,-9.97699667671325E-14,0.500000000000152));
#9233=DIRECTION('',(1.68074031687868E-13,8.55369470610165E-14,1.));
#9234=DIRECTION('center_axis',(1.6458921375144E-13,-1.,8.57307755744561E-14));
#9235=DIRECTION('ref_axis',(1.,1.64589213751425E-13,-1.66866124336016E-13));
#9236=DIRECTION('',(-1.65201186064223E-13,7.105427357601E-15,1.));
#9237=DIRECTION('',(1.,1.64589213751454E-13,1.64947458773546E-13));
#9238=DIRECTION('',(1.65201186064223E-13,-7.105427357601E-15,-1.));
#9239=DIRECTION('',(-1.,-1.64589213751454E-13,-1.64947458773546E-13));
#9240=DIRECTION('',(2.79953837889479E-12,7.32747196252603E-15,1.));
#9241=DIRECTION('',(1.,1.64589213751201E-13,-2.79981349787668E-12));
#9242=DIRECTION('',(-2.80081711359926E-12,-7.32707255103772E-15,-1.));
#9243=DIRECTION('',(-1.,-1.64589213751201E-13,2.79981349787668E-12));
#9244=DIRECTION('center_axis',(-1.56162159434132E-13,1.,-5.70377078898514E-15));
#9245=DIRECTION('ref_axis',(-1.67199191243403E-13,-5.70377078901125E-15,
-1.));
#9246=DIRECTION('',(-1.56162159434133E-13,1.,-5.70377078898514E-15));
#9247=DIRECTION('center_axis',(1.1383894302858E-29,1.,-1.90337792063824E-42));
#9248=DIRECTION('ref_axis',(-1.67199191243403E-13,-5.70377078901125E-15,
-1.));
#9249=DIRECTION('center_axis',(2.79981349787667E-12,7.28537800534299E-15,
1.));
#9250=DIRECTION('ref_axis',(1.,-5.26945398835161E-11,-2.79981349787629E-12));
#9251=DIRECTION('',(1.65640355166413E-13,-1.,7.28537800487923E-15));
#9252=DIRECTION('center_axis',(-2.79981349787667E-12,-7.28537800534299E-15,
-1.));
#9253=DIRECTION('ref_axis',(-0.873395228690553,0.48701208865959,-1.94806943909127E-15));
#9254=DIRECTION('center_axis',(-2.79981349787667E-12,-7.28537800534299E-15,
-1.));
#9255=DIRECTION('ref_axis',(1.,-5.26945398835161E-11,-2.79981349787629E-12));
#9256=DIRECTION('center_axis',(2.79981349787667E-12,7.28537800534299E-15,
1.));
#9257=DIRECTION('ref_axis',(1.,-5.26945398835161E-11,-2.79981349787629E-12));
#9258=DIRECTION('center_axis',(1.64947458773547E-13,-7.09154956973735E-15,
-1.));
#9259=DIRECTION('ref_axis',(-1.,-1.6989061577557E-13,-1.64947458773546E-13));
#9260=DIRECTION('center_axis',(-1.64947458773547E-13,7.09154956973735E-15,
1.));
#9261=DIRECTION('ref_axis',(-1.,-1.6989061577557E-13,-1.64947458773546E-13));
#9262=DIRECTION('center_axis',(1.64947458773547E-13,-7.09154956973735E-15,
-1.));
#9263=DIRECTION('ref_axis',(-1.,-1.6989061577557E-13,-1.64947458773546E-13));
#9264=DIRECTION('center_axis',(1.64947458773547E-13,-7.09154956973735E-15,
-1.));
#9265=DIRECTION('ref_axis',(0.873395228690391,0.48701208865988,1.4082549866424E-13));
#9266=DIRECTION('',(-1.68109822806194E-13,1.,-7.09154956976508E-15));
#9267=DIRECTION('center_axis',(-0.974320199218373,-1.65389578540369E-13,
-0.225166936727109));
#9268=DIRECTION('ref_axis',(-0.225166936727109,-3.14561019903164E-14,0.974320199218373));
#9269=DIRECTION('',(-1.68109822806194E-13,1.,-7.09154956976509E-15));
#9270=DIRECTION('center_axis',(-0.974320199218373,-1.65389578540369E-13,
-0.225166936727109));
#9271=DIRECTION('ref_axis',(0.225166936727109,3.0963278391178E-14,-0.974320199218373));
#9272=DIRECTION('',(-1.68226884827963E-13,1.,-6.58501031480781E-15));
#9273=DIRECTION('',(0.209489866790585,0.366607266883384,-0.906483925715375));
#9274=DIRECTION('',(1.6822528123863E-13,-1.,6.59194920868393E-15));
#9275=DIRECTION('',(0.161274347987335,-0.697850479931507,-0.6978504799315));
#9276=DIRECTION('center_axis',(-1.64947458773547E-13,7.09154956973735E-15,
1.));
#9277=DIRECTION('ref_axis',(1.,1.6989061577557E-13,1.64947458773546E-13));
#9278=DIRECTION('center_axis',(1.64947458773547E-13,-7.09154956973735E-15,
-1.));
#9279=DIRECTION('ref_axis',(-1.,-1.6989061577557E-13,-1.64947458773546E-13));
#9280=DIRECTION('center_axis',(3.30426670843513E-13,-7.08461067586112E-15,
-1.));
#9281=DIRECTION('ref_axis',(0.873395228690391,0.48701208865988,2.85142786704181E-13));
#9282=DIRECTION('center_axis',(-0.974320199218373,-1.65389578540369E-13,
-0.225166936727109));
#9283=DIRECTION('ref_axis',(0.225166936727109,3.09632783911784E-14,-0.974320199218373));
#9284=DIRECTION('',(3.30426670843513E-13,-7.08461067586112E-15,-1.));
#9285=DIRECTION('center_axis',(-0.974320199218411,-6.54800524102345E-16,
-0.225166936726947));
#9286=DIRECTION('ref_axis',(0.225166936726947,-7.15747755784094E-15,-0.974320199218411));
#9287=DIRECTION('center_axis',(-1.38691141904397E-15,-6.58501031480804E-15,
-1.));
#9288=DIRECTION('ref_axis',(0.873395228690391,0.48701208865988,-4.41830144327071E-15));
#9289=DIRECTION('',(3.30426670843513E-13,-7.08461067586112E-15,-1.));
#9290=DIRECTION('center_axis',(1.64947458773547E-13,-7.09154956973735E-15,
-1.));
#9291=DIRECTION('ref_axis',(0.873395228690391,0.48701208865988,2.85142786704181E-13));
#9292=DIRECTION('center_axis',(1.64947458773547E-13,-7.09154956973735E-15,
-1.));
#9293=DIRECTION('ref_axis',(0.873395228690391,0.487012088659881,1.40610653109628E-13));
#9294=DIRECTION('center_axis',(-1.64947458773547E-13,7.09154956973735E-15,
1.));
#9295=DIRECTION('ref_axis',(-1.,-1.6989061577557E-13,-1.64947458773546E-13));
#9296=DIRECTION('center_axis',(1.38691141904397E-15,6.58501031480804E-15,
1.));
#9297=DIRECTION('ref_axis',(0.873395228690391,0.487012088659881,1.40610653109628E-13));
#9298=DIRECTION('center_axis',(-1.66866124336015E-13,-6.35556630016429E-15,
-1.));
#9299=DIRECTION('ref_axis',(-1.,0.,1.66866124336015E-13));
#9300=DIRECTION('',(5.26856349400697E-11,1.,-6.35556630895573E-15));
#9301=DIRECTION('',(1.,-5.13583515505536E-11,-1.66866124335689E-13));
#9302=DIRECTION('',(-5.26883549864801E-11,-1.,6.35556630895619E-15));
#9303=DIRECTION('center_axis',(1.66866124336015E-13,6.35556630016429E-15,
1.));
#9304=DIRECTION('ref_axis',(-0.707106781223807,-0.707106781149288,1.74687729033407E-12));
#9305=DIRECTION('center_axis',(-1.66866124336015E-13,-6.35556630016429E-15,
-1.));
#9306=DIRECTION('ref_axis',(-1.,0.,1.66866124336015E-13));
#9307=DIRECTION('center_axis',(1.66866124336015E-13,6.35556630016429E-15,
1.));
#9308=DIRECTION('ref_axis',(0.707106781186668,-0.707106781186427,-1.18021932935791E-13));
#9309=DIRECTION('',(-1.65452997622209E-13,1.,-6.35556630013668E-15));
#9310=DIRECTION('',(1.,1.6545299762221E-13,-1.66866124336016E-13));
#9311=DIRECTION('',(1.62732951211878E-13,-1.,6.35556630013713E-15));
#9312=DIRECTION('center_axis',(1.,1.65452997622208E-13,-1.66866124336016E-13));
#9313=DIRECTION('ref_axis',(1.65452997622209E-13,-1.,6.35556630013668E-15));
#9314=DIRECTION('',(-2.34985104654623E-13,0.707106781186543,-0.707106781186552));
#9315=DIRECTION('',(-1.66866124336015E-13,-6.11487039835279E-15,-1.));
#9316=DIRECTION('',(-1.66852815305024E-13,1.,-6.35556630013644E-15));
#9317=DIRECTION('center_axis',(-1.,-1.65452997622208E-13,1.66866124336016E-13));
#9318=DIRECTION('ref_axis',(-1.66845887579318E-13,-6.23131130467621E-15,
-1.));
#9319=DIRECTION('center_axis',(0.707107559553125,1.12499006287253E-13,-0.707106002819113));
#9320=DIRECTION('ref_axis',(-0.499999449610995,-0.70710678118663,-0.500000550388283));
#9321=DIRECTION('',(-0.707107559553125,-1.12499006287253E-13,0.707106002819113));
#9322=DIRECTION('center_axis',(9.99231482008376E-16,0.707106781186552,0.707106781186543));
#9323=DIRECTION('ref_axis',(1.,1.65452997622206E-13,-1.66866124336015E-13));
#9324=DIRECTION('',(2.33022489081272E-13,-0.707106781186543,0.707106781186552));
#9325=DIRECTION('',(-1.,-1.6533406674247E-13,1.66747193456276E-13));
#9326=DIRECTION('center_axis',(1.,1.62732951211877E-13,-1.66810613184793E-13));
#9327=DIRECTION('ref_axis',(-1.66810613184792E-13,-6.85516666124545E-15,
-1.));
#9328=DIRECTION('',(-6.3095753032949E-14,-0.500000000000005,-0.866025403784435));
#9329=DIRECTION('',(-1.66810613184792E-13,-6.11487039835278E-15,-1.));
#9330=DIRECTION('center_axis',(1.,-5.26883549864801E-11,-2.47049964960156E-12));
#9331=DIRECTION('ref_axis',(-5.26883549864801E-11,-1.,6.35556636983409E-15));
#9332=DIRECTION('center_axis',(-1.,5.26883549864801E-11,2.47049964960156E-12));
#9333=DIRECTION('ref_axis',(-2.47056119955015E-12,-6.1331804179884E-15,
-1.));
#9334=DIRECTION('',(5.26897548041629E-11,1.,-6.35556636983755E-15));
#9335=DIRECTION('',(-2.47049964960188E-12,-6.11487033785603E-15,-1.));
#9336=DIRECTION('',(3.55093860453517E-11,0.707106781186543,-0.707106781186552));
#9337=DIRECTION('center_axis',(-3.90032001556566E-11,-0.707106781186552,
-0.707106781186543));
#9338=DIRECTION('ref_axis',(-1.,5.26883549864801E-11,2.47049964960156E-12));
#9339=DIRECTION('',(1.,-5.26882360556003E-11,-2.4706185804813E-12));
#9340=DIRECTION('',(-3.55074234297783E-11,-0.707106781186543,0.707106781186552));
#9341=DIRECTION('center_axis',(1.,-5.26856349400697E-11,-2.47055516075278E-12));
#9342=DIRECTION('ref_axis',(-2.47055516075314E-12,-6.85516660074578E-15,
-1.));
#9343=DIRECTION('',(-2.47055516075311E-12,-6.11487033785311E-15,-1.));
#9344=DIRECTION('',(-2.84823810006978E-11,-0.500000000000005,-0.866025403784435));
#9345=DIRECTION('center_axis',(-2.26719561241129E-13,0.866025403784436,
-0.500000000000005));
#9346=DIRECTION('ref_axis',(-1.,-1.65452997622209E-13,1.66866124336018E-13));
#9347=DIRECTION('',(-6.17838038949362E-14,-0.500000000000005,-0.866025403784435));
#9348=DIRECTION('',(-6.17838038949362E-14,-0.500000000000005,-0.866025403784435));
#9349=DIRECTION('',(-1.,-1.6533406674247E-13,1.67072118662314E-13));
#9350=DIRECTION('center_axis',(2.26719561241129E-13,-0.866025403784436,
0.500000000000005));
#9351=DIRECTION('ref_axis',(1.,1.68532528715342E-13,-1.61532220019224E-13));
#9352=DIRECTION('center_axis',(1.,1.65452997622208E-13,-1.66866124336016E-13));
#9353=DIRECTION('ref_axis',(1.65452997622209E-13,-1.,6.35556630013668E-15));
#9354=DIRECTION('',(-1.66866124336016E-13,4.20938792380897E-17,-1.));
#9355=DIRECTION('',(-1.6545303630685E-13,0.999999999999973,-2.31830464964948E-7));
#9356=DIRECTION('center_axis',(-1.66866124336016E-13,4.20938792380897E-17,
-1.));
#9357=DIRECTION('ref_axis',(0.707106781186668,-0.707106781186427,-1.18021932935791E-13));
#9358=DIRECTION('center_axis',(-1.66786417828166E-13,-2.31830464964948E-7,
-0.999999999999973));
#9359=DIRECTION('ref_axis',(0.707106781186658,-0.707106781186418,1.63928775926512E-7));
#9360=DIRECTION('center_axis',(2.47049964960156E-12,-4.20939397348488E-17,
1.));
#9361=DIRECTION('ref_axis',(-0.707106781223807,-0.707106781149288,1.74687729033407E-12));
#9362=DIRECTION('',(-2.47049964960156E-12,4.20939397348496E-17,-1.));
#9363=DIRECTION('center_axis',(2.47059153251812E-12,2.31830464964948E-7,
0.999999999999973));
#9364=DIRECTION('ref_axis',(-0.707106781223798,-0.707106781149278,1.63930640825736E-7));
#9365=DIRECTION('center_axis',(1.,-5.26883549864801E-11,-2.47049964960156E-12));
#9366=DIRECTION('ref_axis',(-5.26883549864801E-11,-1.,6.35556636983409E-15));
#9367=DIRECTION('',(-2.84836929498358E-11,-0.500000000000005,-0.866025403784435));
#9368=DIRECTION('',(5.26883544137416E-11,0.999999999999973,-2.31830464964948E-7));
#9369=DIRECTION('center_axis',(-4.43942040771033E-11,-0.866025403784436,
0.500000000000005));
#9370=DIRECTION('ref_axis',(1.,-5.26883549864801E-11,-2.47049964960157E-12));
#9371=DIRECTION('',(1.,-5.26882360556003E-11,-2.47029365527526E-12));
#9372=DIRECTION('',(-2.84836929498358E-11,-0.500000000000005,-0.866025403784435));
#9373=DIRECTION('center_axis',(-4.43942040771033E-11,-0.866025403784436,
0.500000000000005));
#9374=DIRECTION('ref_axis',(-1.,5.26909270252706E-11,2.47495455146572E-12));
#9375=DIRECTION('center_axis',(-0.500000000045632,-0.866025403758093,1.3127959908077E-12));
#9376=DIRECTION('ref_axis',(-0.866025403758093,0.500000000045632,2.09476044824391E-12));
#9377=DIRECTION('',(1.31706308978994E-12,7.54166521358408E-13,1.));
#9378=DIRECTION('',(-0.866025403758093,0.500000000045632,2.13877863011915E-12));
#9379=DIRECTION('',(2.47045824727944E-12,8.95665031518069E-14,1.));
#9380=DIRECTION('',(-0.866025403758093,0.500000000045632,9.91503948358681E-14));
#9381=DIRECTION('center_axis',(-0.500000000000146,0.866025403784355,5.4041787151049E-15));
#9382=DIRECTION('ref_axis',(0.866025403784355,0.500000000000146,-1.88429219776129E-13));
#9383=DIRECTION('',(1.65942091650177E-13,8.97603317257937E-14,1.));
#9384=DIRECTION('',(0.866025403784354,0.500000000000146,-1.44411037900888E-13));
#9385=DIRECTION('',(0.866025403784354,0.500000000000146,-1.8891072657014E-13));
#9386=DIRECTION('center_axis',(-1.,-1.6885425251547E-13,1.65942091650193E-13));
#9387=DIRECTION('ref_axis',(-1.68854252515485E-13,1.,-8.95665032122984E-14));
#9388=DIRECTION('',(-1.65942091650177E-13,-8.97603317257937E-14,-1.));
#9389=DIRECTION('',(-1.68854252515471E-13,1.,-1.01909637218933E-15));
#9390=DIRECTION('',(-1.68854252515485E-13,1.,-8.97603317257668E-14));
#9391=DIRECTION('center_axis',(-1.,5.26913984546565E-11,2.47045824727473E-12));
#9392=DIRECTION('ref_axis',(5.26913984546563E-11,1.,-8.95665032819787E-14));
#9393=DIRECTION('',(5.26913984546565E-11,1.,-1.01909644186973E-15));
#9394=DIRECTION('',(-2.47045824727944E-12,-8.97603316652742E-14,-1.));
#9395=DIRECTION('',(5.26913984546563E-11,1.,-8.97603317345581E-14));
#9396=DIRECTION('center_axis',(-0.353553390559245,0.612372435714399,0.70710678118745));
#9397=DIRECTION('ref_axis',(0.866025403810786,0.499999999954365,-2.13770627843243E-12));
#9398=DIRECTION('',(1.89901179281434E-11,0.755928946013723,-0.65465367071344));
#9399=DIRECTION('',(0.866025403810785,0.499999999954367,-2.13979772656102E-12));
#9400=DIRECTION('',(-0.654653670689722,0.377964473043745,-0.654653670706304));
#9401=DIRECTION('',(-0.866025403811781,-0.499999999952642,1.47399641457419E-13));
#9402=DIRECTION('center_axis',(-0.707106781184742,3.72591657673996E-11,
0.707106781188353));
#9403=DIRECTION('ref_axis',(5.26918980550176E-11,1.,-5.19496080801447E-16));
#9404=DIRECTION('',(-5.26860619847894E-11,-1.,6.3555663089382E-15));
#9405=DIRECTION('',(-0.654653670729584,-0.377964472974714,-0.654653670706297));
#9406=DIRECTION('center_axis',(-0.35355339062378,-0.612372435677142,0.707106781187448));
#9407=DIRECTION('ref_axis',(-0.866025403758094,0.500000000045631,2.1372348941539E-12));
#9408=DIRECTION('',(2.07145583009465E-11,0.75592894602361,0.654653670702024));
#9409=DIRECTION('',(0.866025403759092,-0.500000000043901,-1.41044075148502E-13));
#9410=DIRECTION('center_axis',(-0.499999999954367,0.866025403810785,1.15766225646703E-12));
#9411=DIRECTION('ref_axis',(0.866025403810785,0.499999999954367,-2.1843269515259E-12));
#9412=DIRECTION('',(-1.31706308975503E-12,5.74839686399615E-13,-1.));
#9413=DIRECTION('',(0.866025403810785,0.499999999954367,-1.88910726570426E-13));
#9414=DIRECTION('center_axis',(-0.353553390593273,-0.61237243569583,-0.707106781186518));
#9415=DIRECTION('ref_axis',(-0.866025403784525,0.499999999999851,1.45439276829865E-13));
#9416=DIRECTION('',(-0.866025403784522,0.499999999999856,1.41044075153017E-13));
#9417=DIRECTION('',(0.654653670707847,0.377964473009361,-0.65465367070803));
#9418=DIRECTION('',(-0.866025403784523,0.499999999999854,1.43391941528699E-13));
#9419=DIRECTION('center_axis',(-0.707106781186606,-1.20118596941347E-13,
-0.707106781186489));
#9420=DIRECTION('ref_axis',(-1.69353852876555E-13,1.,-5.19496011111539E-16));
#9421=DIRECTION('',(-1.63517782587531E-13,1.,-6.355566300137E-15));
#9422=DIRECTION('',(0.654653670708007,-0.377964473009098,-0.654653670708022));
#9423=DIRECTION('center_axis',(-0.353553390593481,0.612372435695711,-0.707106781186516));
#9424=DIRECTION('ref_axis',(0.866025403784355,0.500000000000144,-1.455775941921E-13));
#9425=DIRECTION('',(0.866025403784356,0.500000000000143,-1.47399641453154E-13));
#9426=DIRECTION('center_axis',(-0.499999999999853,-0.866025403784523,1.60537912935087E-13));
#9427=DIRECTION('ref_axis',(-0.866025403784523,0.499999999999853,9.88627165638306E-14));
#9428=DIRECTION('',(-0.866025403784523,0.499999999999853,9.91503948443729E-14));
#9429=DIRECTION('center_axis',(1.66312165991719E-13,8.97603317257949E-14,
1.));
#9430=DIRECTION('ref_axis',(-1.65789100295732E-13,1.,-8.97603317257673E-14));
#9431=DIRECTION('center_axis',(1.66312165991719E-13,8.97603317257949E-14,
1.));
#9432=DIRECTION('ref_axis',(-1.66435393210651E-13,1.,2.58957880928346E-15));
#9433=DIRECTION('center_axis',(-1.55318511404841E-13,-7.79154682638747E-14,
-1.));
#9434=DIRECTION('ref_axis',(1.,1.77192507149562E-13,-1.55318511404854E-13));
#9435=DIRECTION('',(-1.55318511404841E-13,-7.79154682638747E-14,-1.));
#9436=DIRECTION('center_axis',(1.66649229691292E-13,-2.58957880926169E-15,
1.));
#9437=DIRECTION('ref_axis',(1.,1.77192507149562E-13,-1.55318511404854E-13));
#9438=DIRECTION('center_axis',(-1.66649229691292E-13,2.58957880926169E-15,
-1.));
#9439=DIRECTION('ref_axis',(-1.66431490082915E-13,1.,2.58957880928942E-15));
#9440=DIRECTION('center_axis',(1.66649229691292E-13,-2.58957880926169E-15,
1.));
#9441=DIRECTION('ref_axis',(-1.66435393210651E-13,1.,2.58957880928346E-15));
#9442=DIRECTION('center_axis',(1.66423654241119E-13,-2.58957880925576E-15,
1.));
#9443=DIRECTION('ref_axis',(-1.66435393210651E-13,1.,2.58957880928346E-15));
#9444=DIRECTION('',(1.66423654241119E-13,-2.58957880925576E-15,1.));
#9445=DIRECTION('center_axis',(-2.21239802495583E-13,0.866025403784438,
-0.500000000000001));
#9446=DIRECTION('ref_axis',(1.,1.63786918435089E-13,-1.58792340646451E-13));
#9447=DIRECTION('center_axis',(-2.26687832439508E-13,0.866025403784438,
-0.500000000000001));
#9448=DIRECTION('ref_axis',(1.,1.68505050767107E-13,-1.61516355618414E-13));
#9449=DIRECTION('',(-2.21239802495583E-13,0.866025403784438,-0.500000000000001));
#9450=DIRECTION('center_axis',(-2.46974228519941E-13,0.86602540378444,-0.499999999999997));
#9451=DIRECTION('ref_axis',(1.,1.86073585123993E-13,-1.71659553658634E-13));
#9452=DIRECTION('center_axis',(1.19125188573896E-14,1.,-8.5536947060989E-14));
#9453=DIRECTION('ref_axis',(0.,-8.55031623052732E-14,-1.));
#9454=DIRECTION('',(-2.46974228519941E-13,0.86602540378444,-0.499999999999997));
#9455=DIRECTION('center_axis',(-2.26687832439509E-13,0.866025403784438,
-0.500000000000001));
#9456=DIRECTION('ref_axis',(1.,1.68505050767106E-13,-1.61516355618418E-13));
#9457=DIRECTION('center_axis',(2.26687832439509E-13,-0.866025403784438,
0.500000000000001));
#9458=DIRECTION('ref_axis',(1.,1.64668458073566E-13,-1.68161529091575E-13));
#9459=DIRECTION('center_axis',(2.26687832439509E-13,-0.866025403784438,
0.500000000000001));
#9460=DIRECTION('ref_axis',(1.,1.64668458073566E-13,-1.68161529091575E-13));
#9461=DIRECTION('center_axis',(2.26687832439509E-13,-0.866025403784438,
0.500000000000001));
#9462=DIRECTION('ref_axis',(1.,1.64668458073566E-13,-1.68161529091575E-13));
#9463=DIRECTION('center_axis',(2.26687832439509E-13,-0.866025403784438,
0.500000000000001));
#9464=DIRECTION('ref_axis',(1.,1.64668458073566E-13,-1.68161529091575E-13));
#9465=DIRECTION('',(2.26687832439509E-13,-0.866025403784438,0.500000000000001));
#9466=DIRECTION('center_axis',(-2.26502799376082E-13,0.866025403784438,
-0.5));
#9467=DIRECTION('ref_axis',(1.,1.68344807433638E-13,-1.61423839086704E-13));
#9468=DIRECTION('',(-0.707106781186698,0.612372435695683,-0.353553390593164));
#9469=DIRECTION('center_axis',(4.43941601803589E-11,0.866025403784438,-0.5));
#9470=DIRECTION('ref_axis',(-1.,5.26908890095747E-11,2.4749764998382E-12));
#9471=DIRECTION('center_axis',(-4.43943452134222E-11,-0.866025403784438,
0.500000000000001));
#9472=DIRECTION('ref_axis',(1.,-5.13592624230214E-11,-1.68161529091548E-13));
#9473=DIRECTION('',(0.707106781217929,0.612372435658544,-0.353553390595029));
#9474=DIRECTION('center_axis',(-4.43943452134222E-11,-0.866025403784438,
0.500000000000001));
#9475=DIRECTION('ref_axis',(-1.,5.26910492529082E-11,2.47488398330648E-12));
#9476=DIRECTION('center_axis',(-4.43943452134222E-11,-0.866025403784438,
0.500000000000001));
#9477=DIRECTION('ref_axis',(1.,-5.13592624230214E-11,-1.68161529091548E-13));
#9478=DIRECTION('center_axis',(-4.43943452134222E-11,-0.866025403784438,
0.500000000000001));
#9479=DIRECTION('ref_axis',(1.,-5.13592624230214E-11,-1.68161529091548E-13));
#9480=DIRECTION('',(-4.43943452134222E-11,-0.866025403784438,0.500000000000001));
#9481=DIRECTION('center_axis',(-2.21239802495589E-13,0.866025403784438,
-0.500000000000001));
#9482=DIRECTION('ref_axis',(-1.,1.4052819224419E-11,2.47826764912655E-11));
#9483=DIRECTION('',(-2.21239802495589E-13,0.866025403784438,-0.500000000000001));
#9484=DIRECTION('center_axis',(0.633988905605403,0.773342141338013,-1.09417538615465E-13));
#9485=DIRECTION('ref_axis',(0.773342141338013,-0.633988905605403,-1.26619861850648E-13));
#9486=DIRECTION('',(-0.560397365962696,0.459415947689351,0.689123921534268));
#9487=DIRECTION('',(-1.65845889825233E-13,-5.52547727273523E-15,-1.));
#9488=DIRECTION('',(0.773342141338013,-0.633988905605403,-1.24757672712278E-13));
#9489=DIRECTION('',(1.65845889825233E-13,5.52547727273523E-15,1.));
#9490=DIRECTION('center_axis',(0.815892439830697,0.163178487966266,0.554700196225092));
#9491=DIRECTION('ref_axis',(0.196116135138348,-0.980580675690888,-2.73094913260221E-14));
#9492=DIRECTION('',(0.562236091417339,8.78999236947034E-14,-0.826976769630051));
#9493=DIRECTION('',(-0.196116135138348,0.980580675690887,2.64276740986617E-14));
#9494=DIRECTION('',(0.321324453142381,0.669608316784065,-0.669608316784044));
#9495=DIRECTION('center_axis',(8.47814444765134E-16,0.707106781186536,0.707106781186559));
#9496=DIRECTION('ref_axis',(1.,1.67332468186797E-13,-1.68531458872954E-13));
#9497=DIRECTION('',(-1.,-1.6533406674247E-13,1.66533057428629E-13));
#9498=DIRECTION('',(0.577351116568219,0.577349845499872,-0.577349845499853));
#9499=DIRECTION('center_axis',(-3.9003351572693E-11,-0.707106781186536,
-0.707106781186559));
#9500=DIRECTION('ref_axis',(-1.,5.26902344570447E-11,2.46883431506458E-12));
#9501=DIRECTION('',(1.,-5.26882360556003E-11,-2.47083271650895E-12));
#9502=DIRECTION('',(-0.577351116539417,0.577349845530196,-0.577349845498331));
#9503=DIRECTION('',(-0.321324453108978,0.669608316800942,-0.669608316783197));
#9504=DIRECTION('center_axis',(0.815892439820664,-0.163178488009119,-0.554700196227244));
#9505=DIRECTION('ref_axis',(-0.196116135189851,-0.980580675680587,4.90155156070738E-13));
#9506=DIRECTION('',(-0.562236091419519,2.96181710478634E-11,-0.826976769628568));
#9507=DIRECTION('',(0.560397365988643,0.459415947659918,0.68912392153279));
#9508=DIRECTION('',(0.19611613518985,0.980580675680587,-4.90802308500047E-13));
#9509=DIRECTION('center_axis',(0.633988905564785,-0.773342141371312,-1.5626431020308E-12));
#9510=DIRECTION('ref_axis',(-0.773342141371312,-0.633988905564785,1.91296623330173E-12));
#9511=DIRECTION('',(2.47151988411263E-12,5.52547721218489E-15,1.));
#9512=DIRECTION('',(-0.773342141371312,-0.633988905564785,1.9148284224401E-12));
#9513=DIRECTION('',(-2.47151988411263E-12,-5.52547721218489E-15,-1.));
#9514=DIRECTION('center_axis',(-1.66852815305024E-13,1.,-5.52547727270756E-15));
#9515=DIRECTION('ref_axis',(1.66178956732621E-13,5.52547727273529E-15,1.));
#9516=DIRECTION('',(1.,1.66852815305023E-13,-1.66533057428629E-13));
#9517=DIRECTION('center_axis',(0.707106002819113,1.22476696265512E-13,0.707107559553125));
#9518=DIRECTION('ref_axis',(0.707107559553125,1.12499006287229E-13,-0.707106002819113));
#9519=DIRECTION('center_axis',(-1.65334066742464E-13,1.,-6.1148703983252E-15));
#9520=DIRECTION('ref_axis',(1.66975102272841E-13,6.11487039835281E-15,1.));
#9521=DIRECTION('',(-1.,-1.6533406674247E-13,1.66786456157644E-13));
#9522=DIRECTION('',(-1.6572801120011E-13,-6.11487039835261E-15,-1.));
#9523=DIRECTION('',(1.66866124336015E-13,6.11487039835279E-15,1.));
#9524=DIRECTION('center_axis',(1.,1.65452997622208E-13,-1.66866124336016E-13));
#9525=DIRECTION('ref_axis',(1.65452997622209E-13,-1.,6.35556630013668E-15));
#9526=DIRECTION('',(-1.6545303630685E-13,0.999999999999973,-2.31830464964948E-7));
#9527=DIRECTION('',(-6.20547544495325E-14,-0.498964494886479,-0.866622428075042));
#9528=DIRECTION('center_axis',(-2.26502730214483E-13,0.866622428075042,
-0.498964494886479));
#9529=DIRECTION('ref_axis',(1.,1.64329368075303E-13,-1.68531458872957E-13));
#9530=DIRECTION('',(-1.,-1.6533406674247E-13,1.66786456157644E-13));
#9531=DIRECTION('',(0.0992996798586851,-0.496498399293716,-0.862339209985688));
#9532=DIRECTION('center_axis',(0.980580675690887,0.196116135138348,-1.63708909952908E-13));
#9533=DIRECTION('ref_axis',(-1.65845889825234E-13,-5.5254772727352E-15,
-1.));
#9534=DIRECTION('',(0.196116135138348,-0.980580675690887,-2.64276740986617E-14));
#9535=DIRECTION('center_axis',(0.448297854350489,0.546835472317416,-0.707106781186644));
#9536=DIRECTION('ref_axis',(0.773342141338012,-0.633988905605404,-1.26730884153111E-13));
#9537=DIRECTION('',(0.624162116693309,0.374774266096044,0.685540590743612));
#9538=DIRECTION('',(-0.773342141338013,0.633988905605403,1.24757672712278E-13));
#9539=DIRECTION('',(0.245088141054429,0.685540590743745,0.685540590743686));
#9540=DIRECTION('center_axis',(-2.3573941136176E-13,0.707106781186575,-0.70710678118652));
#9541=DIRECTION('ref_axis',(1.,1.64854413860696E-13,-1.68531458872956E-13));
#9542=DIRECTION('',(1.,-5.26897548041629E-11,-2.47083271650895E-12));
#9543=DIRECTION('',(-0.245088141016614,0.685540590756617,0.685540590744332));
#9544=DIRECTION('center_axis',(0.448297854323633,-0.546835472340962,0.707106781185462));
#9545=DIRECTION('ref_axis',(-0.773342141371311,-0.633988905564787,1.91320524926742E-12));
#9546=DIRECTION('',(0.773342141371312,0.633988905564785,-1.9148284224401E-12));
#9547=DIRECTION('',(-0.624162116671817,0.374774266128828,0.685540590745257));
#9548=DIRECTION('center_axis',(0.980580675680587,-0.19611613518985,-2.42244100268523E-12));
#9549=DIRECTION('ref_axis',(-2.47151988411262E-12,-5.52547721218504E-15,
-1.));
#9550=DIRECTION('',(-0.19611613518985,-0.980580675680587,4.90802308500047E-13));
#9551=DIRECTION('',(-0.0992996798870369,-0.4964983992885,-0.862339209985426));
#9552=DIRECTION('',(-2.47163776273779E-12,-6.11487033779607E-15,-1.));
#9553=DIRECTION('center_axis',(-4.44280757001223E-11,-0.866622428075042,
0.498964494886479));
#9554=DIRECTION('ref_axis',(-1.,5.26872313569332E-11,2.46883431506462E-12));
#9555=DIRECTION('',(1.,-5.26882360556003E-11,-2.47057931777993E-12));
#9556=DIRECTION('',(-2.84306088371248E-11,-0.498964494886479,-0.866622428075042));
#9557=DIRECTION('',(1.,-5.26882360556003E-11,-2.47057931777993E-12));
#9558=DIRECTION('center_axis',(1.,-5.26883549864801E-11,-2.47049964960156E-12));
#9559=DIRECTION('ref_axis',(-5.26883549864801E-11,-1.,6.35556636983409E-15));
#9560=DIRECTION('',(5.26883544137416E-11,0.999999999999973,-2.31830464964948E-7));
#9561=DIRECTION('',(2.47049964960188E-12,6.11487033785603E-15,1.));
#9562=DIRECTION('center_axis',(-5.26882360556003E-11,-1.,6.1148704680223E-15));
#9563=DIRECTION('ref_axis',(2.47039067166506E-12,6.11487033786178E-15,1.));
#9564=DIRECTION('center_axis',(0.707106002817248,-3.72617359780179E-11,
-0.70710755955499));
#9565=DIRECTION('ref_axis',(-0.70710755955499,3.72518400523255E-11,-0.707106002817248));
#9566=DIRECTION('',(0.70710755955499,-3.72518400523255E-11,0.707106002817248));
#9567=DIRECTION('center_axis',(-1.66786417828166E-13,-2.31830464964948E-7,
-0.999999999999973));
#9568=DIRECTION('ref_axis',(-7.73502924881081E-8,0.99999999999997,-2.31830464964934E-7));
#9569=DIRECTION('',(-0.196116135138342,0.980580675690862,-2.27328441271555E-7));
#9570=DIRECTION('center_axis',(0.693375245281391,0.138675049056417,-0.707106781186669));
#9571=DIRECTION('ref_axis',(0.196116135138346,-0.980580675690888,-2.69070354795953E-14));
#9572=DIRECTION('',(-0.196116135138348,0.980580675690887,2.64276740986617E-14));
#9573=DIRECTION('center_axis',(-1.66533057428628E-13,-6.35556630016423E-15,
-1.));
#9574=DIRECTION('ref_axis',(-1.,-1.65452997622207E-13,1.66533057428629E-13));
#9575=DIRECTION('',(0.19611613518985,0.980580675680587,-4.90802308500047E-13));
#9576=DIRECTION('center_axis',(0.693375245275972,-0.138675049092835,0.70710678118484));
#9577=DIRECTION('ref_axis',(-0.196116135189849,-0.980580675680587,4.90238422797584E-13));
#9578=DIRECTION('',(0.196116135189845,0.980580675680561,-2.27328958501536E-7));
#9579=DIRECTION('center_axis',(2.47059153251812E-12,2.31830464964948E-7,
0.999999999999973));
#9580=DIRECTION('ref_axis',(7.74028153894856E-8,0.99999999999997,-2.31830464965139E-7));
#9581=DIRECTION('center_axis',(0.70710755955499,-3.72518400523256E-11,0.707106002817248));
#9582=DIRECTION('ref_axis',(0.499999449572537,-0.707106781212891,-0.500000550389602));
#9583=DIRECTION('center_axis',(-1.66286515258743E-13,1.,2.08627332987598E-16));
#9584=DIRECTION('ref_axis',(0.,-2.08627332987598E-16,1.));
#9585=DIRECTION('center_axis',(-2.48052318516661E-12,-7.81518511113682E-14,
-1.));
#9586=DIRECTION('ref_axis',(0.000265935151663712,-0.999999964639247,7.74921900384072E-14));
#9587=DIRECTION('',(2.48052318516661E-12,7.81518511113682E-14,1.));
#9588=DIRECTION('center_axis',(-2.48052318516661E-12,-7.81518511113682E-14,
-1.));
#9589=DIRECTION('ref_axis',(-1.,5.26784466944222E-11,2.4805231851625E-12));
#9590=DIRECTION('',(-1.55877153762401E-13,-7.81106681604169E-14,-1.));
#9591=DIRECTION('center_axis',(-2.48052318516661E-12,-7.81518511113682E-14,
-1.));
#9592=DIRECTION('ref_axis',(-1.,5.26784466944222E-11,2.4805231851625E-12));
#9593=DIRECTION('center_axis',(-2.48052318516661E-12,-7.81518511113682E-14,
-1.));
#9594=DIRECTION('ref_axis',(0.000265935151663712,-0.999999964639247,7.74921900384072E-14));
#9595=DIRECTION('',(-1.55882251551276E-13,-7.81319453579954E-14,-1.));
#9596=DIRECTION('center_axis',(-2.48052318516661E-12,-7.81518511113682E-14,
-1.));
#9597=DIRECTION('ref_axis',(-1.,5.26784466944222E-11,2.4805231851625E-12));
#9598=DIRECTION('',(2.48052318516661E-12,7.81518511113682E-14,1.));
#9599=DIRECTION('center_axis',(-2.48052318516661E-12,-7.81518511113682E-14,
-1.));
#9600=DIRECTION('ref_axis',(-1.,5.26784466944222E-11,2.4805231851625E-12));
#9601=DIRECTION('center_axis',(2.80081711359926E-12,7.32707255103772E-15,
1.));
#9602=DIRECTION('ref_axis',(-0.995674233386786,0.0929129752490792,2.78802065232896E-12));
#9603=DIRECTION('center_axis',(2.79981349787667E-12,7.28537800534299E-15,
1.));
#9604=DIRECTION('ref_axis',(1.,-5.26945398835161E-11,-2.79981349787629E-12));
#9605=DIRECTION('center_axis',(0.974320199218373,1.59746317596084E-13,-0.22516693672711));
#9606=DIRECTION('ref_axis',(0.22516693672711,-1.18579292128845E-11,0.974320199218373));
#9607=DIRECTION('center_axis',(-2.46990414435378E-12,-9.49707372660322E-16,
-1.));
#9608=DIRECTION('ref_axis',(0.000168674277903901,-0.999999985774494,5.33098061109529E-16));
#9609=DIRECTION('center_axis',(-2.46990414435378E-12,-9.49707372660322E-16,
-1.));
#9610=DIRECTION('ref_axis',(0.000168674277903901,-0.999999985774494,5.33098061109529E-16));
#9611=DIRECTION('center_axis',(2.80081711359926E-12,7.32707255103772E-15,
1.));
#9612=DIRECTION('ref_axis',(-0.965868892713386,0.259031430696386,2.70332418211911E-12));
#9613=DIRECTION('center_axis',(2.79981349787667E-12,7.28537800534299E-15,
1.));
#9614=DIRECTION('ref_axis',(1.,-5.26945398835161E-11,-2.79981349787629E-12));
#9615=DIRECTION('center_axis',(-0.974320199218373,-1.59746317596084E-13,
0.22516693672711));
#9616=DIRECTION('ref_axis',(0.22516693672711,-1.18579292128845E-11,0.974320199218373));
#9617=DIRECTION('center_axis',(1.38691141904397E-15,6.58501031480804E-15,
1.));
#9618=DIRECTION('ref_axis',(-0.965868892713386,0.259031430696386,2.70332418211911E-12));
#9619=DIRECTION('',(1.71997917343669E-15,7.08461067591624E-15,1.));
#9620=DIRECTION('center_axis',(-2.79981349787667E-12,-7.28537800534299E-15,
-1.));
#9621=DIRECTION('ref_axis',(1.,-5.26945398835161E-11,-2.79981349787629E-12));
#9622=DIRECTION('center_axis',(2.79981349787667E-12,7.28537800534299E-15,
1.));
#9623=DIRECTION('ref_axis',(1.,-5.26945398835161E-11,-2.79981349787629E-12));
#9624=DIRECTION('',(1.65640355166413E-13,-1.,7.28537800487922E-15));
#9625=DIRECTION('center_axis',(-1.1383894302858E-29,-1.,1.90337792063824E-42));
#9626=DIRECTION('ref_axis',(1.,-1.1383894302858E-29,0.));
#9627=DIRECTION('center_axis',(-1.,9.07477484567352E-16,1.38691141904395E-15));
#9628=DIRECTION('ref_axis',(1.38691141904396E-15,-1.9428902930918E-16,1.));
#9629=DIRECTION('',(-9.07477484567554E-16,-1.,-1.6012512466302E-13));
#9630=DIRECTION('',(1.38691141904397E-15,6.58501031480804E-15,1.));
#9631=DIRECTION('',(-1.05744053514648E-15,-1.,6.58501031480804E-15));
#9632=DIRECTION('',(-1.38691141904397E-15,-6.59194920868416E-15,-1.));
#9633=DIRECTION('',(-9.07477484567352E-16,-1.,6.26245549804186E-15));
#9634=DIRECTION('center_axis',(1.05744053514648E-15,1.,-6.58501031480804E-15));
#9635=DIRECTION('ref_axis',(-1.38691141904397E-15,-6.58501031480804E-15,
-1.));
#9636=DIRECTION('',(-0.707106700282687,-3.90858269298422E-15,-0.707106862090399));
#9637=DIRECTION('',(-1.67253975055807E-13,-6.58501031480787E-15,-1.));
#9638=DIRECTION('',(-1.,1.05744053514759E-15,1.66866124336015E-13));
#9639=DIRECTION('',(-1.77305834513323E-13,-6.58501031480785E-15,-1.));
#9640=DIRECTION('center_axis',(1.05744053514648E-15,1.,-6.58501031480804E-15));
#9641=DIRECTION('ref_axis',(0.999981160320639,-1.01699969596599E-15,0.00613832255493113));
#9642=DIRECTION('',(1.38691141904397E-15,6.58501031480804E-15,1.));
#9643=DIRECTION('',(-0.225166936726949,-6.17780791570922E-15,-0.97432019921841));
#9644=DIRECTION('',(1.,-1.05744053514648E-15,-1.38691141904394E-15));
#9645=DIRECTION('center_axis',(1.05744053514648E-15,1.,-6.58501031480804E-15));
#9646=DIRECTION('ref_axis',(1.38691141904396E-15,6.58501031480804E-15,1.));
#9647=DIRECTION('center_axis',(3.012244369588E-15,1.,-8.60651132004061E-15));
#9648=DIRECTION('ref_axis',(0.999981160320639,-2.9593580773148E-15,0.00613832255493113));
#9649=DIRECTION('',(3.012244369588E-15,1.,-8.60651132004061E-15));
#9650=DIRECTION('center_axis',(-0.819152044288897,-0.573576436351182,1.49336767845477E-13));
#9651=DIRECTION('ref_axis',(0.573576436351182,-0.819152044288897,-9.40605409568639E-14));
#9652=DIRECTION('center_axis',(-0.501926818193092,-0.864910093118677,9.48892206809203E-14));
#9653=DIRECTION('ref_axis',(0.864910093118677,-0.501926818193092,-1.46366123090767E-13));
#9654=DIRECTION('',(3.012244369588E-15,1.,-8.60651132004061E-15));
#9655=DIRECTION('center_axis',(-0.501926818193092,-0.864910093118677,9.48892206809203E-14));
#9656=DIRECTION('ref_axis',(0.864910093118677,-0.501926818193092,-1.46366123090767E-13));
#9657=DIRECTION('center_axis',(-0.868243142124377,-0.496138938356978,1.57549340181487E-13));
#9658=DIRECTION('ref_axis',(0.496138938356978,-0.868243142124377,-8.01148232111055E-14));
#9659=DIRECTION('',(3.012244369588E-15,1.,-8.60651132004061E-15));
#9660=DIRECTION('center_axis',(3.012244369588E-15,1.,-8.60651132004061E-15));
#9661=DIRECTION('ref_axis',(0.999981160320639,-2.9593580773148E-15,0.00613832255493113));
#9662=DIRECTION('center_axis',(1.38691141904397E-15,6.58501031480804E-15,
1.));
#9663=DIRECTION('ref_axis',(1.05744053514646E-15,1.,-6.58501031480804E-15));
#9664=DIRECTION('',(1.,1.6548010267652E-13,-1.38691141904505E-15));
#9665=DIRECTION('',(9.65205853727606E-16,1.,-6.58501031480804E-15));
#9666=DIRECTION('center_axis',(-1.38691141904397E-15,-6.58501031480804E-15,
-1.));
#9667=DIRECTION('ref_axis',(-0.873395228690553,0.48701208865959,-1.99565781125017E-15));
#9668=DIRECTION('',(1.65478499087187E-13,-1.,6.58501031480781E-15));
#9669=DIRECTION('',(0.496138938356978,-0.868243142124377,5.02928928761072E-15));
#9670=DIRECTION('',(0.864910093118677,-0.501926818193092,2.10563959048762E-15));
#9671=DIRECTION('',(1.,1.6548010267652E-13,-1.38691141904505E-15));
#9672=DIRECTION('',(-1.64369879651895E-13,1.,-8.8679064091657E-15));
#9673=DIRECTION('center_axis',(-1.05744053514648E-15,-1.,6.58501031480804E-15));
#9674=DIRECTION('ref_axis',(1.38691141904396E-15,6.58501031480804E-15,1.));
#9675=DIRECTION('',(-1.05744053514648E-15,-1.,6.58501031480804E-15));
#9676=DIRECTION('center_axis',(-1.05744053514648E-15,-1.,6.58501031480804E-15));
#9677=DIRECTION('ref_axis',(1.38691141904396E-15,6.58501031480804E-15,1.));
#9678=DIRECTION('center_axis',(-1.05744053514648E-15,-1.,6.58501031480804E-15));
#9679=DIRECTION('ref_axis',(1.38691141904397E-15,6.58501031480804E-15,1.));
#9680=DIRECTION('center_axis',(-1.05744053514648E-15,-1.,6.58501031480804E-15));
#9681=DIRECTION('ref_axis',(1.38691141904396E-15,6.58501031480804E-15,1.));
#9682=DIRECTION('center_axis',(-2.03354429745937E-14,8.32807863670689E-14,
1.));
#9683=DIRECTION('ref_axis',(-0.540895706858287,-0.841089670785626,5.90472553862268E-14));
#9684=DIRECTION('',(2.03354429745937E-14,-8.32807863670689E-14,-1.));
#9685=DIRECTION('',(-2.03354429745937E-14,8.32807863670689E-14,1.));
#9686=DIRECTION('center_axis',(1.38691226605025E-15,4.09394740357722E-16,
1.));
#9687=DIRECTION('ref_axis',(-1.64905692099342E-13,1.,-4.09394740357493E-16));
#9688=DIRECTION('center_axis',(1.71997917343669E-15,7.08461067591624E-15,
1.));
#9689=DIRECTION('ref_axis',(-0.873395228690553,0.48701208865959,-1.94806943909127E-15));
#9690=DIRECTION('center_axis',(0.97432019921841,-2.42314616059136E-15,-0.225166936726949));
#9691=DIRECTION('ref_axis',(-0.225166936726949,-6.73095359875815E-15,-0.97432019921841));
#9692=DIRECTION('',(1.71997917343669E-15,7.08461067591624E-15,1.));
#9693=DIRECTION('center_axis',(0.974320199218373,1.59746317596084E-13,-0.22516693672711));
#9694=DIRECTION('ref_axis',(-0.22516693672711,-4.41957732482445E-14,-0.974320199218373));
#9695=DIRECTION('center_axis',(-2.79981349787667E-12,-7.28537800534299E-15,
-1.));
#9696=DIRECTION('ref_axis',(-0.873395228690553,0.48701208865959,-1.94806943909127E-15));
#9697=DIRECTION('center_axis',(0.97432019921841,-2.42314616059136E-15,-0.225166936726949));
#9698=DIRECTION('ref_axis',(-0.225166936726949,3.93633651091183E-16,-0.97432019921841));
#9699=DIRECTION('',(-1.05744053514648E-15,-1.,6.18590148257373E-15));
#9700=DIRECTION('center_axis',(-1.,1.05744053514648E-15,1.38691141904394E-15));
#9701=DIRECTION('ref_axis',(1.05744053514646E-15,1.,-6.58501031480804E-15));
#9702=DIRECTION('',(1.05744053514746E-15,1.,7.14032910896694E-13));
#9703=DIRECTION('',(1.38691141904431E-15,3.1512375217096E-13,1.));
#9704=DIRECTION('center_axis',(-2.03354429745937E-14,8.32807863670689E-14,
1.));
#9705=DIRECTION('ref_axis',(-1.64905692099342E-13,1.,-8.32807863670723E-14));
#9706=DIRECTION('',(-2.03354429745937E-14,8.32807863670689E-14,1.));
#9707=DIRECTION('center_axis',(1.38691141904397E-15,6.58501031480804E-15,
1.));
#9708=DIRECTION('ref_axis',(1.,1.66458595137227E-13,-1.66649229691292E-13));
#9709=DIRECTION('',(-2.03354429745937E-14,8.3280786367069E-14,1.));
#9710=DIRECTION('center_axis',(-1.38691226605025E-15,-4.09394740357722E-16,
-1.));
#9711=DIRECTION('ref_axis',(-1.64905692099342E-13,1.,-4.09394740357493E-16));
#9712=DIRECTION('center_axis',(1.38691141904397E-15,6.58501031480804E-15,
1.));
#9713=DIRECTION('ref_axis',(1.,1.66458595137227E-13,-1.66649229691292E-13));
#9714=DIRECTION('center_axis',(1.38691141904397E-15,6.58501031480804E-15,
1.));
#9715=DIRECTION('ref_axis',(1.,1.66458595137227E-13,-1.66649229691292E-13));
#9716=DIRECTION('',(2.03354429745937E-14,-8.32807863670689E-14,-1.));
#9717=DIRECTION('center_axis',(1.66496194554636E-13,-4.72630778024535E-15,
1.));
#9718=DIRECTION('ref_axis',(-1.64905692099342E-13,1.,-8.32807863670723E-14));
#9719=DIRECTION('center_axis',(-1.05744053514648E-15,-1.,6.58501031480804E-15));
#9720=DIRECTION('ref_axis',(1.38691141904397E-15,6.58501031480804E-15,1.));
#9721=DIRECTION('center_axis',(-1.05744053514648E-15,-1.,6.58501031480804E-15));
#9722=DIRECTION('ref_axis',(1.38691141904396E-15,6.58501031480804E-15,1.));
#9723=DIRECTION('center_axis',(-1.05744053514648E-15,-1.,6.58501031480804E-15));
#9724=DIRECTION('ref_axis',(1.38691141904396E-15,6.58501031480804E-15,1.));
#9725=DIRECTION('',(-1.05744053514648E-15,-1.,6.58501031480804E-15));
#9726=DIRECTION('center_axis',(1.38691226605025E-15,4.09394740357722E-16,
1.));
#9727=DIRECTION('ref_axis',(1.,-9.07477484567371E-16,-1.38691226605024E-15));
#9728=DIRECTION('center_axis',(-1.38691226605025E-15,-4.09394740357722E-16,
-1.));
#9729=DIRECTION('ref_axis',(1.,1.65657071576125E-13,-1.66496194554635E-13));
#9730=DIRECTION('center_axis',(-1.6548010267652E-13,1.,-6.59194920868393E-15));
#9731=DIRECTION('ref_axis',(-1.,-1.65480102676519E-13,1.66866124336016E-13));
#9732=DIRECTION('center_axis',(-1.6548010267652E-13,1.,-6.59194920868393E-15));
#9733=DIRECTION('ref_axis',(0.612121756894622,1.06506644183778E-13,0.790763526432676));
#9734=DIRECTION('',(0.600941952155469,9.41750392707756E-14,-0.799292668638699));
#9735=DIRECTION('',(-0.970142500145292,-1.58940498013362E-13,0.242535625036493));
#9736=DIRECTION('',(1.77622835575963E-13,6.59194920871332E-15,1.));
#9737=DIRECTION('center_axis',(1.6548010267652E-13,-1.,6.59194920868393E-15));
#9738=DIRECTION('ref_axis',(1.,1.65480102676519E-13,-1.47727141157199E-13));
#9739=DIRECTION('',(1.,1.65480102676519E-13,-1.66866124336016E-13));
#9740=DIRECTION('',(1.67023429401468E-13,6.59194920871157E-15,1.));
#9741=DIRECTION('',(-0.707106781186496,-1.12350890767307E-13,0.707106781186599));
#9742=DIRECTION('',(-5.23318982272987E-16,6.59194920868385E-15,1.));
#9743=DIRECTION('',(-1.,-1.65480102676519E-13,1.55877153762414E-13));
#9744=DIRECTION('',(-2.63692365790753E-12,-6.59194920912029E-15,-1.));
#9745=DIRECTION('',(-0.70710678118836,-1.21673314740999E-13,-0.707106781184735));
#9746=DIRECTION('',(-1.64771696931613E-13,6.59194920865621E-15,1.));
#9747=DIRECTION('',(-1.,-1.68225281238631E-13,-1.64614391866159E-13));
#9748=DIRECTION('center_axis',(1.6548010267652E-13,-1.,6.59194920868393E-15));
#9749=DIRECTION('ref_axis',(-1.,-1.65480102676503E-13,2.48867319776805E-12));
#9750=DIRECTION('',(-1.75371103106108E-13,6.59194920865443E-15,1.));
#9751=DIRECTION('',(0.970142500145292,1.64801277450026E-13,0.242535625036492));
#9752=DIRECTION('',(-0.600941952155472,-1.06362525583985E-13,-0.799292668638698));
#9753=DIRECTION('center_axis',(1.6822528123863E-13,-1.,6.59194920868393E-15));
#9754=DIRECTION('ref_axis',(-0.612121756894621,-9.77616817035579E-14,0.790763526432677));
#9755=DIRECTION('',(1.,1.6548010267652E-13,-1.38691141904505E-15));
#9756=DIRECTION('',(1.38691141904397E-15,6.59194920868416E-15,1.));
#9757=DIRECTION('center_axis',(1.6822528123863E-13,-1.,6.59194920868393E-15));
#9758=DIRECTION('ref_axis',(-0.612121756894621,-9.77616817035579E-14,0.790763526432677));
#9759=DIRECTION('',(0.999999999999974,1.68225279730184E-13,-2.28830840268935E-7));
#9760=DIRECTION('',(0.70710686209041,1.23614462194308E-13,0.707106700282676));
#9761=DIRECTION('',(-1.6481363832215E-13,6.5919492086562E-15,1.));
#9762=DIRECTION('',(1.,1.68225281238631E-13,1.64614391866159E-13));
#9763=DIRECTION('',(1.6461439186616E-13,-6.59194920865623E-15,-1.));
#9764=DIRECTION('',(1.,1.68225281238631E-13,1.4078429680634E-13));
#9765=DIRECTION('',(-1.66866124336015E-13,-6.59194920871154E-15,-1.));
#9766=DIRECTION('',(-1.,-1.65480102676519E-13,1.66866124336016E-13));
#9767=DIRECTION('',(1.67065370792005E-13,6.59194920871158E-15,1.));
#9768=DIRECTION('',(-0.707106862090408,-1.12350904688609E-13,0.707106700282678));
#9769=DIRECTION('',(-0.999999999999974,-1.65480104184957E-13,-2.28830838017203E-7));
#9770=DIRECTION('center_axis',(-1.64369879651895E-13,1.,-8.8679064091657E-15));
#9771=DIRECTION('ref_axis',(0.612121756894622,1.07626796457262E-13,0.790763526432676));
#9772=DIRECTION('center_axis',(-1.6548010267652E-13,1.,-6.59194920868393E-15));
#9773=DIRECTION('ref_axis',(0.612121756894622,1.06506644183778E-13,0.790763526432676));
#9774=DIRECTION('',(-1.64369879651895E-13,1.,-8.8679064091657E-15));
#9775=DIRECTION('center_axis',(-1.6548010267652E-13,1.,-6.59194920868393E-15));
#9776=DIRECTION('ref_axis',(1.77622835575964E-13,6.59194920871332E-15,1.));
#9777=DIRECTION('',(-1.7769079882611E-13,-6.59194920871334E-15,-1.));
#9778=DIRECTION('',(1.,1.65480102676519E-13,-1.66866124336016E-13));
#9779=DIRECTION('',(1.77622835575963E-13,6.59194920871332E-15,1.));
#9780=DIRECTION('',(-0.970142500145292,-1.58940498013362E-13,0.242535625036493));
#9781=DIRECTION('',(-0.600941952155469,-9.41750392707756E-14,0.799292668638699));
#9782=DIRECTION('center_axis',(2.79981349787667E-12,7.28537800534299E-15,
1.));
#9783=DIRECTION('ref_axis',(1.,-5.26945398835161E-11,-2.79981349787629E-12));
#9784=DIRECTION('',(-1.65640355166413E-13,1.,-7.28537800487922E-15));
#9785=DIRECTION('center_axis',(-0.974320199218373,-1.59746317596084E-13,
0.22516693672711));
#9786=DIRECTION('ref_axis',(0.22516693672711,4.3683317075202E-14,0.974320199218373));
#9787=DIRECTION('',(-0.20948986679071,0.366607266883314,-0.906483925715375));
#9788=DIRECTION('',(-1.63375334944442E-13,1.,-8.36365003337618E-15));
#9789=DIRECTION('',(1.63375334944442E-13,-1.,8.36365003337618E-15));
#9790=DIRECTION('center_axis',(-0.974320199218373,-1.59746317596084E-13,
0.22516693672711));
#9791=DIRECTION('ref_axis',(0.22516693672711,4.3683317075202E-14,0.974320199218373));
#9792=DIRECTION('',(-0.161274347987104,-0.697850479931561,-0.697850479931499));
#9793=DIRECTION('',(1.6548010267652E-13,-1.,6.59194920868393E-15));
#9794=DIRECTION('',(-0.20948986679071,0.366607266883314,-0.906483925715375));
#9795=DIRECTION('center_axis',(-1.66866124336015E-13,-6.59194920871154E-15,
-1.));
#9796=DIRECTION('ref_axis',(-1.,-1.65480102676519E-13,1.66866124336016E-13));
#9797=DIRECTION('',(-0.864910093118677,0.501926818193092,1.41015519045797E-13));
#9798=DIRECTION('',(1.63375334944442E-13,-1.,8.36365003337618E-15));
#9799=DIRECTION('',(-0.864910093118677,0.501926818193092,1.41015519045797E-13));
#9800=DIRECTION('center_axis',(0.501926818193092,0.864910093118677,-9.48892206809203E-14));
#9801=DIRECTION('ref_axis',(-1.77690798826111E-13,-6.59194920871333E-15,
-1.));
#9802=DIRECTION('center_axis',(0.501926818193092,0.864910093118677,-9.48892206809203E-14));
#9803=DIRECTION('ref_axis',(0.864910093118677,-0.501926818193092,-1.46847616789059E-13));
#9804=DIRECTION('',(1.7769079882611E-13,6.59194920871333E-15,1.));
#9805=DIRECTION('center_axis',(0.501926818193092,0.864910093118677,-9.48892206809203E-14));
#9806=DIRECTION('ref_axis',(-1.77690798826111E-13,-6.59194920871333E-15,
-1.));
#9807=DIRECTION('',(1.7769079882611E-13,6.59194920871333E-15,1.));
#9808=DIRECTION('',(0.864910093118677,-0.501926818193092,-1.41015519045797E-13));
#9809=DIRECTION('center_axis',(-0.868243142124377,-0.496138938356978,1.57549340181487E-13));
#9810=DIRECTION('ref_axis',(1.77690798826111E-13,6.59194920871331E-15,1.));
#9811=DIRECTION('center_axis',(-0.868243142124377,-0.496138938356978,1.57549340181487E-13));
#9812=DIRECTION('ref_axis',(0.496138938356978,-0.868243142124377,-8.03966881705962E-14));
#9813=DIRECTION('center_axis',(-0.868243142124377,-0.496138938356978,1.57549340181487E-13));
#9814=DIRECTION('ref_axis',(1.77690798826111E-13,6.59194920871331E-15,1.));
#9815=DIRECTION('',(0.496138938356978,-0.868243142124377,-7.7065367082118E-14));
#9816=DIRECTION('center_axis',(-2.03354429745937E-14,8.32807863670689E-14,
1.));
#9817=DIRECTION('ref_axis',(-0.592030131868964,-0.80591582870621,5.50781089744587E-14));
#9818=DIRECTION('',(2.03354429745937E-14,-8.32807863670689E-14,-1.));
#9819=DIRECTION('',(-2.03354429745937E-14,8.32807863670689E-14,1.));
#9820=DIRECTION('center_axis',(-3.30093603936124E-13,4.09394740302708E-16,
1.));
#9821=DIRECTION('ref_axis',(-1.64905692099369E-13,1.,-4.09394740357141E-16));
#9822=DIRECTION('center_axis',(-2.03354429745937E-14,8.32807863670689E-14,
1.));
#9823=DIRECTION('ref_axis',(-1.64905692099342E-13,1.,-8.32807863670723E-14));
#9824=DIRECTION('',(2.03354429745937E-14,-8.32807863670689E-14,-1.));
#9825=DIRECTION('center_axis',(2.46990414437003E-12,-4.72630784073578E-15,
1.));
#9826=DIRECTION('ref_axis',(-1.64905692099342E-13,1.,-8.32807863670723E-14));
#9827=DIRECTION('center_axis',(2.46990414437003E-12,-4.72630784073578E-15,
1.));
#9828=DIRECTION('ref_axis',(-1.64905692099342E-13,1.,-8.32807863670723E-14));
#9829=DIRECTION('',(-2.03354429745937E-14,8.32807863670689E-14,1.));
#9830=DIRECTION('center_axis',(1.38691141904397E-15,6.58501031480804E-15,
1.));
#9831=DIRECTION('ref_axis',(-1.,5.26890027972782E-11,2.46975110923362E-12));
#9832=DIRECTION('',(-2.03354429745937E-14,8.3280786367069E-14,1.));
#9833=DIRECTION('center_axis',(3.30093603936124E-13,-4.09394740302708E-16,
-1.));
#9834=DIRECTION('ref_axis',(-1.64905692099369E-13,1.,-4.09394740357141E-16));
#9835=DIRECTION('center_axis',(1.38691141904397E-15,6.58501031480804E-15,
1.));
#9836=DIRECTION('ref_axis',(-1.,5.26890027972782E-11,2.46975110923362E-12));
#9837=DIRECTION('center_axis',(1.,-9.07477484567352E-16,-1.38691141904395E-15));
#9838=DIRECTION('ref_axis',(-1.38691141904396E-15,1.9428902930918E-16,-1.));
#9839=DIRECTION('',(9.07477484567125E-16,1.,-1.75395290998615E-13));
#9840=DIRECTION('',(1.38691141904397E-15,6.59194920868416E-15,1.));
#9841=DIRECTION('',(-1.69335504263255E-13,1.,-8.86790640916569E-15));
#9842=DIRECTION('',(-9.07477484567352E-16,-1.,6.58501031480804E-15));
#9843=DIRECTION('',(-1.38691141904397E-15,-6.58501031480804E-15,-1.));
#9844=DIRECTION('center_axis',(1.19729109457089E-15,-1.,8.6065113200406E-15));
#9845=DIRECTION('ref_axis',(-0.999981160320639,-1.14443899543551E-15,0.00613832255493391));
#9846=DIRECTION('center_axis',(1.38691141904397E-15,6.58501031480804E-15,
1.));
#9847=DIRECTION('ref_axis',(1.05744053514646E-15,1.,-6.58501031480804E-15));
#9848=DIRECTION('',(1.69335504263255E-13,-1.,8.86790640916569E-15));
#9849=DIRECTION('',(1.,1.6822528123863E-13,-1.38691141904506E-15));
#9850=DIRECTION('',(0.86491009311851,0.50192681819338,-4.50474695967461E-15));
#9851=DIRECTION('',(0.496138938356688,0.868243142124543,-6.40549080569067E-15));
#9852=DIRECTION('',(-8.49747421291752E-16,-1.,6.58501031480804E-15));
#9853=DIRECTION('',(1.,-1.05744053514648E-15,-1.38691141904394E-15));
#9854=DIRECTION('center_axis',(1.05744053514648E-15,1.,-6.58501031480804E-15));
#9855=DIRECTION('ref_axis',(-1.38691141904397E-15,-6.58501031480804E-15,
-1.));
#9856=DIRECTION('',(-0.707106700282685,5.40402926808943E-15,0.707106862090401));
#9857=DIRECTION('',(-0.225166936726947,6.65400920784889E-15,0.974320199218411));
#9858=DIRECTION('',(-1.38691141904397E-15,-6.58501031480804E-15,-1.));
#9859=DIRECTION('center_axis',(1.05744053514648E-15,1.,-6.58501031480804E-15));
#9860=DIRECTION('ref_axis',(-0.999981160320639,1.09784153064569E-15,0.00613832255493391));
#9861=DIRECTION('',(-1.75054102043467E-13,6.58501031480823E-15,1.));
#9862=DIRECTION('',(-1.,1.05744053514759E-15,1.66866124336015E-13));
#9863=DIRECTION('',(-1.65002242585952E-13,6.58501031480822E-15,1.));
#9864=DIRECTION('center_axis',(1.05744053514648E-15,1.,-6.58501031480804E-15));
#9865=DIRECTION('ref_axis',(1.38691141904396E-15,6.58501031480804E-15,1.));
#9866=DIRECTION('center_axis',(1.19729109457089E-15,-1.,8.6065113200406E-15));
#9867=DIRECTION('ref_axis',(-0.999981160320639,-1.14443899543551E-15,0.00613832255493391));
#9868=DIRECTION('',(1.19729109457089E-15,-1.,8.6065113200406E-15));
#9869=DIRECTION('',(1.19729109457089E-15,-1.,8.6065113200406E-15));
#9870=DIRECTION('center_axis',(0.868243142124542,-0.496138938356688,1.55594288906634E-13));
#9871=DIRECTION('ref_axis',(-0.496138938356688,-0.868243142124542,-7.89989994576611E-14));
#9872=DIRECTION('center_axis',(0.50192681819338,-0.86491009311851,9.37590157669025E-14));
#9873=DIRECTION('ref_axis',(-0.86491009311851,-0.50192681819338,-1.44415569200037E-13));
#9874=DIRECTION('',(1.19729109457089E-15,-1.,8.6065113200406E-15));
#9875=DIRECTION('center_axis',(0.50192681819338,-0.86491009311851,9.37590157669025E-14));
#9876=DIRECTION('ref_axis',(-0.86491009311851,-0.50192681819338,-1.44415569200037E-13));
#9877=DIRECTION('center_axis',(0.819152044289088,-0.573576436350908,1.47492256589601E-13));
#9878=DIRECTION('ref_axis',(-0.573576436350908,-0.819152044289088,-9.27684270388388E-14));
#9879=DIRECTION('center_axis',(-1.05744053514648E-15,-1.,6.58501031480804E-15));
#9880=DIRECTION('ref_axis',(1.38691141904396E-15,6.58501031480804E-15,1.));
#9881=DIRECTION('',(-1.05744053514648E-15,-1.,6.58501031480804E-15));
#9882=DIRECTION('center_axis',(-1.05744053514648E-15,-1.,6.58501031480804E-15));
#9883=DIRECTION('ref_axis',(1.38691141904396E-15,6.58501031480804E-15,1.));
#9884=DIRECTION('center_axis',(-1.05744053514648E-15,-1.,6.58501031480804E-15));
#9885=DIRECTION('ref_axis',(1.38691141904397E-15,6.58501031480804E-15,1.));
#9886=DIRECTION('center_axis',(-1.05744053514648E-15,-1.,6.58501031480804E-15));
#9887=DIRECTION('ref_axis',(1.38691141904396E-15,6.58501031480804E-15,1.));
#9888=DIRECTION('center_axis',(-0.974320199218411,-6.54800524102345E-16,
-0.225166936726947));
#9889=DIRECTION('ref_axis',(-0.225166936726947,1.50341996062329E-17,0.974320199218411));
#9890=DIRECTION('',(1.05744053514648E-15,1.,-7.48371950812367E-15));
#9891=DIRECTION('center_axis',(1.,-1.05744053514648E-15,-1.38691141904394E-15));
#9892=DIRECTION('ref_axis',(-1.05744053514646E-15,-1.,6.58501031480804E-15));
#9893=DIRECTION('',(-1.38691141904431E-15,-3.16037410315549E-13,-1.));
#9894=DIRECTION('',(-1.05744053514547E-15,-1.,7.39095475704437E-13));
#9895=DIRECTION('center_axis',(-1.05744053514648E-15,-1.,6.58501031480804E-15));
#9896=DIRECTION('ref_axis',(1.38691141904397E-15,6.58501031480804E-15,1.));
#9897=DIRECTION('center_axis',(-1.05744053514648E-15,-1.,6.58501031480804E-15));
#9898=DIRECTION('ref_axis',(1.38691141904396E-15,6.58501031480804E-15,1.));
#9899=DIRECTION('center_axis',(-1.05744053514648E-15,-1.,6.58501031480804E-15));
#9900=DIRECTION('ref_axis',(1.38691141904396E-15,6.58501031480804E-15,1.));
#9901=DIRECTION('',(-1.05744053514648E-15,-1.,6.58501031480804E-15));
#9902=DIRECTION('center_axis',(-3.30093603936124E-13,4.09394740302708E-16,
1.));
#9903=DIRECTION('ref_axis',(1.,-9.07477484567434E-16,3.30093603936124E-13));
#9904=DIRECTION('center_axis',(3.30093603936124E-13,-4.09394740302708E-16,
-1.));
#9905=DIRECTION('ref_axis',(-1.,5.26882012737171E-11,2.46990414437028E-12));
#9906=DIRECTION('center_axis',(3.30093603936124E-13,-4.09394740302708E-16,
-1.));
#9907=DIRECTION('ref_axis',(-1.,5.26882012737171E-11,2.46990414437028E-12));
#9908=DIRECTION('center_axis',(-2.4697511092335E-12,2.35319596119681E-15,
-1.));
#9909=DIRECTION('ref_axis',(-1.,5.26890027972782E-11,2.46975110923362E-12));
#9910=DIRECTION('',(-2.4697511092335E-12,2.35319596119681E-15,-1.));
#9911=DIRECTION('center_axis',(2.49162649961502E-12,7.83389122983018E-14,
1.));
#9912=DIRECTION('ref_axis',(-1.,5.26890027972782E-11,2.4916264996109E-12));
#9913=DIRECTION('center_axis',(1.,1.68225281238631E-13,1.65002242585951E-13));
#9914=DIRECTION('ref_axis',(-1.65002242585952E-13,6.59194920865617E-15,
1.));
#9915=DIRECTION('',(-1.6822528123863E-13,1.,-6.59194920868393E-15));
#9916=DIRECTION('',(-1.65002242585954E-13,1.66438086661719E-14,1.));
#9917=DIRECTION('',(1.6822528123863E-13,-1.,6.26249357265126E-15));
#9918=DIRECTION('center_axis',(1.,1.68225281238631E-13,1.75054102043466E-13));
#9919=DIRECTION('ref_axis',(1.75054102043467E-13,-6.59194920865448E-15,
-1.));
#9920=DIRECTION('',(1.75054102043467E-13,-7.14173522462905E-15,-1.));
#9921=DIRECTION('',(-1.70330048970708E-13,1.,-8.36365003337618E-15));
#9922=DIRECTION('',(-1.75054102043467E-13,6.59194920865496E-15,1.));
#9923=DIRECTION('',(-1.6822528123863E-13,1.,-6.59194920868393E-15));
#9924=DIRECTION('center_axis',(-0.819152044289088,0.573576436350908,-1.47492256589601E-13));
#9925=DIRECTION('ref_axis',(-1.75439066356255E-13,6.59194920865422E-15,
1.));
#9926=DIRECTION('',(1.75439066356255E-13,-6.59194920865441E-15,-1.));
#9927=DIRECTION('center_axis',(-0.819152044289088,0.573576436350908,-1.47492256589601E-13));
#9928=DIRECTION('ref_axis',(-0.573576436350908,-0.819152044289088,-9.30672656160883E-14));
#9929=DIRECTION('center_axis',(1.69335504263255E-13,-1.,8.86790640916569E-15));
#9930=DIRECTION('ref_axis',(-0.612121756894621,-9.66415294300733E-14,0.790763526432677));
#9931=DIRECTION('',(-1.69335504263255E-13,1.,-8.86790640916569E-15));
#9932=DIRECTION('center_axis',(-1.6822528123863E-13,1.,-6.59194920868393E-15));
#9933=DIRECTION('ref_axis',(-0.612121756894621,-9.77616817035579E-14,0.790763526432677));
#9934=DIRECTION('center_axis',(0.50192681819338,-0.86491009311851,9.37590157669025E-14));
#9935=DIRECTION('ref_axis',(1.75439066356255E-13,-6.5919492086547E-15,-1.));
#9936=DIRECTION('',(0.86491009311851,0.50192681819338,1.39067972905614E-13));
#9937=DIRECTION('center_axis',(-0.50192681819338,0.86491009311851,-9.37590157669025E-14));
#9938=DIRECTION('ref_axis',(-0.86491009311851,-0.50192681819338,-1.44904340429812E-13));
#9939=DIRECTION('center_axis',(1.6822528123863E-13,-1.,6.59194920868393E-15));
#9940=DIRECTION('ref_axis',(-1.75371103106108E-13,6.59194920865443E-15,
1.));
#9941=DIRECTION('',(-0.600941952155472,-1.06362525583985E-13,-0.799292668638698));
#9942=DIRECTION('',(-0.970142500145292,-1.64801277450026E-13,-0.242535625036492));
#9943=DIRECTION('',(1.75371103106108E-13,-6.59194920865443E-15,-1.));
#9944=DIRECTION('',(1.,1.68225281238631E-13,1.64614391866159E-13));
#9945=DIRECTION('',(-1.75439066356255E-13,6.59194920865441E-15,1.));
#9946=DIRECTION('center_axis',(-1.66866124336015E-13,-6.59194920871154E-15,
-1.));
#9947=DIRECTION('ref_axis',(-1.,-1.65480102676519E-13,1.66866124336016E-13));
#9948=DIRECTION('',(0.86491009311851,0.50192681819338,-1.47632871229809E-13));
#9949=DIRECTION('',(1.70330048970708E-13,-1.,8.36365003337618E-15));
#9950=DIRECTION('center_axis',(-1.66866124336015E-13,-6.59194920871154E-15,
-1.));
#9951=DIRECTION('ref_axis',(-1.,-1.65480102676519E-13,1.66866124336016E-13));
#9952=DIRECTION('',(-0.707106781186434,-0.707106781186661,1.22653380055013E-13));
#9953=DIRECTION('center_axis',(0.50192681819338,-0.86491009311851,9.37590157669025E-14));
#9954=DIRECTION('ref_axis',(1.75439066356255E-13,-6.5919492086547E-15,-1.));
#9955=DIRECTION('',(1.75439066356255E-13,-6.59194920865442E-15,-1.));
#9956=DIRECTION('center_axis',(-0.50192681819338,0.86491009311851,-9.37590157669025E-14));
#9957=DIRECTION('ref_axis',(-0.86491009311851,-0.50192681819338,-1.44897062898358E-13));
#9958=DIRECTION('center_axis',(-0.868243142124542,0.496138938356688,-1.55594288906634E-13));
#9959=DIRECTION('ref_axis',(-1.75439066356255E-13,6.5919492086545E-15,1.));
#9960=DIRECTION('',(0.209489866790585,0.366607266883384,-0.906483925715375));
#9961=DIRECTION('center_axis',(-0.868243142124542,0.496138938356688,-1.55594288906634E-13));
#9962=DIRECTION('ref_axis',(-0.496138938356688,-0.868243142124542,-7.92795160135371E-14));
#9963=DIRECTION('center_axis',(-0.974320199218373,-1.65389578540369E-13,
-0.225166936727109));
#9964=DIRECTION('ref_axis',(-0.225166936727109,-3.14561019903164E-14,0.974320199218373));
#9965=DIRECTION('',(1.68109822806194E-13,-1.,7.09154956976509E-15));
#9966=DIRECTION('center_axis',(-0.974320199218373,-1.65389578540369E-13,
-0.225166936727109));
#9967=DIRECTION('ref_axis',(0.225166936727109,3.09535386956895E-14,-0.974320199218373));
#9968=DIRECTION('',(-1.70330048970708E-13,1.,-8.36365003337618E-15));
#9969=DIRECTION('center_axis',(0.974320199218373,1.65389578540369E-13,0.225166936727109));
#9970=DIRECTION('ref_axis',(-0.225166936727109,1.18701577170987E-11,0.974320199218373));
#9971=DIRECTION('',(-1.70330048970708E-13,1.,-8.36365003337618E-15));
#9972=DIRECTION('center_axis',(0.353553390593261,-0.612372435695746,-0.707106781186596));
#9973=DIRECTION('ref_axis',(-0.866025403784356,-0.500000000000143,1.46049438977566E-13));
#9974=DIRECTION('',(-0.866025403784356,-0.500000000000144,1.47806277310385E-13));
#9975=DIRECTION('',(4.24535302613084E-13,-0.75592894601839,0.654653670708051));
#9976=DIRECTION('',(-0.866025403784357,-0.500000000000141,1.44914588014853E-13));
#9977=DIRECTION('',(0.654653670708097,-0.377964473009316,0.654653670707807));
#9978=DIRECTION('center_axis',(-0.353553390593304,-0.612372435695876,-0.707106781186462));
#9979=DIRECTION('ref_axis',(-0.866025403784522,0.499999999999856,1.45161721073708E-13));
#9980=DIRECTION('',(-0.86602540378452,0.499999999999859,1.41214328101701E-13));
#9981=DIRECTION('',(-0.654653670707413,-0.377964473009701,0.654653670708268));
#9982=DIRECTION('',(-0.866025403784521,0.499999999999857,1.43465280220648E-13));
#9983=DIRECTION('center_axis',(0.353553390593033,0.612372435695814,-0.707106781186651));
#9984=DIRECTION('ref_axis',(0.86602540378452,-0.499999999999859,-1.45744588161636E-13));
#9985=DIRECTION('',(0.866025403784521,-0.499999999999857,-1.43465280220648E-13));
#9986=DIRECTION('',(-8.80703254896885E-14,0.755928946018494,0.654653670707931));
#9987=DIRECTION('',(0.866025403784522,-0.499999999999856,-1.41214328101701E-13));
#9988=DIRECTION('',(0.654653670708276,0.377964473009109,0.654653670707746));
#9989=DIRECTION('center_axis',(-0.707106781186649,-1.17097009258938E-13,
-0.707106781186446));
#9990=DIRECTION('ref_axis',(-1.64650471174171E-13,1.,-9.49707433123355E-16));
#9991=DIRECTION('',(-1.6415087081309E-13,1.,-1.64313630767184E-15));
#9992=DIRECTION('',(-1.59008229398611E-13,1.,-6.59194920868501E-15));
#9993=DIRECTION('',(0.654653670707504,-0.377964473009631,-0.654653670708217));
#9994=DIRECTION('center_axis',(0.707106781186429,1.15047378520285E-13,-0.707106781186666));
#9995=DIRECTION('ref_axis',(1.63651270452009E-13,-1.,9.49707433123505E-16));
#9996=DIRECTION('',(1.6415087081309E-13,-1.,1.44930779420461E-15));
#9997=DIRECTION('',(1.69293512227571E-13,-1.,6.5919492086833E-15));
#9998=DIRECTION('center_axis',(-0.499999999999857,-0.866025403784521,1.40247584619657E-13));
#9999=DIRECTION('ref_axis',(0.866025403784521,-0.499999999999857,-8.66898732633906E-14));
#10000=DIRECTION('',(1.44774923516149E-13,7.81518511724138E-14,1.));
#10001=DIRECTION('',(-0.866025403784521,0.499999999999857,8.63052807261137E-14));
#10002=DIRECTION('',(1.44774923516149E-13,7.81518511724138E-14,1.));
#10003=DIRECTION('center_axis',(-1.,-1.6415087081309E-13,1.45143913655547E-13));
#10004=DIRECTION('ref_axis',(1.64150870813101E-13,-1.,7.81450838464421E-14));
#10005=DIRECTION('',(-1.64150870813101E-13,1.,-7.81450838464421E-14));
#10006=DIRECTION('',(-1.44774923516149E-13,-7.83456796858811E-14,-1.));
#10007=DIRECTION('center_axis',(0.500000000000142,-0.866025403784357,-4.89632903588949E-15));
#10008=DIRECTION('ref_axis',(0.866025403784357,0.500000000000141,-1.64834957109833E-13));
#10009=DIRECTION('',(-0.866025403784357,-0.500000000000141,1.64450364572556E-13));
#10010=DIRECTION('',(1.44774923516149E-13,7.81518511724138E-14,1.));
#10011=DIRECTION('center_axis',(1.,1.6415087081309E-13,-1.45143913655547E-13));
#10012=DIRECTION('ref_axis',(-1.64150870813101E-13,1.,-7.81450838464421E-14));
#10013=DIRECTION('',(1.64150870813101E-13,-1.,7.81450838464421E-14));
#10014=DIRECTION('',(1.44774923516149E-13,7.81518511724138E-14,1.));
#10015=DIRECTION('center_axis',(0.499999999999857,0.866025403784521,-1.40247584619657E-13));
#10016=DIRECTION('ref_axis',(-0.866025403784521,0.499999999999857,8.66898732633906E-14));
#10017=DIRECTION('',(0.866025403784521,-0.499999999999857,-8.63052807261137E-14));
#10018=DIRECTION('',(1.44774923516149E-13,7.81518511724138E-14,1.));
#10019=DIRECTION('center_axis',(-1.44773839313992E-13,-7.81450838464659E-14,
-1.));
#10020=DIRECTION('ref_axis',(-1.,-1.6415087081309E-13,1.44773839314005E-13));
#10021=DIRECTION('',(0.866025403784357,0.500000000000141,-1.64450364572556E-13));
#10022=DIRECTION('center_axis',(-1.44773839313992E-13,-7.83389123599332E-14,
-1.));
#10023=DIRECTION('ref_axis',(1.,1.66458595137228E-13,-1.44773839314005E-13));
#10024=DIRECTION('center_axis',(-0.35355339059347,0.612372435695698,-0.707106781186533));
#10025=DIRECTION('ref_axis',(0.866025403784358,0.50000000000014,-1.4577188322141E-13));
#10026=DIRECTION('',(0.866025403784359,0.500000000000139,-1.47806277310385E-13));
#10027=DIRECTION('',(0.866025403784357,0.500000000000141,-1.44914588014853E-13));
#10028=DIRECTION('center_axis',(-0.500000000000142,0.866025403784357,4.89632903588949E-15));
#10029=DIRECTION('ref_axis',(-0.866025403784357,-0.500000000000141,1.64834957109833E-13));
#10030=DIRECTION('center_axis',(-0.353553390623769,-0.612372435677129,0.707106781187465));
#10031=DIRECTION('ref_axis',(-0.866025403758096,0.500000000045627,2.13701284954898E-12));
#10032=DIRECTION('',(-0.866025403758096,0.500000000045627,2.13817816574844E-12));
#10033=DIRECTION('',(4.15173109657568E-11,0.755928946018494,0.654653670707931));
#10034=DIRECTION('',(0.866025403759238,-0.500000000043649,1.45856219785088E-13));
#10035=DIRECTION('',(-0.654653670729082,-0.377964472975246,-0.654653670706491));
#10036=DIRECTION('center_axis',(-0.500000000045628,-0.866025403758096,1.3133038404869E-12));
#10037=DIRECTION('ref_axis',(0.866025403758096,-0.500000000045627,-2.11835471091021E-12));
#10038=DIRECTION('',(-0.866025403758096,0.500000000045627,2.11864238919074E-12));
#10039=DIRECTION('',(2.49162541541286E-12,7.81518511107826E-14,1.));
#10040=DIRECTION('',(-2.49162541541286E-12,-7.83456796242498E-14,-1.));
#10041=DIRECTION('center_axis',(-1.,5.26866950729541E-11,2.49125642526936E-12));
#10042=DIRECTION('ref_axis',(-5.26866950729539E-11,-1.,7.81450839161102E-14));
#10043=DIRECTION('',(5.26866950729541E-11,1.,-1.44930786387259E-15));
#10044=DIRECTION('',(2.49162541541286E-12,7.81518511107826E-14,1.));
#10045=DIRECTION('',(5.26866950729539E-11,1.,-7.81450839161101E-14));
#10046=DIRECTION('center_axis',(-0.707106781184785,3.72561441797194E-11,
0.70710678118831));
#10047=DIRECTION('ref_axis',(5.26871946733152E-11,1.,-9.4970750277828E-16));
#10048=DIRECTION('',(-5.2681552431618E-11,-1.,6.59194919998409E-15));
#10049=DIRECTION('',(0.654653670689288,-0.377964473044085,0.654653670706541));
#10050=DIRECTION('center_axis',(0.499999999954372,-0.866025403810782,-1.17795258478246E-12));
#10051=DIRECTION('ref_axis',(0.866025403810782,0.499999999954372,-2.19649979482632E-12));
#10052=DIRECTION('',(-0.866025403810782,-0.499999999954371,2.13972438786906E-12));
#10053=DIRECTION('',(-0.866025403810782,-0.499999999954371,2.1968843873636E-12));
#10054=DIRECTION('',(2.49162541541286E-12,7.81518511107826E-14,1.));
#10055=DIRECTION('center_axis',(1.,-5.26866950729541E-11,-2.49125642526936E-12));
#10056=DIRECTION('ref_axis',(5.26866950729539E-11,1.,-7.81450839161102E-14));
#10057=DIRECTION('',(-5.26866950729541E-11,-1.,1.44930786387259E-15));
#10058=DIRECTION('',(-5.26866950729539E-11,-1.,7.81450839161101E-14));
#10059=DIRECTION('',(2.49162541541286E-12,7.81518511107826E-14,1.));
#10060=DIRECTION('center_axis',(0.500000000045628,0.866025403758096,-1.3133038404869E-12));
#10061=DIRECTION('ref_axis',(-0.866025403758096,0.500000000045627,2.11835471091021E-12));
#10062=DIRECTION('',(0.866025403758096,-0.500000000045627,-2.13827508000518E-12));
#10063=DIRECTION('',(0.866025403758096,-0.500000000045627,-2.11873930344748E-12));
#10064=DIRECTION('',(2.49162541541286E-12,7.81518511107826E-14,1.));
#10065=DIRECTION('center_axis',(-0.499999999954372,0.866025403810782,1.17795258478246E-12));
#10066=DIRECTION('ref_axis',(-0.866025403810782,-0.499999999954372,2.19649979482632E-12));
#10067=DIRECTION('',(0.866025403810782,0.499999999954371,-2.13972438786906E-12));
#10068=DIRECTION('',(0.866025403810782,0.499999999954371,-2.1968843873636E-12));
#10069=DIRECTION('center_axis',(0.707106781188293,-3.72540945490671E-11,
0.707106781184802));
#10070=DIRECTION('ref_axis',(-5.2686195472593E-11,-1.,9.49707502784574E-16));
#10071=DIRECTION('',(-0.654653670726222,-0.377964472974932,0.654653670709533));
#10072=DIRECTION('',(5.26918377142902E-11,1.,-6.5919491999824E-15));
#10073=DIRECTION('',(-0.654653670686697,0.377964473043494,0.654653670709473));
#10074=DIRECTION('center_axis',(0.353553390562735,-0.612372435714384,0.707106781185718));
#10075=DIRECTION('ref_axis',(-0.866025403810781,-0.499999999954374,2.13809485649105E-12));
#10076=DIRECTION('',(0.866025403809642,0.499999999956346,1.39264270584729E-13));
#10077=DIRECTION('center_axis',(-0.353553390559276,0.612372435714445,0.707106781187394));
#10078=DIRECTION('ref_axis',(0.866025403810783,0.499999999954371,-2.13795607861298E-12));
#10079=DIRECTION('',(-0.866025403811922,-0.499999999952398,-1.39264270585131E-13));
#10080=DIRECTION('',(-3.84019176242087E-11,-0.75592894601839,0.654653670708051));
#10081=DIRECTION('center_axis',(0.353553390627289,0.612372435677177,0.707106781185664));
#10082=DIRECTION('ref_axis',(0.866025403758095,-0.500000000045629,-2.13701284954898E-12));
#10083=DIRECTION('',(-0.866025403756954,0.500000000047605,-1.45856219784738E-13));
#10084=DIRECTION('center_axis',(1.44773839313992E-13,7.81450838464659E-14,
1.));
#10085=DIRECTION('ref_axis',(-7.32270413493834E-16,-1.,7.81450838464661E-14));
#10086=DIRECTION('center_axis',(-2.46990414437003E-12,4.72630784073578E-15,
-1.));
#10087=DIRECTION('ref_axis',(-1.,5.26882012737171E-11,2.46990414437028E-12));
#10088=DIRECTION('',(-2.46990414437003E-12,4.72630784073578E-15,-1.));
#10089=DIRECTION('center_axis',(1.66649229691292E-13,-2.35319590071442E-15,
1.));
#10090=DIRECTION('ref_axis',(1.,1.66458595137227E-13,-1.66649229691292E-13));
#10091=DIRECTION('',(1.66649229691292E-13,-2.35319590071442E-15,1.));
#10092=DIRECTION('center_axis',(1.66496194554636E-13,-4.72630778024535E-15,
1.));
#10093=DIRECTION('ref_axis',(1.,1.65657071576125E-13,-1.66496194554635E-13));
#10094=DIRECTION('',(1.66496194554636E-13,-4.72630778024535E-15,1.));
#10095=DIRECTION('center_axis',(1.66053552694149E-13,-1.,1.44930779420428E-15));
#10096=DIRECTION('ref_axis',(1.,1.66053552694149E-13,-1.47727141157199E-13));
#10097=DIRECTION('',(-1.66053552694149E-13,1.,-1.44930779420428E-15));
#10098=DIRECTION('center_axis',(1.66206920148017E-13,-1.,1.39379664297301E-15));
#10099=DIRECTION('ref_axis',(1.,1.66206920148016E-13,-1.47727141157199E-13));
#10100=DIRECTION('',(1.66053552694149E-13,-1.,1.44930779420428E-15));
#10101=DIRECTION('center_axis',(0.738500471238185,-0.674252959934904,-1.26729906509796E-13));
#10102=DIRECTION('ref_axis',(0.674252959934904,0.738500471238185,-1.0067577667697E-13));
#10103=DIRECTION('center_axis',(1.66206920148017E-13,-1.,1.39379664297301E-15));
#10104=DIRECTION('ref_axis',(1.,1.66206920148016E-13,-1.47727141157199E-13));
#10105=DIRECTION('',(1.,1.66206920148016E-13,-1.66866124336016E-13));
#10106=DIRECTION('center_axis',(-0.738500471238185,0.674252959934904,1.26729906509796E-13));
#10107=DIRECTION('ref_axis',(0.674252959934904,0.738500471238185,-1.1813203748216E-13));
#10108=DIRECTION('',(-0.66487340771378,-0.728227170048747,0.166218351928598));
#10109=DIRECTION('',(1.77622835575963E-13,6.59194920871332E-15,1.));
#10110=DIRECTION('',(0.674252959934904,0.738500471238185,-1.17378135843436E-13));
#10111=DIRECTION('center_axis',(-1.,5.26890547507832E-11,2.63692365790718E-12));
#10112=DIRECTION('ref_axis',(2.63692365790725E-12,1.4493077249414E-15,1.));
#10113=DIRECTION('',(-5.2689054750783E-11,-1.,7.81518512420646E-14));
#10114=DIRECTION('',(-2.63692365791129E-12,-7.81518511031276E-14,-1.));
#10115=DIRECTION('',(5.26890547507832E-11,1.,-1.44930786387843E-15));
#10116=DIRECTION('center_axis',(-0.707106781184735,3.72578127239112E-11,
0.70710678118836));
#10117=DIRECTION('ref_axis',(5.26895543511443E-11,1.,-9.49707502823914E-16));
#10118=DIRECTION('',(0.425982214128907,0.798171852754379,0.425982214084667));
#10119=DIRECTION('center_axis',(-0.707106781186599,-1.187655534533E-13,
-0.707106781186496));
#10120=DIRECTION('ref_axis',(-1.67010149003269E-13,1.,-9.4970743312296E-16));
#10121=DIRECTION('',(-0.425982214085863,0.798171852776753,0.42598221408579));
#10122=DIRECTION('',(-1.66510548642188E-13,1.,-1.44930779420421E-15));
#10123=DIRECTION('center_axis',(-0.88221955409431,-0.470838250754584,3.63351986600405E-14));
#10124=DIRECTION('ref_axis',(-0.470838250754584,0.88221955409431,7.83390297334987E-14));
#10125=DIRECTION('',(0.470838250754584,-0.88221955409431,-4.44583511711844E-15));
#10126=DIRECTION('',(5.23318982284851E-16,-7.81518511723903E-14,-1.));
#10127=DIRECTION('center_axis',(1.55877153762401E-13,7.83456796858835E-14,
1.));
#10128=DIRECTION('ref_axis',(-1.65963006324159E-13,1.,-7.83456796858576E-14));
#10129=DIRECTION('center_axis',(1.55877153762401E-13,7.83456796858835E-14,
1.));
#10130=DIRECTION('ref_axis',(-1.65963006324159E-13,1.,-7.83456796858576E-14));
#10131=DIRECTION('center_axis',(1.55877153762401E-13,7.83456796858835E-14,
1.));
#10132=DIRECTION('ref_axis',(-1.65963006324159E-13,1.,-7.83456796858576E-14));
#10133=DIRECTION('center_axis',(1.55877153762401E-13,7.83456796858835E-14,
1.));
#10134=DIRECTION('ref_axis',(-1.65963006324159E-13,1.,-7.83456796858576E-14));
#10135=DIRECTION('',(1.55877153762401E-13,7.83456796858835E-14,1.));
#10136=DIRECTION('center_axis',(1.55877153762401E-13,7.83456796858835E-14,
1.));
#10137=DIRECTION('ref_axis',(-1.65963006324159E-13,1.,-7.83456796858576E-14));
#10138=DIRECTION('center_axis',(1.55877153762401E-13,7.83456796858835E-14,
1.));
#10139=DIRECTION('ref_axis',(-1.65963006324159E-13,1.,-7.83456796858576E-14));
#10140=DIRECTION('center_axis',(1.55877153762401E-13,7.83456796858835E-14,
1.));
#10141=DIRECTION('ref_axis',(-1.65963006324159E-13,1.,-7.83456796858576E-14));
#10142=DIRECTION('center_axis',(1.55877153762401E-13,7.81518511724163E-14,
1.));
#10143=DIRECTION('ref_axis',(-1.65963006324159E-13,1.,-7.81518511723904E-14));
#10144=DIRECTION('',(1.55877153762401E-13,7.83456796858835E-14,1.));
#10145=DIRECTION('center_axis',(-1.,-1.66510548642188E-13,-5.23318982271877E-16));
#10146=DIRECTION('ref_axis',(-5.23318982272091E-16,1.44930779420412E-15,
1.));
#10147=DIRECTION('',(1.66510548642188E-13,-1.,7.81518511723903E-14));
#10148=DIRECTION('center_axis',(-0.882219554069581,0.47083825080092,2.28954873272778E-12));
#10149=DIRECTION('ref_axis',(0.47083825080092,0.882219554069581,-1.16297909419577E-12));
#10150=DIRECTION('',(-0.470838250800921,-0.882219554069581,1.23687228881215E-12));
#10151=DIRECTION('center_axis',(5.26885977548352E-11,1.,-1.44930786387729E-15));
#10152=DIRECTION('ref_axis',(-1.,5.26885977548352E-11,2.48867319776771E-12));
#10153=DIRECTION('',(5.26885977548352E-11,1.,-1.44930786387729E-15));
#10154=DIRECTION('center_axis',(-5.2688751122289E-11,-1.,1.39379671264642E-15));
#10155=DIRECTION('ref_axis',(-1.,5.2688751122289E-11,2.48867319776771E-12));
#10156=DIRECTION('',(-5.26885977548352E-11,-1.,1.44930786387729E-15));
#10157=DIRECTION('center_axis',(-0.73850047123796,-0.67425295993515,-1.25067001019704E-13));
#10158=DIRECTION('ref_axis',(-0.674252959935149,0.73850047123796,1.67692495546259E-12));
#10159=DIRECTION('center_axis',(5.2688751122289E-11,1.,-1.39379671264642E-15));
#10160=DIRECTION('ref_axis',(-1.,5.2688751122289E-11,2.48867319776771E-12));
#10161=DIRECTION('',(1.,-5.26887511222891E-11,1.64614391866507E-13));
#10162=DIRECTION('center_axis',(-0.73850047123796,-0.67425295993515,-1.25067001019704E-13));
#10163=DIRECTION('ref_axis',(-0.67425295993515,0.738500471237961,-1.16613800199377E-13));
#10164=DIRECTION('',(-0.67425295993515,0.73850047123796,-1.15859898560653E-13));
#10165=DIRECTION('',(-1.75371103106108E-13,6.59194920865443E-15,1.));
#10166=DIRECTION('',(0.664873407714024,-0.728227170048525,0.166218351928597));
#10167=DIRECTION('center_axis',(1.6461439186616E-13,-6.59194920865623E-15,
-1.));
#10168=DIRECTION('ref_axis',(-1.,-1.68225281238631E-13,-1.64614391866159E-13));
#10169=DIRECTION('center_axis',(-1.6461439186616E-13,6.59194920865623E-15,
1.));
#10170=DIRECTION('ref_axis',(-0.999717923227466,0.0237502416358566,-1.64724518356347E-13));
#10171=DIRECTION('',(-1.,-1.67743269956378E-13,-1.64614391866159E-13));
#10172=DIRECTION('',(-0.286439879049438,-0.958098218185455,-4.08363917047569E-14));
#10173=DIRECTION('',(-1.6822528123863E-13,1.,-6.59194920868393E-15));
#10174=DIRECTION('',(-1.,-1.68225281238631E-13,-1.64614391866159E-13));
#10175=DIRECTION('',(-0.496138938356688,-0.868243142124542,-7.59481949250592E-14));
#10176=DIRECTION('',(0.86491009311851,0.50192681819338,1.39067972905614E-13));
#10177=DIRECTION('',(0.914946162332865,-0.403575916070771,1.53273658043277E-13));
#10178=DIRECTION('center_axis',(1.6548010267652E-13,-1.,6.59194920868393E-15));
#10179=DIRECTION('ref_axis',(1.66866124336015E-13,6.59194920871154E-15,
1.));
#10180=DIRECTION('center_axis',(1.6548010267652E-13,-1.,6.59194920868393E-15));
#10181=DIRECTION('ref_axis',(1.66866124336015E-13,6.59194920871154E-15,
1.));
#10182=DIRECTION('center_axis',(-1.6822528123863E-13,1.,-6.59194920868393E-15));
#10183=DIRECTION('ref_axis',(-1.6461439186616E-13,6.59194920865624E-15,
1.));
#10184=DIRECTION('center_axis',(-1.6822528123863E-13,1.,-6.59194920868393E-15));
#10185=DIRECTION('ref_axis',(-1.6461439186616E-13,6.59194920865624E-15,
1.));
#10186=DIRECTION('center_axis',(1.6548010267652E-13,-1.,6.59194920868393E-15));
#10187=DIRECTION('ref_axis',(1.66866124336015E-13,6.59194920871154E-15,
1.));
#10188=DIRECTION('center_axis',(-1.65480102676519E-13,1.,-6.78577772215108E-15));
#10189=DIRECTION('ref_axis',(1.66866124336015E-13,6.78577772217869E-15,
1.));
#10190=DIRECTION('',(1.6548010267652E-13,-1.,6.59194920868393E-15));
#10191=DIRECTION('center_axis',(-1.6822528123863E-13,1.,-6.59194920868393E-15));
#10192=DIRECTION('ref_axis',(-1.6461439186616E-13,6.59194920865624E-15,
1.));
#10193=DIRECTION('',(-1.6822528123863E-13,1.,-6.59194920868393E-15));
#10194=DIRECTION('center_axis',(-1.65480102676519E-13,1.,-6.78577772215108E-15));
#10195=DIRECTION('ref_axis',(-1.6461439186616E-13,6.78577772212384E-15,
1.));
#10196=DIRECTION('center_axis',(1.65480102676519E-13,-1.,6.78577772215108E-15));
#10197=DIRECTION('ref_axis',(1.,1.65480102676518E-13,-1.68531458872956E-13));
#10198=DIRECTION('center_axis',(1.65480102676519E-13,-1.,6.78577772215108E-15));
#10199=DIRECTION('ref_axis',(1.,1.65480102676518E-13,-1.68531458872956E-13));
#10200=DIRECTION('center_axis',(1.,1.65480102676519E-13,-1.77305834513324E-13));
#10201=DIRECTION('ref_axis',(-1.77305834513323E-13,-6.59194920871327E-15,
-1.));
#10202=DIRECTION('',(-1.6548010267652E-13,1.,-6.59194920868393E-15));
#10203=DIRECTION('',(-1.77305834513323E-13,-6.59194920871327E-15,-1.));
#10204=DIRECTION('',(-1.63375334944442E-13,1.,-8.36365003337618E-15));
#10205=DIRECTION('',(-1.77305834513323E-13,-7.14173522468785E-15,-1.));
#10206=DIRECTION('center_axis',(-0.819152044288897,-0.573576436351182,1.49336767845477E-13));
#10207=DIRECTION('ref_axis',(1.77690798826111E-13,6.59194920871332E-15,
1.));
#10208=DIRECTION('center_axis',(-0.819152044288897,-0.573576436351182,1.49336767845477E-13));
#10209=DIRECTION('ref_axis',(0.573576436351182,-0.819152044288897,-9.43588063017657E-14));
#10210=DIRECTION('',(-1.7769079882611E-13,-6.59194920871334E-15,-1.));
#10211=DIRECTION('center_axis',(0.501926818193092,0.864910093118677,-9.48892206809203E-14));
#10212=DIRECTION('ref_axis',(-1.77690798826111E-13,-6.59194920871333E-15,
-1.));
#10213=DIRECTION('center_axis',(-0.501926818193092,-0.864910093118677,9.48892206809203E-14));
#10214=DIRECTION('ref_axis',(0.864910093118677,-0.501926818193092,-1.46851886569995E-13));
#10215=DIRECTION('center_axis',(1.65480102676519E-13,-1.,6.78577772215108E-15));
#10216=DIRECTION('ref_axis',(1.,1.65480102676518E-13,-1.68531458872956E-13));
#10217=DIRECTION('center_axis',(1.65480102676519E-13,-1.,6.78577772215108E-15));
#10218=DIRECTION('ref_axis',(1.,1.65480102676518E-13,-1.68531458872956E-13));
#10219=DIRECTION('center_axis',(-1.65480102676521E-13,1.,-6.59194920868393E-15));
#10220=DIRECTION('ref_axis',(0.99998116032064,1.65517448594954E-13,0.00613832255476565));
#10221=DIRECTION('center_axis',(1.65480102676521E-13,-1.,6.59194920868393E-15));
#10222=DIRECTION('ref_axis',(0.99998116032064,1.65517448594954E-13,0.00613832255476566));
#10223=DIRECTION('',(-9.80065314540506E-16,-0.707106781185828,-0.707106781187267));
#10224=DIRECTION('center_axis',(-1.66866124336015E-13,-6.59194920871154E-15,
-1.));
#10225=DIRECTION('ref_axis',(-1.,-1.65480102676519E-13,1.66866124336016E-13));
#10226=DIRECTION('',(-1.6548010267652E-13,1.,-6.59194920868393E-15));
#10227=DIRECTION('',(-0.707106781186663,0.707106781186432,1.13330956081617E-13));
#10228=DIRECTION('center_axis',(1.,1.65480102676519E-13,-1.67253975055808E-13));
#10229=DIRECTION('ref_axis',(1.67253975055807E-13,6.59194920871161E-15,
1.));
#10230=DIRECTION('',(1.6548010267652E-13,-1.,6.26249357265127E-15));
#10231=DIRECTION('',(-1.67253975055806E-13,-1.66438086662271E-14,-1.));
#10232=DIRECTION('center_axis',(1.65480102676519E-13,-1.,6.78577772215108E-15));
#10233=DIRECTION('ref_axis',(1.,1.65480102676518E-13,-1.68531458872956E-13));
#10234=DIRECTION('center_axis',(1.6548010267652E-13,-1.,6.59194920868393E-15));
#10235=DIRECTION('ref_axis',(1.,1.65480102676519E-13,-1.68531458872956E-13));
#10236=DIRECTION('',(1.65480102676519E-13,-1.,6.78577772215108E-15));
#10237=DIRECTION('center_axis',(0.707106781186432,0.707106781186663,-1.30035369915009E-13));
#10238=DIRECTION('ref_axis',(0.707106781186663,-0.707106781186432,-1.14861796228835E-13));
#10239=DIRECTION('',(-0.577350225151268,0.577350225150974,-0.577350357266625));
#10240=DIRECTION('',(1.77305834513323E-13,6.59194920871327E-15,1.));
#10241=DIRECTION('',(0.707106781186663,-0.707106781186432,-1.5650306876399E-13));
#10242=DIRECTION('center_axis',(0.707106781186432,0.707106781186663,-1.30035369915009E-13));
#10243=DIRECTION('ref_axis',(0.707106781186663,-0.707106781186432,-1.18208693597794E-13));
#10244=DIRECTION('center_axis',(-1.63375334944442E-13,1.,-8.36365003337618E-15));
#10245=DIRECTION('ref_axis',(0.99998116032064,1.63423595787156E-13,0.00613832255476566));
#10246=DIRECTION('',(-1.63375334944442E-13,1.,-8.36365003337618E-15));
#10247=DIRECTION('',(-1.63375334944442E-13,1.,-8.36365003337618E-15));
#10248=DIRECTION('center_axis',(1.65480102676519E-13,-1.,6.78577772215108E-15));
#10249=DIRECTION('ref_axis',(1.,1.65480102676518E-13,-1.68531458872956E-13));
#10250=DIRECTION('center_axis',(1.6548010267652E-13,-1.,6.59194920868393E-15));
#10251=DIRECTION('ref_axis',(1.,1.65480102676519E-13,-1.68531458872956E-13));
#10252=DIRECTION('',(1.65480102676519E-13,-1.,6.78577772215108E-15));
#10253=DIRECTION('center_axis',(-1.68225281238629E-13,1.,-6.59194920868392E-15));
#10254=DIRECTION('ref_axis',(-0.99998116032064,-1.68181648417763E-13,0.00613832255476791));
#10255=DIRECTION('',(2.35353189900307E-13,-0.707106781185828,-0.707106781187267));
#10256=DIRECTION('center_axis',(-1.68225281238629E-13,1.,-6.59194920868393E-15));
#10257=DIRECTION('ref_axis',(-0.99998116032064,-1.68181648417763E-13,0.00613832255476791));
#10258=DIRECTION('center_axis',(-1.63375334944441E-13,1.,-8.55747854684333E-15));
#10259=DIRECTION('ref_axis',(0.99998116032064,1.63424785569092E-13,0.00613832255476566));
#10260=DIRECTION('',(1.63375334944441E-13,-1.,8.55747854684333E-15));
#10261=DIRECTION('',(-1.63375334944441E-13,1.,-8.55747854684333E-15));
#10262=DIRECTION('center_axis',(-1.67199191243402E-13,-7.28537808325992E-15,
-1.));
#10263=DIRECTION('ref_axis',(-1.,-1.6381476813958E-13,1.67199191243403E-13));
#10264=DIRECTION('',(5.26888572699534E-11,1.,-7.28537809206946E-15));
#10265=DIRECTION('center_axis',(1.,-5.26888572699534E-11,-2.46774730883942E-12));
#10266=DIRECTION('ref_axis',(-2.46774730883942E-12,4.60515844475321E-19,
-1.));
#10267=DIRECTION('',(1.63375334944442E-13,-1.,8.36365003337618E-15));
#10268=DIRECTION('center_axis',(-1.63375334944442E-13,1.,-8.36365003337618E-15));
#10269=DIRECTION('ref_axis',(0.99998116032064,1.63423595787156E-13,0.00613832255476567));
#10270=DIRECTION('center_axis',(-1.,-1.64208002212936E-13,1.67118730263325E-13));
#10271=DIRECTION('ref_axis',(1.67118730263325E-13,-4.60515842387797E-19,
1.));
#10272=DIRECTION('',(1.64208002212937E-13,-1.,7.28537808323158E-15));
#10273=DIRECTION('',(2.46894052188441E-12,7.03793450819425E-15,1.));
#10274=DIRECTION('',(-1.70330048970708E-13,1.,-8.36365003337618E-15));
#10275=DIRECTION('center_axis',(-1.64947458773548E-13,7.2853780832045E-15,
1.));
#10276=DIRECTION('ref_axis',(1.,1.69890615775569E-13,1.64947458773547E-13));
#10277=DIRECTION('center_axis',(-1.66866124336016E-13,-1.41548830481287E-14,
-1.));
#10278=DIRECTION('ref_axis',(-1.,5.26866896519431E-11,1.66866124335271E-13));
#10279=DIRECTION('',(-1.70330048970708E-13,1.,-8.55747854684333E-15));
#10280=DIRECTION('center_axis',(1.70330048970708E-13,-1.,8.55747854684333E-15));
#10281=DIRECTION('ref_axis',(-0.99998116032064,-1.70274311443624E-13,0.00613832255476791));
#10282=DIRECTION('center_axis',(1.65962113958773E-13,-1.,6.59194920868385E-15));
#10283=DIRECTION('ref_axis',(1.,1.65962113958772E-13,-1.66977146638479E-13));
#10284=DIRECTION('',(1.,1.65962113958772E-13,-1.66866124336016E-13));
#10285=DIRECTION('',(1.66866124336015E-13,6.59194920871154E-15,1.));
#10286=DIRECTION('',(-1.67023429401468E-13,-6.59194920871157E-15,-1.));
#10287=DIRECTION('center_axis',(-0.958098218185359,-0.286439879049758,1.61762333535878E-13));
#10288=DIRECTION('ref_axis',(0.286439879049758,-0.958098218185359,-4.14813776810751E-14));
#10289=DIRECTION('',(0.286439879049758,-0.958098218185359,-4.14813776810751E-14));
#10290=DIRECTION('',(-1.66866124336015E-13,-6.59194920871154E-15,-1.));
#10291=DIRECTION('center_axis',(-1.,-1.65480102676519E-13,1.8660762891461E-13));
#10292=DIRECTION('ref_axis',(1.86607628914609E-13,6.59194920871481E-15,
1.));
#10293=DIRECTION('',(-1.6548010267652E-13,1.,-6.59194920868393E-15));
#10294=DIRECTION('',(-1.49394170726495E-14,-0.707106781186552,-0.707106781186543));
#10295=DIRECTION('center_axis',(-2.35004270822327E-13,0.707106781186543,
-0.707106781186552));
#10296=DIRECTION('ref_axis',(1.,1.63814768139579E-13,-1.68531458872956E-13));
#10297=DIRECTION('',(1.,1.65480102676519E-13,-1.66866124336016E-13));
#10298=DIRECTION('center_axis',(-0.403575916071077,0.91494616233273,6.56530199519072E-14));
#10299=DIRECTION('ref_axis',(0.914946162332731,0.403575916071077,-1.56655936795354E-13));
#10300=DIRECTION('',(-0.914946162332731,-0.403575916071077,1.55333872025173E-13));
#10301=DIRECTION('',(-0.891911049081904,-0.393415299725863,0.222977762270653));
#10302=DIRECTION('center_axis',(0.707106862090399,1.12583864976292E-13,
-0.707106700282687));
#10303=DIRECTION('ref_axis',(-0.707106700282687,-1.21673301886047E-13,-0.707106862090399));
#10304=DIRECTION('',(-1.6548010267652E-13,1.,-6.26249357265127E-15));
#10305=DIRECTION('',(-0.707106700282687,-1.21673301886046E-13,-0.707106862090399));
#10306=DIRECTION('center_axis',(-1.6548010267652E-13,1.,-6.59194920868393E-15));
#10307=DIRECTION('ref_axis',(-1.,-1.65480102676519E-13,1.66866124336016E-13));
#10308=DIRECTION('',(-0.999999999999974,-1.65480104184957E-13,-2.28830838017203E-7));
#10309=DIRECTION('',(-0.707106862090408,-1.12350904688609E-13,0.707106700282678));
#10310=DIRECTION('',(-1.67065370792005E-13,-6.59194920871158E-15,-1.));
#10311=DIRECTION('',(1.,1.65480102676518E-13,-2.2969241243242E-13));
#10312=DIRECTION('center_axis',(-1.67065370792005E-13,-6.59194920871158E-15,
-1.));
#10313=DIRECTION('ref_axis',(0.707106781186666,-0.707106781186429,-1.13471844601775E-13));
#10314=DIRECTION('center_axis',(-1.66866124336015E-13,-6.59194920871154E-15,
-1.));
#10315=DIRECTION('ref_axis',(0.707106781186666,-0.707106781186429,-1.13330956081617E-13));
#10316=DIRECTION('',(1.67065370792005E-13,6.59194920871158E-15,1.));
#10317=DIRECTION('center_axis',(2.29692412432419E-13,8.36365003341371E-15,
1.));
#10318=DIRECTION('ref_axis',(0.707106781186666,-0.707106781186429,-1.56503068763991E-13));
#10319=DIRECTION('',(-1.67065370792005E-13,-6.59194920871158E-15,-1.));
#10320=DIRECTION('center_axis',(-1.6548010267652E-13,1.,-6.59194920868393E-15));
#10321=DIRECTION('ref_axis',(1.66866124336015E-13,6.59194920871154E-15,
1.));
#10322=DIRECTION('',(1.6481363832215E-13,-6.59194920865666E-15,-1.));
#10323=DIRECTION('',(1.,1.65480102676518E-13,-2.2969241243242E-13));
#10324=DIRECTION('',(-1.,-1.65480102676519E-13,1.66866124336016E-13));
#10325=DIRECTION('',(-1.66866124336015E-13,-6.59194920871154E-15,-1.));
#10326=DIRECTION('',(-1.,-1.65480102676519E-13,1.43036029276197E-13));
#10327=DIRECTION('',(-1.6461439186616E-13,6.59194920865669E-15,1.));
#10328=DIRECTION('',(-1.,-1.65480102676521E-13,-1.64614391866159E-13));
#10329=DIRECTION('center_axis',(2.29692412432419E-13,8.36365003341371E-15,
1.));
#10330=DIRECTION('ref_axis',(1.,1.63592723533926E-13,-2.2969241243242E-13));
#10331=DIRECTION('',(0.707106781186434,0.707106781186661,-1.68331056072133E-13));
#10332=DIRECTION('',(-1.70330048970708E-13,1.,-8.36365003337618E-15));
#10333=DIRECTION('',(-1.,-1.6548010267652E-13,2.2969241243242E-13));
#10334=DIRECTION('',(-1.6548010267652E-13,1.,-8.3636500333757E-15));
#10335=DIRECTION('center_axis',(2.29692412432419E-13,8.36365003341371E-15,
1.));
#10336=DIRECTION('ref_axis',(-0.707106781186432,-0.707106781186663,1.68331056072133E-13));
#10337=DIRECTION('',(1.6822528123863E-13,-1.,8.36365003337506E-15));
#10338=DIRECTION('',(1.,1.65480102676518E-13,-2.2969241243242E-13));
#10339=DIRECTION('center_axis',(-1.6481363832215E-13,6.59194920865666E-15,
1.));
#10340=DIRECTION('ref_axis',(-0.707106781186432,-0.707106781186663,-1.11879629302921E-13));
#10341=DIRECTION('center_axis',(1.6461439186616E-13,-6.59194920865623E-15,
-1.));
#10342=DIRECTION('ref_axis',(-0.707106781186432,-0.707106781186663,-1.11738740782763E-13));
#10343=DIRECTION('',(-1.6481363832215E-13,6.59194920865666E-15,1.));
#10344=DIRECTION('center_axis',(-1.6548010267652E-13,1.,-6.59194920868393E-15));
#10345=DIRECTION('ref_axis',(-1.,-1.65480102676519E-13,1.66866124336016E-13));
#10346=DIRECTION('',(1.75054102043467E-13,-6.59194920865496E-15,-1.));
#10347=DIRECTION('',(-1.6481363832215E-13,6.59194920865666E-15,1.));
#10348=DIRECTION('',(-0.70710686209041,-1.21673327595376E-13,-0.707106700282676));
#10349=DIRECTION('',(-0.999999999999974,-1.65480101168074E-13,2.28830840268935E-7));
#10350=DIRECTION('',(-0.707106700282685,-1.12350876846022E-13,0.707106862090401));
#10351=DIRECTION('center_axis',(-0.707106781186661,0.707106781186434,-1.28443154616154E-13));
#10352=DIRECTION('ref_axis',(0.707106781186434,0.707106781186661,-1.23477678595823E-13));
#10353=DIRECTION('',(-0.577350225151078,-0.577350225151158,0.577350357266631));
#10354=DIRECTION('center_axis',(-0.707106781186661,0.707106781186434,-1.28443154616154E-13));
#10355=DIRECTION('ref_axis',(-0.707106781186434,-0.707106781186661,-1.16614895465268E-13));
#10356=DIRECTION('center_axis',(1.64947458773547E-13,-7.09154956973735E-15,
-1.));
#10357=DIRECTION('ref_axis',(0.909062918481255,0.416658865551117,1.46992861270021E-13));
#10358=DIRECTION('center_axis',(1.64947458773547E-13,-7.09154956973735E-15,
-1.));
#10359=DIRECTION('ref_axis',(-1.,-1.6989061577557E-13,-1.64947458773546E-13));
#10360=DIRECTION('center_axis',(1.64947458773547E-13,-7.09154956973735E-15,
-1.));
#10361=DIRECTION('ref_axis',(-1.,-1.6989061577557E-13,-1.64947458773546E-13));
#10362=DIRECTION('center_axis',(1.70330048970708E-13,-1.,8.36365003337618E-15));
#10363=DIRECTION('ref_axis',(-0.99998116032064,-1.7027550122556E-13,0.00613832255476791));
#10364=DIRECTION('',(1.70330048970708E-13,-1.,8.36365003337618E-15));
#10365=DIRECTION('center_axis',(2.4689405218844E-12,7.03793450819425E-15,
1.));
#10366=DIRECTION('ref_axis',(0.616441420072767,0.787400771919021,-1.52749887645009E-12));
#10367=DIRECTION('center_axis',(0.974320199218373,1.65389578540369E-13,
0.225166936727109));
#10368=DIRECTION('ref_axis',(-0.225166936727109,1.18701577170987E-11,0.974320199218373));
#10369=DIRECTION('',(1.65705243740225E-13,6.83168117415858E-15,1.));
#10370=DIRECTION('center_axis',(1.66866124336015E-13,6.59194920871154E-15,
1.));
#10371=DIRECTION('ref_axis',(0.616441420072767,0.787400771919021,-1.52749887645009E-12));
#10372=DIRECTION('',(2.46894052188441E-12,7.03793450819425E-15,1.));
#10373=DIRECTION('center_axis',(1.70330048970708E-13,-1.,8.36365003337618E-15));
#10374=DIRECTION('ref_axis',(-0.99998116032064,-1.7027550122556E-13,0.00613832255476792));
#10375=DIRECTION('center_axis',(1.67023429401468E-13,6.59194920871157E-15,
1.));
#10376=DIRECTION('ref_axis',(0.999717923227459,0.0237502416361902,-1.67132876358124E-13));
#10377=DIRECTION('center_axis',(-1.66866124336015E-13,-6.59194920871154E-15,
-1.));
#10378=DIRECTION('ref_axis',(0.999717923227459,0.0237502416361902,-1.66975615664776E-13));
#10379=DIRECTION('center_axis',(1.66866124336015E-13,6.59194920871154E-15,
1.));
#10380=DIRECTION('ref_axis',(1.,1.65480102676519E-13,-1.66866124336016E-13));
#10381=DIRECTION('center_axis',(-0.242535625036493,-4.8468684393388E-14,
-0.970142500145292));
#10382=DIRECTION('ref_axis',(-0.970142500145292,-1.60499846801019E-13,0.242535625036493));
#10383=DIRECTION('',(1.64369879651895E-13,-1.,8.86790640916569E-15));
#10384=DIRECTION('center_axis',(-0.799292668638699,-1.36708736739841E-13,
-0.600941952155469));
#10385=DIRECTION('ref_axis',(-1.66456660933408E-13,1.,-6.0923488476026E-15));
#10386=DIRECTION('center_axis',(2.28830838017202E-7,-6.26245570570053E-15,
-0.999999999999974));
#10387=DIRECTION('ref_axis',(-0.999999999999974,-1.65480104184957E-13,-2.28830838017202E-7));
#10388=DIRECTION('',(1.6548010267652E-13,-1.,6.26249357265127E-15));
#10389=DIRECTION('center_axis',(-0.707106700282678,-1.21440341545052E-13,
-0.707106862090408));
#10390=DIRECTION('ref_axis',(-0.707106862090408,-1.12350904688609E-13,0.707106700282678));
#10391=DIRECTION('',(-1.6548010267652E-13,1.,-6.26249357265127E-15));
#10392=DIRECTION('center_axis',(-1.,-1.65480102676519E-13,1.67065370792006E-13));
#10393=DIRECTION('ref_axis',(-1.67065370792005E-13,-6.59194920871158E-15,
-1.));
#10394=DIRECTION('',(-1.6548010267652E-13,1.,-6.59194920868393E-15));
#10395=DIRECTION('center_axis',(-1.66866124336015E-13,-6.59194920871154E-15,
-1.));
#10396=DIRECTION('ref_axis',(-1.,-1.65480102676519E-13,1.66866124336016E-13));
#10397=DIRECTION('',(-1.6548010267652E-13,1.,-6.59194920868393E-15));
#10398=DIRECTION('center_axis',(1.,1.65480102676519E-13,-1.66866124336016E-13));
#10399=DIRECTION('ref_axis',(-1.66866124336015E-13,-6.59194920871154E-15,
-1.));
#10400=DIRECTION('',(1.6548010267652E-13,-1.,6.59194920868393E-15));
#10401=DIRECTION('center_axis',(-1.43036029276196E-13,-6.5919492087076E-15,
-1.));
#10402=DIRECTION('ref_axis',(-1.,-1.65480102676519E-13,1.43036029276197E-13));
#10403=DIRECTION('',(1.6822528123863E-13,-1.,6.59194920868393E-15));
#10404=DIRECTION('center_axis',(1.,1.68225281238631E-13,1.64614391866159E-13));
#10405=DIRECTION('ref_axis',(1.6461439186616E-13,-6.59194920865624E-15,
-1.));
#10406=DIRECTION('',(-1.6822528123863E-13,1.,-6.59194920868393E-15));
#10407=DIRECTION('center_axis',(-1.6461439186616E-13,6.59194920865623E-15,
1.));
#10408=DIRECTION('ref_axis',(1.,1.68225281238631E-13,1.64614391866159E-13));
#10409=DIRECTION('',(-1.6822528123863E-13,1.,-6.59194920868393E-15));
#10410=DIRECTION('center_axis',(-1.,-1.68225281238631E-13,-1.64813638322149E-13));
#10411=DIRECTION('ref_axis',(1.6481363832215E-13,-6.5919492086562E-15,-1.));
#10412=DIRECTION('',(-1.6822528123863E-13,1.,-6.26249357265126E-15));
#10413=DIRECTION('center_axis',(-0.707106700282676,-1.14524971341754E-13,
0.70710686209041));
#10414=DIRECTION('ref_axis',(0.70710686209041,1.23614462194308E-13,0.707106700282676));
#10415=DIRECTION('',(1.6822528123863E-13,-1.,6.26249357265126E-15));
#10416=DIRECTION('center_axis',(-0.242535625036492,-3.24667594725155E-14,
0.970142500145292));
#10417=DIRECTION('ref_axis',(0.970142500145292,1.63241928662369E-13,0.242535625036492));
#10418=DIRECTION('',(1.69335504263255E-13,-1.,8.86790640916568E-15));
#10419=DIRECTION('',(0.891911049082036,-0.393415299725565,0.222977762270651));
#10420=DIRECTION('center_axis',(-0.799292668638698,-1.300195301088E-13,
0.600941952155472));
#10421=DIRECTION('ref_axis',(-1.67248722981742E-13,1.,-6.09234884760259E-15));
#10422=DIRECTION('center_axis',(1.69335504263255E-13,-1.,8.86790640916569E-15));
#10423=DIRECTION('ref_axis',(-0.612121756894621,-9.66415294300733E-14,0.790763526432677));
#10424=DIRECTION('center_axis',(-1.6822528123863E-13,1.,-6.59194920868393E-15));
#10425=DIRECTION('ref_axis',(-0.612121756894621,-9.77616817035579E-14,0.790763526432677));
#10426=DIRECTION('',(-1.69335504263255E-13,1.,-8.86790640916569E-15));
#10427=DIRECTION('center_axis',(2.28830840268935E-7,6.26253206778356E-15,
0.999999999999974));
#10428=DIRECTION('ref_axis',(0.999999999999974,1.68225279730184E-13,-2.28830840268935E-7));
#10429=DIRECTION('',(-0.999999999999974,-1.68225279730184E-13,2.28830840268935E-7));
#10430=DIRECTION('',(-1.6822528123863E-13,1.,-6.26249357265126E-15));
#10431=DIRECTION('center_axis',(0.707106862090401,1.23381501906622E-13,
0.707106700282685));
#10432=DIRECTION('ref_axis',(0.707106700282685,1.14292011000762E-13,-0.707106862090401));
#10433=DIRECTION('',(-0.707106700282685,-1.14292011000762E-13,0.707106862090401));
#10434=DIRECTION('center_axis',(0.50192681819338,-0.86491009311851,9.37590157669025E-14));
#10435=DIRECTION('ref_axis',(1.75439066356255E-13,-6.5919492086547E-15,
-1.));
#10436=DIRECTION('',(1.75439066356255E-13,-6.59194920865442E-15,-1.));
#10437=DIRECTION('center_axis',(-0.868243142124542,0.496138938356688,-1.55594288906634E-13));
#10438=DIRECTION('ref_axis',(-1.75439066356255E-13,6.5919492086545E-15,
1.));
#10439=DIRECTION('center_axis',(2.55328436138893E-15,-0.707106781186543,
0.707106781186552));
#10440=DIRECTION('ref_axis',(-1.,-1.69890615775571E-13,-1.66279726403097E-13));
#10441=DIRECTION('',(2.49312541658659E-13,-0.707106781186552,-0.707106781186543));
#10442=DIRECTION('center_axis',(-1.,-1.68225281238631E-13,-1.84355896444752E-13));
#10443=DIRECTION('ref_axis',(-1.84355896444753E-13,6.59194920865292E-15,
1.));
#10444=DIRECTION('',(1.6461439186616E-13,-6.59194920865623E-15,-1.));
#10445=DIRECTION('center_axis',(-0.958098218185455,0.286439879049438,-1.59604952668677E-13));
#10446=DIRECTION('ref_axis',(-0.286439879049438,-0.958098218185455,-4.08363917047569E-14));
#10447=DIRECTION('',(-1.6461439186616E-13,6.59194920865623E-15,1.));
#10448=DIRECTION('center_axis',(1.65962113958773E-13,-1.,6.59194920868385E-15));
#10449=DIRECTION('ref_axis',(1.,1.65962113958772E-13,-1.66977146638479E-13));
#10450=DIRECTION('',(1.64771696931613E-13,-6.59194920865621E-15,-1.));
#10451=DIRECTION('center_axis',(1.64771696931613E-13,-6.59194920865621E-15,
-1.));
#10452=DIRECTION('ref_axis',(-0.999717923227466,0.0237502416358566,-1.64881779049694E-13));
#10453=DIRECTION('center_axis',(-0.403575916070771,-0.914946162332865,-6.47442749576373E-14));
#10454=DIRECTION('ref_axis',(-0.914946162332865,0.403575916070771,-1.54595722813458E-13));
#10455=DIRECTION('center_axis',(1.6822528123863E-13,-1.,6.59194920868393E-15));
#10456=DIRECTION('ref_axis',(-1.75371103106108E-13,6.59194920865443E-15,
1.));
#10457=DIRECTION('center_axis',(2.79429165172075E-13,-0.707106781186543,
0.707106781186552));
#10458=DIRECTION('ref_axis',(1.,1.6548010267652E-13,-2.2969241243242E-13));
#10459=DIRECTION('center_axis',(-2.48052318516661E-12,-7.81518511113682E-14,
-1.));
#10460=DIRECTION('ref_axis',(0.000265935151663712,-0.999999964639247,7.74921900384072E-14));
#10461=DIRECTION('',(2.48052318516661E-12,7.81518511113682E-14,1.));
#10462=DIRECTION('',(-1.55882251551276E-13,-7.81319453579954E-14,-1.));
#10463=DIRECTION('center_axis',(2.48052318516661E-12,7.81518511113682E-14,
1.));
#10464=DIRECTION('ref_axis',(-1.,5.26784466944222E-11,2.4805231851625E-12));
#10465=DIRECTION('center_axis',(-1.66286515258743E-13,1.,2.08627332987598E-16));
#10466=DIRECTION('ref_axis',(0.,-2.08627332987598E-16,1.));
#10467=DIRECTION('center_axis',(-1.66286515258743E-13,1.,2.08627332987598E-16));
#10468=DIRECTION('ref_axis',(0.,-2.08627332987598E-16,1.));
#10469=DIRECTION('center_axis',(1.,-9.36317262355946E-16,-1.65949323825993E-13));
#10470=DIRECTION('ref_axis',(1.65949323825993E-13,7.04945569052685E-15,
1.));
#10471=DIRECTION('',(8.21637873778084E-14,-0.866025403784391,0.500000000000082));
#10472=DIRECTION('center_axis',(-0.999999999999941,-3.42222470498082E-7,
-1.70611718744577E-8));
#10473=DIRECTION('ref_axis',(-1.70611718744611E-8,6.85606562757883E-15,
1.));
#10474=DIRECTION('',(1.70611718744609E-8,-6.35646532373662E-15,-1.));
#10475=DIRECTION('',(3.42222470498082E-7,-0.999999999999941,6.59189210337385E-15));
#10476=DIRECTION('center_axis',(-0.707106902161825,0.707106660211249,1.74264880471349E-12));
#10477=DIRECTION('ref_axis',(-0.499999911442835,-0.500000082525984,-0.707106785451226));
#10478=DIRECTION('',(-0.707106902161825,0.707106660211249,1.74264880471349E-12));
#10479=DIRECTION('center_axis',(-0.707106902198964,-0.70710666017411,1.22250737612103E-13));
#10480=DIRECTION('ref_axis',(0.499999911414708,-0.500000082552245,-0.707106785452545));
#10481=DIRECTION('',(0.707106902198964,0.70710666017411,-1.22250737612103E-13));
#10482=DIRECTION('center_axis',(0.70710666017411,-0.707106902198964,-1.13390093766654E-13));
#10483=DIRECTION('ref_axis',(0.707106902198964,0.70710666017411,-1.22653399450196E-13));
#10484=DIRECTION('',(0.707106902198964,0.70710666017411,-1.22653399450196E-13));
#10485=DIRECTION('',(1.66880398388969E-13,6.52256026967279E-15,1.));
#10486=DIRECTION('center_axis',(0.999999999999941,-3.42274993400071E-7,
-1.6688039615645E-13));
#10487=DIRECTION('ref_axis',(3.42274993400071E-7,0.999999999999941,-6.59200632281276E-15));
#10488=DIRECTION('',(1.66880398388969E-13,6.52256026967279E-15,1.));
#10489=DIRECTION('center_axis',(0.707106902198958,0.707106660174116,-1.22614427350624E-13));
#10490=DIRECTION('ref_axis',(-0.707106660174116,0.707106902198958,1.13330935091014E-13));
#10491=DIRECTION('center_axis',(-0.707106902199194,0.70710666017388,1.1339013573452E-13));
#10492=DIRECTION('ref_axis',(-0.70710666017388,-0.707106902199194,1.22653360659826E-13));
#10493=DIRECTION('',(1.66880398388969E-13,6.52256026967279E-15,1.));
#10494=DIRECTION('center_axis',(-0.999999999999941,-3.42222470498082E-7,
1.66880400621126E-13));
#10495=DIRECTION('ref_axis',(3.42222470498082E-7,-0.999999999999941,6.59189210337385E-15));
#10496=DIRECTION('',(1.66880398388969E-13,6.52256026967279E-15,1.));
#10497=DIRECTION('center_axis',(-0.707106660211249,-0.707106902161825,1.22614388545999E-13));
#10498=DIRECTION('ref_axis',(0.707106902161825,-0.707106660211249,-1.13330977065735E-13));
#10499=DIRECTION('',(0.707106902161825,-0.707106660211249,-1.13330977065735E-13));
#10500=DIRECTION('center_axis',(1.55877153762401E-13,7.81518511724163E-14,
1.));
#10501=DIRECTION('ref_axis',(1.,1.5590249228113E-13,-1.55877153762413E-13));
#10502=DIRECTION('center_axis',(2.4689405218844E-12,7.03793450819425E-15,
1.));
#10503=DIRECTION('ref_axis',(0.616441420072767,0.787400771919021,-1.52749887645009E-12));
#10504=DIRECTION('center_axis',(-0.707106781184862,3.72612774927532E-11,
0.707106781188233));
#10505=DIRECTION('ref_axis',(-0.707106781188233,3.72491432354896E-11,-0.707106781184862));
#10506=DIRECTION('center_axis',(2.47016658269453E-12,6.85516660076625E-15,
1.));
#10507=DIRECTION('ref_axis',(-1.,5.26866896519431E-11,2.47016658269416E-12));
#10508=DIRECTION('',(-2.41161931591009E-12,-8.25227302075769E-15,-1.));
#10509=DIRECTION('center_axis',(5.97597145903076E-11,0.6785511437439,-0.734553160311659));
#10510=DIRECTION('ref_axis',(4.03378766910243E-11,0.734553160311659,0.6785511437439));
#10511=DIRECTION('',(-2.41161931591009E-12,-8.25227302075769E-15,-1.));
#10512=DIRECTION('center_axis',(7.74595694454272E-11,0.832239719563866,
0.554415953215866));
#10513=DIRECTION('ref_axis',(2.72035155962352E-11,0.554415953215866,-0.832239719563866));
#10514=DIRECTION('',(1.65705243740225E-13,6.83168117415858E-15,1.));
#10515=DIRECTION('center_axis',(-0.70710666017411,0.707106902198964,1.20659286676438E-8));
#10516=DIRECTION('ref_axis',(1.70638092402349E-8,6.35556914065908E-15,1.));
#10517=DIRECTION('center_axis',(-0.707106660211249,-0.707106902161825,-1.20640637687396E-8));
#10518=DIRECTION('ref_axis',(-1.70611718744609E-8,6.35646533176484E-15,
1.));
#10519=DIRECTION('center_axis',(-1.67817582480668E-13,1.,-6.08680188667677E-15));
#10520=DIRECTION('ref_axis',(-1.,-1.67817582480667E-13,1.67805087039468E-13));
#10521=DIRECTION('center_axis',(1.65453024727262E-13,-1.,7.14521865762738E-15));
#10522=DIRECTION('ref_axis',(-1.,-1.65453024727261E-13,1.67805087039468E-13));
#10523=DIRECTION('',(-1.67817582480668E-13,1.,-6.08680188667677E-15));
#10524=DIRECTION('center_axis',(-1.66866124336015E-13,-6.35556630016429E-15,
-1.));
#10525=DIRECTION('ref_axis',(-1.,-1.65452997622208E-13,1.66866124336016E-13));
#10526=DIRECTION('',(-0.756144734757737,-0.65440441631926,1.30460894216366E-13));
#10527=DIRECTION('',(2.98092273563834E-13,-1.,6.54939481358169E-15));
#10528=DIRECTION('',(1.,1.64589213751426E-13,-1.66866124336016E-13));
#10529=DIRECTION('',(-5.28209942624217E-11,-1.,6.54939488362892E-15));
#10530=DIRECTION('',(0.756144734723365,-0.654404416358975,-1.86376934933146E-12));
#10531=DIRECTION('center_axis',(-0.611964587167788,-0.707106781154281,0.354258865941545));
#10532=DIRECTION('ref_axis',(-0.756144734723366,0.654404416358975,1.8630161735453E-12));
#10533=DIRECTION('',(0.75614473472092,-0.654404416361801,-1.17268699703831E-11));
#10534=DIRECTION('',(0.500997692805425,-2.63909083725646E-11,0.865448618812025));
#10535=DIRECTION('center_axis',(0.654404416361801,0.75614473472092,-8.76840356668432E-12));
#10536=DIRECTION('ref_axis',(0.75614473472092,-0.654404416361801,-1.17268699703831E-11));
#10537=DIRECTION('',(-1.46077181220675E-11,1.04603212724469E-12,-1.));
#10538=DIRECTION('',(0.75614473472092,-0.654404416361801,-1.17268699703831E-11));
#10539=DIRECTION('center_axis',(-0.611964587167788,-0.707106781154281,0.354258865941545));
#10540=DIRECTION('ref_axis',(-0.756144734723366,0.654404416358975,1.8630161735453E-12));
#10541=DIRECTION('',(0.500997692805425,-2.63909083725646E-11,0.865448618812025));
#10542=DIRECTION('',(0.756144734725903,-0.654404416356043,8.37263545026228E-12));
#10543=DIRECTION('center_axis',(-1.19723126984393E-11,-1.03936608946196E-12,
1.));
#10544=DIRECTION('ref_axis',(1.,-5.25219656715955E-11,1.19723126983847E-11));
#10545=DIRECTION('',(5.34264620319195E-11,1.,1.0393660901016E-12));
#10546=DIRECTION('',(-0.756144734795262,-0.654404416275901,-9.7329669693186E-12));
#10547=DIRECTION('',(0.707106781149676,-0.707106781223419,7.73076068507857E-12));
#10548=DIRECTION('',(-5.26719236190366E-11,-1.,-1.03936609009256E-12));
#10549=DIRECTION('',(-0.707106781223404,-0.707106781149691,-9.20064630594907E-12));
#10550=DIRECTION('center_axis',(-0.707106781149691,0.707106781223404,1.69463413017551E-12));
#10551=DIRECTION('ref_axis',(2.46979193663728E-12,7.32173663501942E-14,
1.));
#10552=DIRECTION('',(0.694746590643569,0.694746590570698,0.186156787895386));
#10553=DIRECTION('',(2.46979193663727E-12,7.34116553794805E-14,1.));
#10554=DIRECTION('center_axis',(-0.258819045100131,1.38918384737023E-11,
0.965925826289709));
#10555=DIRECTION('ref_axis',(-0.965925826289709,5.08072725398404E-11,-0.258819045100131));
#10556=DIRECTION('',(-7.21862064715096E-16,-1.,-6.38056523680189E-15));
#10557=DIRECTION('',(-5.26719236190334E-11,-1.,2.68878194087513E-13));
#10558=DIRECTION('',(-0.694746590571069,0.694746590643048,-0.186156787895944));
#10559=DIRECTION('center_axis',(7.2186206471507E-16,1.,6.38056523680189E-15));
#10560=DIRECTION('ref_axis',(-0.0081420471273099,6.38623117506014E-15,-0.999966852984926));
#10561=DIRECTION('',(7.21862064714086E-16,1.,6.38056523680169E-15));
#10562=DIRECTION('center_axis',(-1.,7.21862064620533E-16,1.46077181220676E-11));
#10563=DIRECTION('ref_axis',(7.21862064713707E-16,1.,6.38056523680169E-15));
#10564=DIRECTION('',(7.21862064715096E-16,1.,6.38056523680189E-15));
#10565=DIRECTION('center_axis',(7.2186206471507E-16,1.,6.38056523680189E-15));
#10566=DIRECTION('ref_axis',(-0.0081420471273099,6.38623117506014E-15,-0.999966852984926));
#10567=DIRECTION('center_axis',(1.,-9.09212208043001E-16,-3.12149333715117E-16));
#10568=DIRECTION('ref_axis',(-3.12149333715133E-16,4.60515842231997E-19,
-1.));
#10569=DIRECTION('',(-9.09212208042749E-16,-1.,1.73411205005019E-13));
#10570=DIRECTION('',(-8.63633028458143E-16,-0.707106781186583,-0.707106781186512));
#10571=DIRECTION('',(9.64723356146082E-16,1.,6.57439375026905E-15));
#10572=DIRECTION('center_axis',(-9.64723356146078E-16,-1.,-6.57439375026905E-15));
#10573=DIRECTION('ref_axis',(0.00814204712730938,6.56632100570975E-15,-0.999966852984926));
#10574=DIRECTION('',(-9.64723356146078E-16,-1.,-6.57439375026905E-15));
#10575=DIRECTION('center_axis',(1.,-9.64723356049547E-16,-1.46077181220676E-11));
#10576=DIRECTION('ref_axis',(-9.64723356145536E-16,-1.,-6.57439375026885E-15));
#10577=DIRECTION('',(-9.64723351540418E-16,-1.,3.08678798778576E-13));
#10578=DIRECTION('center_axis',(-0.258819045102679,-2.97911134991466E-13,
-0.965925826289026));
#10579=DIRECTION('ref_axis',(0.965925826289026,7.40450371373833E-14,-0.258819045102679));
#10580=DIRECTION('',(0.694746590607069,0.694746590606558,-0.186156787897776));
#10581=DIRECTION('',(1.49021630176153E-13,-1.,2.68878194017859E-13));
#10582=DIRECTION('',(-0.694746590606588,0.694746590607188,0.186156787897219));
#10583=DIRECTION('center_axis',(-0.70710678118683,-0.707106781186265,1.70265092996807E-13));
#10584=DIRECTION('ref_axis',(1.67573837304105E-13,7.32173664106586E-14,
1.));
#10585=DIRECTION('',(1.67573837304116E-13,7.34116554399401E-14,1.));
#10586=DIRECTION('',(0.707106781186265,-0.70710678118683,-1.10655455292179E-11));
#10587=DIRECTION('center_axis',(-1.46096784723222E-11,1.03936609016004E-12,
-1.));
#10588=DIRECTION('ref_axis',(-1.,9.36317262362535E-16,1.46096784723222E-11));
#10589=DIRECTION('',(0.75614473476089,-0.654404416315617,-1.17271972129654E-11));
#10590=DIRECTION('',(-9.03560043058871E-13,1.,1.03936609017324E-12));
#10591=DIRECTION('',(-0.756144734760274,-0.654404416316328,1.03668656938168E-11));
#10592=DIRECTION('',(1.49021630175934E-13,-1.,-1.03936609016222E-12));
#10593=DIRECTION('',(-0.707106781186816,-0.707106781186279,9.59565990825085E-12));
#10594=DIRECTION('center_axis',(-0.611964587131583,0.707106781186423,-0.354258865939932));
#10595=DIRECTION('ref_axis',(0.756144734757737,0.65440441631926,-1.31210834088945E-13));
#10596=DIRECTION('',(0.756144734760274,0.654404416316328,-1.03671929358632E-11));
#10597=DIRECTION('',(-0.500997692803142,-7.70556567613273E-14,0.865448618813346));
#10598=DIRECTION('center_axis',(-0.654404416316328,0.756144734760274,1.03503069367912E-11));
#10599=DIRECTION('ref_axis',(0.756144734760274,0.654404416316328,-1.03671929358632E-11));
#10600=DIRECTION('',(0.756144734760274,0.654404416316328,-1.03671929358632E-11));
#10601=DIRECTION('',(-1.46077181220675E-11,1.04603212724469E-12,-1.));
#10602=DIRECTION('center_axis',(-0.611964587131583,0.707106781186423,-0.354258865939932));
#10603=DIRECTION('ref_axis',(0.756144734757737,0.65440441631926,-1.31210834088945E-13));
#10604=DIRECTION('',(-0.500997692803142,-7.72234053805943E-14,0.865448618813346));
#10605=DIRECTION('center_axis',(-1.67817582480668E-13,1.,-6.08680188667677E-15));
#10606=DIRECTION('ref_axis',(1.,1.67817582480669E-13,1.63675429162707E-13));
#10607=DIRECTION('center_axis',(-1.6819820328937E-13,1.,-7.14521865762738E-15));
#10608=DIRECTION('ref_axis',(1.,1.68198203289371E-13,1.63675429162707E-13));
#10609=DIRECTION('',(-1.67817582480668E-13,1.,-6.08680188667677E-15));
#10610=DIRECTION('center_axis',(2.47016658269453E-12,6.85516660076625E-15,
1.));
#10611=DIRECTION('ref_axis',(1.,-5.26866896519431E-11,-2.47016658269416E-12));
#10612=DIRECTION('',(-1.,-1.64589213751229E-13,2.47016658269453E-12));
#10613=DIRECTION('',(-9.36317262333808E-16,-1.,7.0494556300499E-15));
#10614=DIRECTION('',(5.26883549864801E-11,1.,-7.04899524438241E-15));
#10615=DIRECTION('center_axis',(-1.,9.36317262350469E-16,2.46891671527713E-12));
#10616=DIRECTION('ref_axis',(-2.46891671527713E-12,-7.04945563004758E-15,
-1.));
#10617=DIRECTION('',(-1.74644982784273E-12,-0.707106781186583,-0.707106781186512));
#10618=DIRECTION('',(-1.23526923217356E-12,-0.866025403784486,-0.499999999999918));
#10619=DIRECTION('center_axis',(4.15597512738247E-8,0.866025403784493,0.499999999999905));
#10620=DIRECTION('ref_axis',(-0.999999999999999,4.79947814896704E-8,-9.89749063138476E-12));
#10621=DIRECTION('center_axis',(-4.32521898966382E-11,-0.499999999999918,
0.866025403784486));
#10622=DIRECTION('ref_axis',(4.68338213378466E-11,0.866025403784486,0.499999999999918));
#10623=DIRECTION('center_axis',(-5.25109894700003E-11,-1.,8.55369471302186E-14));
#10624=DIRECTION('ref_axis',(-2.63722609715621E-12,-8.55369469917353E-14,
-1.));
#10625=DIRECTION('',(1.,-5.25109894699986E-11,1.96260930538163E-11));
#10626=DIRECTION('',(2.63722609712675E-12,8.55369469917353E-14,1.));
#10627=DIRECTION('',(-1.,5.25109894700023E-11,2.49005452481196E-11));
#10628=DIRECTION('center_axis',(-9.42053386867309E-7,0.866025403784019,
-0.49999999999984));
#10629=DIRECTION('ref_axis',(-4.78204062794113E-11,-0.500000000000062,-0.866025403784403));
#10630=DIRECTION('center_axis',(-4.7819999487959E-11,-0.500000000000063,
-0.866025403784402));
#10631=DIRECTION('ref_axis',(4.44222020219325E-11,0.866025403784402,-0.500000000000063));
#10632=DIRECTION('center_axis',(-1.,9.36317262350469E-16,2.46891671527713E-12));
#10633=DIRECTION('ref_axis',(-2.46891671527713E-12,-7.04945563004758E-15,
-1.));
#10634=DIRECTION('',(-1.23364748310352E-12,0.866025403784402,-0.500000000000063));
#10635=DIRECTION('center_axis',(-0.707106781184862,3.72612774927532E-11,
0.707106781188233));
#10636=DIRECTION('ref_axis',(5.2689354187263E-11,1.,-6.04979446146577E-15));
#10637=DIRECTION('',(-5.26883549864801E-11,-1.,7.04899524438241E-15));
#10638=DIRECTION('',(-0.577350269211217,-0.57735026917962,-0.57735026917804));
#10639=DIRECTION('center_axis',(-1.65453024727263E-13,1.,-6.95139014416023E-15));
#10640=DIRECTION('ref_axis',(-1.,-1.65453024727261E-13,1.67805087039468E-13));
#10641=DIRECTION('center_axis',(-1.65453024727263E-13,1.,-6.95139014416023E-15));
#10642=DIRECTION('ref_axis',(1.,1.65453024727261E-13,-1.66866124336016E-13));
#10643=DIRECTION('center_axis',(-0.865448618813346,-2.61264778125611E-13,
-0.500997692803142));
#10644=DIRECTION('ref_axis',(0.500997692803142,-1.55380850605239E-13,-0.865448618813346));
#10645=DIRECTION('',(-9.03270563891379E-13,1.,1.03886602929616E-12));
#10646=DIRECTION('',(0.500997692803142,8.26323503904458E-15,-0.865448618813346));
#10647=DIRECTION('center_axis',(-1.60916045920735E-15,-0.707109371139492,
-0.707104191224116));
#10648=DIRECTION('ref_axis',(-1.,-1.66254536088991E-13,1.68531458872956E-13));
#10649=DIRECTION('',(-0.377534572935463,0.654775291551826,-0.654780088130098));
#10650=DIRECTION('',(0.377534572968127,0.654775291531997,-0.654780088131094));
#10651=DIRECTION('center_axis',(-0.865448618812025,4.57171377604167E-11,
0.500997692805425));
#10652=DIRECTION('ref_axis',(-0.500997692805425,2.61584718651981E-11,-0.865448618812025));
#10653=DIRECTION('',(-5.3426172552334E-11,-1.,-1.03886602850242E-12));
#10654=DIRECTION('',(-0.500997692805425,2.63221159508423E-11,-0.865448618812025));
#10655=DIRECTION('center_axis',(1.,-5.34261725523188E-11,-1.46077181221234E-11));
#10656=DIRECTION('ref_axis',(-5.3426172552334E-11,-1.,-1.03886602850242E-12));
#10657=DIRECTION('',(-1.46077181220675E-11,1.04603212724469E-12,-1.));
#10658=DIRECTION('',(-5.3426172552334E-11,-1.,-1.03886602850242E-12));
#10659=DIRECTION('center_axis',(-0.865448618812025,4.57171377604167E-11,
0.500997692805425));
#10660=DIRECTION('ref_axis',(-0.500997692805425,2.61584718651981E-11,-0.865448618812025));
#10661=DIRECTION('',(-0.500997692805425,2.63221159508423E-11,-0.865448618812025));
#10662=DIRECTION('center_axis',(-0.611964587093231,0.707106781218853,0.354258865941454));
#10663=DIRECTION('ref_axis',(0.756144734792385,0.654404416279225,-1.87079153580409E-12));
#10664=DIRECTION('',(-0.756144734790279,-0.654404416281659,1.03671929363376E-11));
#10665=DIRECTION('center_axis',(-0.707106781223419,-0.707106781149676,1.79817912285129E-12));
#10666=DIRECTION('ref_axis',(2.46979193663728E-12,7.32173663502041E-14,
1.));
#10667=DIRECTION('',(-2.46979193663727E-12,-7.34116553794805E-14,-1.));
#10668=DIRECTION('center_axis',(-1.,5.2671923619034E-11,2.46979193663341E-12));
#10669=DIRECTION('ref_axis',(-2.46979193664753E-12,-2.68070759030425E-13,
-1.));
#10670=DIRECTION('center_axis',(3.6046963026381E-12,7.24282356792404E-15,
1.));
#10671=DIRECTION('ref_axis',(5.26883549864801E-11,1.,-7.24282375784956E-15));
#10672=DIRECTION('center_axis',(-0.707106781186727,-1.21977328874903E-13,
-0.707106781186368));
#10673=DIRECTION('ref_axis',(-1.66452198405158E-13,1.,-6.04979439173201E-15));
#10674=DIRECTION('',(-1.65452997622209E-13,1.,-7.048995174685E-15));
#10675=DIRECTION('',(0.577348860084078,-0.577353087390288,-0.577348860084194));
#10676=DIRECTION('center_axis',(3.71374546311328E-11,0.707106781186512,
-0.707106781186583));
#10677=DIRECTION('ref_axis',(1.,-5.49891263264309E-11,-2.46883431506459E-12));
#10678=DIRECTION('',(1.,-5.26874912026091E-11,-1.67199191243042E-13));
#10679=DIRECTION('',(1.18005968496229E-13,0.707106781186583,0.707106781186512));
#10680=DIRECTION('center_axis',(-0.707106781186279,0.707106781186816,6.67201004175224E-14));
#10681=DIRECTION('ref_axis',(1.67573837304105E-13,7.32173664106586E-14,
1.));
#10682=DIRECTION('',(-1.67573837304116E-13,-7.34116554399401E-14,-1.));
#10683=DIRECTION('center_axis',(-1.,-1.49021630176108E-13,1.67573837304127E-13));
#10684=DIRECTION('ref_axis',(-1.67573837304087E-13,-2.68070759090884E-13,
-1.));
#10685=DIRECTION('center_axis',(-0.611964587131305,-0.707106781186711,-0.35425886593984));
#10686=DIRECTION('ref_axis',(-0.756144734758014,0.65440441631894,1.23463227417444E-13));
#10687=DIRECTION('',(-0.75614473476089,0.654404416315617,1.1726869970919E-11));
#10688=DIRECTION('',(0.500997692803142,8.26323503904458E-15,-0.865448618813346));
#10689=DIRECTION('center_axis',(-0.865448618813346,-2.61264778125611E-13,
-0.500997692803142));
#10690=DIRECTION('ref_axis',(0.500997692803142,-1.55380850605239E-13,-0.865448618813346));
#10691=DIRECTION('',(-9.0327056389138E-13,1.,1.03886602929616E-12));
#10692=DIRECTION('center_axis',(-1.,-9.03270563906555E-13,1.46077181220667E-11));
#10693=DIRECTION('ref_axis',(-9.0327056389138E-13,1.,1.03886602929616E-12));
#10694=DIRECTION('',(-1.46077181220675E-11,1.04603212724469E-12,-1.));
#10695=DIRECTION('center_axis',(1.6819820328937E-13,-1.,6.95139014416023E-15));
#10696=DIRECTION('ref_axis',(1.,1.68198203289372E-13,1.63675429162707E-13));
#10697=DIRECTION('center_axis',(-1.6819820328937E-13,1.,-6.95139014416023E-15));
#10698=DIRECTION('ref_axis',(-1.,-1.68198203289353E-13,2.47049964960191E-12));
#10699=DIRECTION('center_axis',(1.86305369043744E-12,-0.707106781186512,
0.707106781186583));
#10700=DIRECTION('ref_axis',(-1.,-2.46622433757302E-12,1.68531458872969E-13));
#10701=DIRECTION('center_axis',(-1.23526923217356E-12,-0.866025403784486,
-0.499999999999918));
#10702=DIRECTION('ref_axis',(-0.707106781201085,-0.353553390585191,0.612372435683675));
#10703=DIRECTION('',(1.23526923217356E-12,0.866025403784486,0.499999999999918));
#10704=DIRECTION('center_axis',(-4.32521898966382E-11,-0.499999999999918,
0.866025403784486));
#10705=DIRECTION('ref_axis',(-1.,6.13260345294917E-11,-1.45367244158005E-11));
#10706=DIRECTION('',(-0.447213595460106,0.774596669268454,0.447213595493096));
#10707=DIRECTION('center_axis',(-0.866025403810689,-0.499999999954533,2.32667326919626E-12));
#10708=DIRECTION('ref_axis',(-0.499999999954533,0.866025403810689,-4.44751877878123E-13));
#10709=DIRECTION('',(0.447213595462465,-0.774596669268379,0.447213595490867));
#10710=DIRECTION('center_axis',(-4.7819999487959E-11,-0.500000000000063,
-0.866025403784402));
#10711=DIRECTION('ref_axis',(-1.,6.73730767240226E-11,1.63199151712898E-11));
#10712=DIRECTION('center_axis',(-1.23364748310352E-12,0.866025403784402,
-0.500000000000063));
#10713=DIRECTION('ref_axis',(-0.707106781204212,-0.353553390585242,-0.612372435680035));
#10714=DIRECTION('center_axis',(-1.65452997622209E-13,1.,-6.54939481360383E-15));
#10715=DIRECTION('ref_axis',(1.,1.65452997622208E-13,-1.66866124336016E-13));
#10716=DIRECTION('',(-1.65452997622209E-13,1.,-6.54939481360383E-15));
#10717=DIRECTION('center_axis',(1.65480102676521E-13,-1.,6.59194920868393E-15));
#10718=DIRECTION('ref_axis',(1.66866124336015E-13,6.59194920871154E-15,
1.));
#10719=DIRECTION('center_axis',(-1.65480102676521E-13,1.,-6.59194920868393E-15));
#10720=DIRECTION('ref_axis',(1.66866124336015E-13,6.59194920871155E-15,
1.));
#10721=DIRECTION('',(1.65480102676521E-13,-1.,6.59194920868393E-15));
#10722=DIRECTION('center_axis',(-1.68225281238629E-13,1.,-6.59194920868393E-15));
#10723=DIRECTION('ref_axis',(-1.6461439186616E-13,6.59194920865624E-15,
1.));
#10724=DIRECTION('',(-1.68225281238629E-13,1.,-6.59194920868393E-15));
#10725=DIRECTION('center_axis',(1.68225281238629E-13,-1.,6.59194920868393E-15));
#10726=DIRECTION('ref_axis',(-1.6461439186616E-13,6.59194920865624E-15,
1.));
#10727=DIRECTION('center_axis',(-0.500000000000146,-1.55653961957016E-13,
-0.866025403784355));
#10728=DIRECTION('ref_axis',(0.866025403784354,9.95756828200352E-14,-0.500000000000146));
#10729=DIRECTION('',(-0.866025403784354,-9.95756828200352E-14,0.500000000000146));
#10730=DIRECTION('',(1.64338146924086E-13,-1.,8.48530403078655E-14));
#10731=DIRECTION('',(1.64338146924086E-13,-1.,8.48530403078655E-14));
#10732=DIRECTION('center_axis',(0.499999999999855,8.68418496705557E-15,
-0.866025403784522));
#10733=DIRECTION('ref_axis',(0.866025403784522,1.85501197775248E-13,0.499999999999855));
#10734=DIRECTION('',(-0.866025403784522,-1.85501197775248E-13,-0.499999999999855));
#10735=DIRECTION('',(1.64338146924086E-13,-1.,8.48530403078655E-14));
#10736=DIRECTION('center_axis',(-0.500000000000148,-1.55653961957016E-13,
-0.866025403784353));
#10737=DIRECTION('ref_axis',(0.866025403784353,9.95756828200348E-14,-0.500000000000148));
#10738=DIRECTION('',(-0.866025403784353,-9.95756828200349E-14,0.500000000000148));
#10739=DIRECTION('',(1.64338146924086E-13,-1.,8.48530403078655E-14));
#10740=DIRECTION('center_axis',(-0.499999999999855,-8.68418496705557E-15,
0.866025403784522));
#10741=DIRECTION('ref_axis',(-0.866025403784522,-1.85501197775248E-13,-0.499999999999855));
#10742=DIRECTION('',(0.866025403784522,1.85501197775248E-13,0.499999999999855));
#10743=DIRECTION('',(1.64338146924086E-13,-1.,8.48530403078655E-14));
#10744=DIRECTION('center_axis',(0.500000000000146,1.55653961957016E-13,
0.866025403784355));
#10745=DIRECTION('ref_axis',(-0.866025403784354,-9.95756828200352E-14,0.500000000000146));
#10746=DIRECTION('',(0.866025403784354,9.95756828200352E-14,-0.500000000000146));
#10747=DIRECTION('',(1.64338146924086E-13,-1.,8.48530403078655E-14));
#10748=DIRECTION('center_axis',(1.,1.64338146924072E-13,-1.67907337892372E-13));
#10749=DIRECTION('ref_axis',(1.67907337892358E-13,8.59255149552122E-14,
1.));
#10750=DIRECTION('',(-1.67907337892358E-13,-8.59255149552122E-14,-1.));
#10751=DIRECTION('',(1.64338146924086E-13,-1.,8.48530403078655E-14));
#10752=DIRECTION('center_axis',(1.67352226380046E-13,8.4853040307893E-14,
1.));
#10753=DIRECTION('ref_axis',(-1.,-1.64589213751425E-13,1.6735222638006E-13));
#10754=DIRECTION('',(1.,1.64589213751425E-13,-1.6735222638006E-13));
#10755=DIRECTION('',(1.64338146924086E-13,-1.,8.48530403078655E-14));
#10756=DIRECTION('center_axis',(0.70710678118643,5.62044578916359E-14,-0.707106781186665));
#10757=DIRECTION('ref_axis',(0.707106781186665,1.77140663455572E-13,0.70710678118643));
#10758=DIRECTION('',(-0.707106781186665,-1.77140663455572E-13,-0.70710678118643));
#10759=DIRECTION('',(1.64338146924086E-13,-1.,8.48530403078655E-14));
#10760=DIRECTION('center_axis',(-0.500000000000152,-1.55653961957017E-13,
-0.866025403784351));
#10761=DIRECTION('ref_axis',(0.866025403784351,9.95756828200341E-14,-0.500000000000152));
#10762=DIRECTION('',(-0.866025403784351,-9.95756828200341E-14,0.500000000000152));
#10763=DIRECTION('',(1.64338146924086E-13,-1.,8.48530403078655E-14));
#10764=DIRECTION('center_axis',(-1.,-1.64338146924072E-13,1.68074031687882E-13));
#10765=DIRECTION('ref_axis',(-1.68074031687868E-13,-8.59255149552122E-14,
-1.));
#10766=DIRECTION('',(1.68074031687868E-13,8.59255149552122E-14,1.));
#10767=DIRECTION('center_axis',(1.67352226380046E-13,8.4853040307893E-14,
1.));
#10768=DIRECTION('ref_axis',(-1.,-1.64589213751425E-13,1.6735222638006E-13));
#10769=DIRECTION('',(1.,1.64589213751425E-13,-1.6735222638006E-13));
#10770=DIRECTION('',(1.64569443605586E-13,-1.,8.48530403078654E-14));
#10771=DIRECTION('',(1.64569443605586E-13,-1.,8.48530403078654E-14));
#10772=DIRECTION('center_axis',(0.843454647672065,9.32237758617924E-14,
-0.53720038842167));
#10773=DIRECTION('ref_axis',(0.53720038842167,1.60891664499857E-13,0.843454647672065));
#10774=DIRECTION('',(-0.53720038842167,-1.60891664499857E-13,-0.843454647672065));
#10775=DIRECTION('',(1.64569443605586E-13,-1.,8.48530403078654E-14));
#10776=DIRECTION('center_axis',(-1.86781129310986E-13,-8.48530403078962E-14,
-1.));
#10777=DIRECTION('ref_axis',(1.,1.64589213751424E-13,-1.86781129311E-13));
#10778=DIRECTION('',(-1.,-1.64589213751424E-13,1.86781129311E-13));
#10779=DIRECTION('',(1.64569443605586E-13,-1.,8.48530403078654E-14));
#10780=DIRECTION('center_axis',(-0.843454647672063,-9.32237758617918E-14,
0.537200388421673));
#10781=DIRECTION('ref_axis',(-0.537200388421673,-1.60891664499857E-13,-0.843454647672063));
#10782=DIRECTION('',(0.537200388421673,1.60891664499857E-13,0.843454647672063));
#10783=DIRECTION('center_axis',(-1.67352226380046E-13,-8.4853040307893E-14,
-1.));
#10784=DIRECTION('ref_axis',(1.,1.64589213751425E-13,-1.6735222638006E-13));
#10785=DIRECTION('',(-1.,-1.64589213751425E-13,1.6735222638006E-13));
#10786=DIRECTION('',(1.64569443605586E-13,-1.,8.48530403078654E-14));
#10787=DIRECTION('',(1.64569443605586E-13,-1.,8.48530403078654E-14));
#10788=DIRECTION('center_axis',(-0.843454647672065,-9.32237758617924E-14,
0.53720038842167));
#10789=DIRECTION('ref_axis',(-0.53720038842167,-1.60891664499857E-13,-0.843454647672065));
#10790=DIRECTION('',(0.53720038842167,1.60891664499857E-13,0.843454647672065));
#10791=DIRECTION('',(1.64569443605586E-13,-1.,8.48530403078654E-14));
#10792=DIRECTION('center_axis',(1.86781129310986E-13,8.48530403078962E-14,
1.));
#10793=DIRECTION('ref_axis',(-1.,-1.64589213751424E-13,1.86781129311E-13));
#10794=DIRECTION('',(1.,1.64589213751424E-13,-1.86781129311E-13));
#10795=DIRECTION('',(1.64569443605586E-13,-1.,8.48530403078654E-14));
#10796=DIRECTION('center_axis',(0.843454647672063,9.32237758617919E-14,
-0.537200388421673));
#10797=DIRECTION('ref_axis',(0.537200388421673,1.60891664499857E-13,0.843454647672063));
#10798=DIRECTION('',(-0.537200388421673,-1.60891664499857E-13,-0.843454647672063));
#10799=DIRECTION('center_axis',(-1.,-1.64569443605572E-13,1.6735222638006E-13));
#10800=DIRECTION('ref_axis',(-1.67352226380046E-13,-8.59255149552121E-14,
-1.));
#10801=DIRECTION('',(1.67352226380046E-13,8.59255149552121E-14,1.));
#10802=DIRECTION('',(1.64569443605587E-13,-1.,8.85537872118691E-14));
#10803=DIRECTION('',(1.64569443605587E-13,-1.,8.85537872118691E-14));
#10804=DIRECTION('center_axis',(-1.67352226380045E-13,-8.85537872118967E-14,
-1.));
#10805=DIRECTION('ref_axis',(1.,1.64589213751425E-13,-1.6735222638006E-13));
#10806=DIRECTION('',(-1.,-1.64589213751425E-13,1.6735222638006E-13));
#10807=DIRECTION('',(1.64569443605587E-13,-1.,8.85537872118691E-14));
#10808=DIRECTION('center_axis',(-0.707106781186429,-5.37511861123143E-14,
0.707106781186666));
#10809=DIRECTION('ref_axis',(-0.707106781186666,-1.77140663455572E-13,-0.707106781186429));
#10810=DIRECTION('',(0.707106781186666,1.77140663455572E-13,0.707106781186429));
#10811=DIRECTION('',(1.64569443605587E-13,-1.,8.85537872118691E-14));
#10812=DIRECTION('center_axis',(0.50000000000015,1.58974551129611E-13,0.866025403784352));
#10813=DIRECTION('ref_axis',(-0.866025403784352,-9.95756828200345E-14,0.50000000000015));
#10814=DIRECTION('',(0.866025403784352,9.95756828200345E-14,-0.50000000000015));
#10815=DIRECTION('',(1.64569443605587E-13,-1.,8.85537872118691E-14));
#10816=DIRECTION('center_axis',(1.,1.64569443605572E-13,-1.67111624610786E-13));
#10817=DIRECTION('ref_axis',(1.67111624610772E-13,8.5925514955212E-14,1.));
#10818=DIRECTION('',(-1.67111624610772E-13,-8.59255149552121E-14,-1.));
#10819=DIRECTION('',(1.64569443605587E-13,-1.,8.85537872118691E-14));
#10820=DIRECTION('center_axis',(0.500000000000145,1.5897455112961E-13,0.866025403784355));
#10821=DIRECTION('ref_axis',(-0.866025403784355,-9.95756828200354E-14,0.500000000000145));
#10822=DIRECTION('',(0.866025403784355,9.95756828200354E-14,-0.500000000000145));
#10823=DIRECTION('',(1.64569443605587E-13,-1.,8.85537872118691E-14));
#10824=DIRECTION('center_axis',(-0.499999999999855,-5.59489247596187E-15,
0.866025403784522));
#10825=DIRECTION('ref_axis',(-0.866025403784522,-1.85501197775248E-13,-0.499999999999855));
#10826=DIRECTION('',(0.866025403784522,1.85501197775248E-13,0.499999999999855));
#10827=DIRECTION('',(1.64569443605587E-13,-1.,8.85537872118691E-14));
#10828=DIRECTION('center_axis',(0.500000000000144,1.5897455112961E-13,0.866025403784356));
#10829=DIRECTION('ref_axis',(-0.866025403784356,-9.95756828200355E-14,0.500000000000144));
#10830=DIRECTION('',(0.866025403784356,9.95756828200357E-14,-0.500000000000144));
#10831=DIRECTION('',(1.64569443605587E-13,-1.,8.85537872118691E-14));
#10832=DIRECTION('center_axis',(0.499999999999855,5.59489247596187E-15,
-0.866025403784522));
#10833=DIRECTION('ref_axis',(0.866025403784522,1.85501197775248E-13,0.499999999999855));
#10834=DIRECTION('',(-0.866025403784522,-1.85501197775248E-13,-0.499999999999855));
#10835=DIRECTION('',(1.64569443605587E-13,-1.,8.85537872118691E-14));
#10836=DIRECTION('center_axis',(-0.500000000000145,-1.5897455112961E-13,
-0.866025403784355));
#10837=DIRECTION('ref_axis',(0.866025403784355,9.95756828200354E-14,-0.500000000000145));
#10838=DIRECTION('',(-0.866025403784355,-9.95756828200354E-14,0.500000000000145));
#10839=DIRECTION('center_axis',(-1.85393350530205E-13,-8.4853040307896E-14,
-1.));
#10840=DIRECTION('ref_axis',(1.,1.64589213751424E-13,-1.85393350530219E-13));
#10841=DIRECTION('',(-1.,-1.64589213751424E-13,1.85393350530219E-13));
#10842=DIRECTION('',(1.64338146924086E-13,-1.,8.48530403078655E-14));
#10843=DIRECTION('',(1.64338146924086E-13,-1.,8.48530403078655E-14));
#10844=DIRECTION('center_axis',(-0.843450995352817,-9.30276008008804E-14,
0.537206122860065));
#10845=DIRECTION('ref_axis',(-0.537206122860065,-1.60892294499151E-13,-0.843450995352816));
#10846=DIRECTION('',(0.537206122860065,1.60892294499151E-13,0.843450995352816));
#10847=DIRECTION('',(1.64338146924086E-13,-1.,8.48530403078655E-14));
#10848=DIRECTION('center_axis',(1.86781129310986E-13,8.48530403078962E-14,
1.));
#10849=DIRECTION('ref_axis',(-1.,-1.64589213751424E-13,1.86781129311E-13));
#10850=DIRECTION('',(1.,1.64589213751424E-13,-1.86781129311E-13));
#10851=DIRECTION('',(1.64338146924086E-13,-1.,8.48530403078655E-14));
#10852=DIRECTION('center_axis',(0.843450995352817,9.30276008008804E-14,
-0.537206122860065));
#10853=DIRECTION('ref_axis',(0.537206122860065,1.60892294499151E-13,0.843450995352816));
#10854=DIRECTION('',(-0.537206122860065,-1.60892294499151E-13,-0.843450995352816));
#10855=DIRECTION('center_axis',(-0.611964587093231,0.707106781218853,0.354258865941454));
#10856=DIRECTION('ref_axis',(0.756144734792385,0.654404416279225,-1.87079153580409E-12));
#10857=DIRECTION('',(-0.756144734790279,-0.654404416281659,1.03671929363376E-11));
#10858=DIRECTION('center_axis',(-0.611964587131305,-0.707106781186711,-0.35425886593984));
#10859=DIRECTION('ref_axis',(-0.756144734758014,0.65440441631894,1.23463227417444E-13));
#10860=DIRECTION('',(-0.75614473476089,0.654404416315617,1.1726869970919E-11));
#10861=DIRECTION('center_axis',(-0.654404416315617,-0.75614473476089,8.76840356596787E-12));
#10862=DIRECTION('ref_axis',(-0.756144734760891,0.654404416315617,1.1726869970919E-11));
#10863=DIRECTION('center_axis',(1.,-9.36317262355946E-16,-1.65949323825993E-13));
#10864=DIRECTION('ref_axis',(1.65949323825993E-13,7.04945569052685E-15,
1.));
#10865=DIRECTION('',(8.3785536448188E-14,0.866025403784475,0.499999999999937));
#10866=DIRECTION('',(9.3631726235481E-16,1.,-7.04945569052701E-15));
#10867=DIRECTION('center_axis',(8.3785536448188E-14,0.866025403784475,0.499999999999937));
#10868=DIRECTION('ref_axis',(0.70710678118657,-0.353553390593269,0.612372435695771));
#10869=DIRECTION('center_axis',(-8.42719998772985E-14,-0.866025403784472,
-0.499999999999943));
#10870=DIRECTION('ref_axis',(1.,-7.24048140273925E-18,-1.68531458872956E-13));
#10871=DIRECTION('',(-8.3785536448188E-14,-0.866025403784475,-0.499999999999937));
#10872=DIRECTION('center_axis',(-7.0439413730627E-14,-0.499999999999937,
0.866025403784475));
#10873=DIRECTION('ref_axis',(-1.,2.57817349548641E-13,6.75144872057681E-14));
#10874=DIRECTION('center_axis',(-7.0439413730627E-14,-0.499999999999937,
0.866025403784475));
#10875=DIRECTION('ref_axis',(-2.8971048044399E-14,0.866025403784475,0.499999999999937));
#10876=DIRECTION('',(1.,-1.19125188573836E-14,7.4458732988835E-14));
#10877=DIRECTION('',(0.447213595499873,0.774596669241537,0.44721359549995));
#10878=DIRECTION('center_axis',(0.866025403784484,-0.499999999999922,4.26475098856192E-14));
#10879=DIRECTION('ref_axis',(-0.499999999999922,-0.866025403784484,1.36875016436876E-13));
#10880=DIRECTION('',(-1.39676785853932E-16,-8.5536947060989E-14,-1.));
#10881=DIRECTION('',(0.447213595499889,0.774596669241489,-0.447213595500017));
#10882=DIRECTION('center_axis',(8.21736432308523E-14,-0.500000000000082,
-0.866025403784391));
#10883=DIRECTION('ref_axis',(-1.,-3.70826185247061E-13,1.19210647795745E-13));
#10884=DIRECTION('center_axis',(8.21736432308523E-14,-0.500000000000082,
-0.866025403784391));
#10885=DIRECTION('ref_axis',(-2.54717506072293E-13,0.866025403784391,-0.500000000000082));
#10886=DIRECTION('',(-1.,1.19125188573814E-14,-1.01763646048292E-13));
#10887=DIRECTION('center_axis',(8.21637873778084E-14,-0.866025403784391,
0.500000000000082));
#10888=DIRECTION('ref_axis',(0.707106781186526,-0.353553390593292,-0.612372435695808));
#10889=DIRECTION('center_axis',(-4.15374882492786E-8,0.866025895757036,
-0.499999147877495));
#10890=DIRECTION('ref_axis',(0.999999999999999,4.79632970305085E-8,-6.19500487798852E-14));
#10891=DIRECTION('center_axis',(0.654404416281659,-0.756144734790279,-1.03503069363162E-11));
#10892=DIRECTION('ref_axis',(-0.756144734790279,-0.654404416281659,1.03671929363376E-11));
#10893=DIRECTION('center_axis',(-5.26883549864801E-11,-1.,6.54939488330124E-15));
#10894=DIRECTION('ref_axis',(-1.,5.26883549864801E-11,2.47049964960155E-12));
#10895=DIRECTION('',(-5.26883549864801E-11,-1.,6.54939488330124E-15));
#10896=DIRECTION('center_axis',(1.19125188573896E-14,1.,-8.5536947060989E-14));
#10897=DIRECTION('ref_axis',(-1.39676785853938E-16,-8.5536947060989E-14,
-1.));
#10898=DIRECTION('center_axis',(-1.67199191243403E-13,-6.85516666124552E-15,
-1.));
#10899=DIRECTION('ref_axis',(-1.,-1.63787663085267E-13,1.67199191243404E-13));
#10900=DIRECTION('center_axis',(-1.6548010267652E-13,1.,-6.59194920868393E-15));
#10901=DIRECTION('ref_axis',(1.66866124336015E-13,6.59194920871154E-15,
1.));
#10902=DIRECTION('center_axis',(1.6822528123863E-13,-1.,6.59194920868393E-15));
#10903=DIRECTION('ref_axis',(-1.6461439186616E-13,6.59194920865623E-15,
1.));
#10904=DIRECTION('center_axis',(-1.6458921375144E-13,1.,-8.59255149551845E-14));
#10905=DIRECTION('ref_axis',(1.67352226380046E-13,8.59255149552121E-14,
1.));
#10906=DIRECTION('center_axis',(-1.6458921375144E-13,1.,-8.59255149551845E-14));
#10907=DIRECTION('ref_axis',(1.67352226380046E-13,8.59255149552121E-14,
1.));
#10908=DIRECTION('center_axis',(-1.6458921375144E-13,1.,-8.59255149551845E-14));
#10909=DIRECTION('ref_axis',(1.67352226380046E-13,8.59255149552121E-14,
1.));
#10910=DIRECTION('center_axis',(-1.6458921375144E-13,1.,-8.59255149551845E-14));
#10911=DIRECTION('ref_axis',(1.67352226380046E-13,8.59255149552121E-14,
1.));
#10912=DIRECTION('center_axis',(-1.6458921375144E-13,1.,-8.59255149551845E-14));
#10913=DIRECTION('ref_axis',(1.67352226380046E-13,8.59255149552121E-14,
1.));
#10914=DIRECTION('center_axis',(1.66490562107604E-13,-1.,-5.30963538404367E-15));
#10915=DIRECTION('ref_axis',(-1.,-1.66490562107604E-13,8.8465105129061E-15));
#10916=DIRECTION('',(8.55597229724341E-15,-7.82823013866073E-15,1.));
#10917=DIRECTION('',(1.,1.66453799564892E-13,-8.8465105129061E-15));
#10918=DIRECTION('',(-8.62446589474734E-15,7.28028135863102E-15,-1.));
#10919=DIRECTION('',(-1.,-1.66453799564892E-13,8.8465105129061E-15));
#10920=DIRECTION('',(-0.848230867858023,-1.44106275945463E-13,0.529626656063331));
#10921=DIRECTION('',(8.84651051290704E-15,-5.50392441335169E-15,1.));
#10922=DIRECTION('',(0.874856088493726,1.48289127044905E-13,-0.484382931600048));
#10923=DIRECTION('center_axis',(-0.484382931600048,-7.5903988396826E-14,
-0.874856088493726));
#10924=DIRECTION('ref_axis',(-0.874856088493726,-1.48289127044905E-13,0.484382931600048));
#10925=DIRECTION('',(-1.66392567224935E-13,1.,5.36514653527466E-15));
#10926=DIRECTION('',(-1.66392567224935E-13,1.,5.36514653527466E-15));
#10927=DIRECTION('center_axis',(1.,1.66392567224935E-13,-8.55597229724209E-15));
#10928=DIRECTION('ref_axis',(-8.55597229724341E-15,7.82823013866074E-15,
-1.));
#10929=DIRECTION('',(-1.66392567224935E-13,1.,5.36514653527466E-15));
#10930=DIRECTION('center_axis',(-8.846510512907E-15,5.36514653527319E-15,
-1.));
#10931=DIRECTION('ref_axis',(-1.,-1.66453799564892E-13,8.8465105129061E-15));
#10932=DIRECTION('',(-1.66392567224935E-13,1.,5.36514653527466E-15));
#10933=DIRECTION('center_axis',(-1.,-1.66392567224935E-13,8.6244658947461E-15));
#10934=DIRECTION('ref_axis',(8.62446589474734E-15,-7.28028135863102E-15,
1.));
#10935=DIRECTION('',(-1.66392567224935E-13,1.,5.36514653527466E-15));
#10936=DIRECTION('center_axis',(8.846510512907E-15,-5.36514653527319E-15,
1.));
#10937=DIRECTION('ref_axis',(1.,1.66453799564892E-13,-8.8465105129061E-15));
#10938=DIRECTION('',(-1.66392567224935E-13,1.,5.36514653527466E-15));
#10939=DIRECTION('center_axis',(0.529626656063331,8.35750560713338E-14,
0.848230867858023));
#10940=DIRECTION('ref_axis',(0.848230867858023,1.44106275945463E-13,-0.529626656063331));
#10941=DIRECTION('',(-1.66392567224935E-13,1.,5.36514653527466E-15));
#10942=DIRECTION('center_axis',(1.,1.66392567224935E-13,-8.8465105129061E-15));
#10943=DIRECTION('ref_axis',(-8.84651051290704E-15,5.50392441335169E-15,
-1.));
#10944=DIRECTION('center_axis',(-8.84651051290592E-15,4.94927341685309E-15,
-1.));
#10945=DIRECTION('ref_axis',(-1.,-1.66426694510579E-13,8.84651051290509E-15));
#10946=DIRECTION('',(-1.65801449038702E-13,1.,4.94927341685456E-15));
#10947=DIRECTION('',(1.,1.66426694510579E-13,-8.84651051290509E-15));
#10948=DIRECTION('',(-1.65801449038702E-13,1.,4.94927341685456E-15));
#10949=DIRECTION('center_axis',(-1.,-1.65801449038702E-13,8.84651051290508E-15));
#10950=DIRECTION('ref_axis',(8.84651051290597E-15,-5.15790074984069E-15,
1.));
#10951=DIRECTION('',(-1.65801449038702E-13,1.,4.94927341685456E-15));
#10952=DIRECTION('',(-8.84651051290597E-15,5.15790074984069E-15,-1.));
#10953=DIRECTION('center_axis',(1.66430930988117E-13,-1.,-4.96361172053276E-15));
#10954=DIRECTION('ref_axis',(-1.,-1.66430930988117E-13,8.84651051290509E-15));
#10955=DIRECTION('',(8.58544717452196E-15,-5.15790074984073E-15,1.));
#10956=DIRECTION('',(-1.,-1.66426694510579E-13,8.84651051290509E-15));
#10957=DIRECTION('center_axis',(8.84651051290592E-15,-4.94927341685309E-15,
1.));
#10958=DIRECTION('ref_axis',(1.,1.66426694510579E-13,-8.84651051290509E-15));
#10959=DIRECTION('',(-1.65801449038702E-13,1.,4.94927341685456E-15));
#10960=DIRECTION('center_axis',(1.,1.65801449038702E-13,-8.58544717452108E-15));
#10961=DIRECTION('ref_axis',(-8.58544717452196E-15,5.15790074984073E-15,
-1.));
#10962=DIRECTION('center_axis',(-1.,-1.65584608258165E-13,8.61058810611009E-15));
#10963=DIRECTION('ref_axis',(8.61058810611127E-15,-6.93425769512013E-15,
1.));
#10964=DIRECTION('',(-1.65584608258165E-13,1.,4.94927341685452E-15));
#10965=DIRECTION('',(-8.61058810611127E-15,6.93425769512013E-15,-1.));
#10966=DIRECTION('',(-1.65584608258165E-13,1.,4.94927341685452E-15));
#10967=DIRECTION('center_axis',(8.84651051290592E-15,-4.94927341685309E-15,
1.));
#10968=DIRECTION('ref_axis',(1.,1.66426694510579E-13,-8.84651051290509E-15));
#10969=DIRECTION('',(-1.65584608258165E-13,1.,4.94927341685452E-15));
#10970=DIRECTION('',(-1.,-1.66426694510579E-13,8.84651051290509E-15));
#10971=DIRECTION('center_axis',(1.66463457053291E-13,-1.,-4.96361172053277E-15));
#10972=DIRECTION('ref_axis',(-1.,-1.66463457053291E-13,8.84651051290509E-15));
#10973=DIRECTION('',(8.62860685115837E-15,-7.48220647514972E-15,1.));
#10974=DIRECTION('',(1.,1.66426694510579E-13,-8.84651051290509E-15));
#10975=DIRECTION('',(-0.848230867858023,-1.43900021245896E-13,0.529626656063331));
#10976=DIRECTION('',(8.84651051290597E-15,-5.15790074984069E-15,1.));
#10977=DIRECTION('',(0.874856088493726,1.48097806066576E-13,-0.484382931600048));
#10978=DIRECTION('center_axis',(0.529626656063331,8.33354845534898E-14,
0.848230867858023));
#10979=DIRECTION('ref_axis',(0.848230867858023,1.44002677993334E-13,-0.529626656063331));
#10980=DIRECTION('',(-1.65584608258165E-13,1.,4.94927341685452E-15));
#10981=DIRECTION('center_axis',(1.,1.65584608258166E-13,-8.84651051290508E-15));
#10982=DIRECTION('ref_axis',(-8.846510512906E-15,5.35172926330799E-15,-1.));
#10983=DIRECTION('',(-1.65584608258165E-13,1.,4.94927341685452E-15));
#10984=DIRECTION('center_axis',(-0.484382931600048,-7.58764559935804E-14,
-0.874856088493726));
#10985=DIRECTION('ref_axis',(-0.874856088493726,-1.48097806066576E-13,0.484382931600048));
#10986=DIRECTION('',(-1.65584608258165E-13,1.,4.94927341685452E-15));
#10987=DIRECTION('center_axis',(1.,1.65584608258165E-13,-8.62860685115711E-15));
#10988=DIRECTION('ref_axis',(-8.62860685115837E-15,7.48220647514972E-15,
-1.));
#10989=DIRECTION('',(-1.65584608258165E-13,1.,4.94927341685452E-15));
#10990=DIRECTION('center_axis',(-8.84651051290592E-15,4.94927341685309E-15,
-1.));
#10991=DIRECTION('ref_axis',(-1.,-1.66426694510579E-13,8.84651051290509E-15));
#10992=DIRECTION('center_axis',(8.846510512907E-15,-5.36514653527319E-15,
1.));
#10993=DIRECTION('ref_axis',(1.,1.66453799564892E-13,-8.8465105129061E-15));
#10994=DIRECTION('',(-1.66392567224935E-13,1.,5.36514653527466E-15));
#10995=DIRECTION('',(-1.,-1.66453799564892E-13,8.8465105129061E-15));
#10996=DIRECTION('',(-1.66392567224935E-13,1.,5.36514653527466E-15));
#10997=DIRECTION('center_axis',(0.941182824924568,1.58418697414763E-13,
-0.337897750905521));
#10998=DIRECTION('ref_axis',(-0.337897750905521,-4.9392288727292E-14,-0.941182824924568));
#10999=DIRECTION('',(-1.66392567224935E-13,1.,5.36514653527466E-15));
#11000=DIRECTION('',(0.337897750905521,4.9392288727292E-14,0.941182824924568));
#11001=DIRECTION('center_axis',(-8.846510512907E-15,5.36514653527319E-15,
-1.));
#11002=DIRECTION('ref_axis',(-1.,-1.66453799564892E-13,8.8465105129061E-15));
#11003=DIRECTION('',(-1.66392567224935E-13,1.,5.17131802180746E-15));
#11004=DIRECTION('',(1.,1.66453799564892E-13,-8.8465105129061E-15));
#11005=DIRECTION('center_axis',(-0.937922987954927,-1.54202547196069E-13,
-0.346843579536515));
#11006=DIRECTION('ref_axis',(-0.346843579536515,-6.45617749135819E-14,0.937922987954927));
#11007=DIRECTION('',(-1.66392567224935E-13,1.,5.36514653527466E-15));
#11008=DIRECTION('',(0.346843579536515,6.43799786950798E-14,-0.937922987954927));
#11009=DIRECTION('center_axis',(1.66490562107604E-13,-1.,-5.30963538404367E-15));
#11010=DIRECTION('ref_axis',(-1.,-1.66490562107604E-13,8.8465105129061E-15));
#11011=DIRECTION('',(-1.,-1.66453799564892E-13,8.8465105129061E-15));
#11012=DIRECTION('',(-0.3178713774115,-6.02354471459236E-14,0.948133844677278));
#11013=DIRECTION('',(-1.,-1.66453799564892E-13,8.8465105129061E-15));
#11014=DIRECTION('',(-0.317871504467877,-4.55863714183043E-14,-0.948133802080344));
#11015=DIRECTION('center_axis',(8.846510512907E-15,-5.36514653527319E-15,
1.));
#11016=DIRECTION('ref_axis',(1.,1.66453799564892E-13,-8.8465105129061E-15));
#11017=DIRECTION('',(-1.66392567224935E-13,1.,5.36514653527466E-15));
#11018=DIRECTION('center_axis',(0.948133844677278,1.56056997969518E-13,
0.3178713774115));
#11019=DIRECTION('ref_axis',(0.3178713774115,6.02354471459234E-14,-0.948133844677278));
#11020=DIRECTION('',(-1.66392567224935E-13,1.,5.36514653527466E-15));
#11021=DIRECTION('center_axis',(8.846510512907E-15,-5.36514653527319E-15,
1.));
#11022=DIRECTION('ref_axis',(1.,1.66453799564892E-13,-8.8465105129061E-15));
#11023=DIRECTION('',(-1.66392567224935E-13,1.,5.36514653527466E-15));
#11024=DIRECTION('center_axis',(-0.948133802080344,-1.59467844601745E-13,
0.317871504467877));
#11025=DIRECTION('ref_axis',(0.317871504467877,4.55863714183042E-14,0.948133802080344));
#11026=DIRECTION('',(1.66866125183051E-13,-2.7801627197068E-16,1.));
#11027=DIRECTION('',(1.,1.67083854796465E-13,-1.66866125183051E-13));
#11028=CARTESIAN_POINT('',(0.,0.,0.));
#11029=CARTESIAN_POINT('',(0.,0.,0.));
#11030=CARTESIAN_POINT('',(0.,0.,0.));
#11031=CARTESIAN_POINT('',(0.,0.,0.));
#11032=CARTESIAN_POINT('',(0.000363413605668876,-77.3011361654239,75.9114356017693));
#11033=CARTESIAN_POINT('',(0.,0.,0.));
#11034=CARTESIAN_POINT('',(-0.575576658591445,-72.0942514602379,-76.7038287742014));
#11035=CARTESIAN_POINT('',(3.57769369685457E-13,-37.9649475307802,27.963582138632));
#11036=CARTESIAN_POINT('Origin',(-17.19999961555,-3.39751611017053,-10.7055077813321));
#11037=CARTESIAN_POINT('',(-15.8015990270961,-5.44265243526485,-9.44749671775263));
#11038=CARTESIAN_POINT('',(-15.8015990282165,-6.80137765867955,-8.66303631721712));
#11039=CARTESIAN_POINT('',(-15.8015990253428,-3.36406544011777,-10.6475695212535));
#11040=CARTESIAN_POINT('',(-15.79999961555,-5.47610312353458,-9.5054350096323));
#11041=CARTESIAN_POINT('Origin',(-17.19999961555,-5.47610312358827,-9.5054350096013));
#11042=CARTESIAN_POINT('',(-15.79999961555,-9.81940530878975,-6.99782832380331));
#11043=CARTESIAN_POINT('',(-15.79999961555,-3.39751611017053,-10.7055077813321));
#11044=CARTESIAN_POINT('Origin',(-17.19999961555,-9.81940530871623,-6.99782832384575));
#11045=CARTESIAN_POINT('',(-18.5985883927783,-5.50752537763567,-9.55985995022372));
#11046=CARTESIAN_POINT('Origin',(-17.19999961555,-5.47610312358827,-9.5054350096013));
#11047=CARTESIAN_POINT('',(-18.5985883917244,-6.80137765868002,-8.81285401455418));
#11048=CARTESIAN_POINT('',(-18.5985883944251,-3.42893834594728,-10.7599326901849));
#11049=CARTESIAN_POINT('Origin',(-17.19999961555,-6.80137765867979,-8.74028740001605));
#11050=CARTESIAN_POINT('Origin',(-17.2001878043243,-5.47407468931253,-9.50192165837591));
#11051=CARTESIAN_POINT('',(-18.7001878043243,-5.4740746892356,-9.50192165837566));
#11052=CARTESIAN_POINT('Origin',(-17.2001878043243,-5.47407468931253,-9.50192165837591));
#11053=CARTESIAN_POINT('Origin',(-17.2001878043243,-5.47407468931264,-9.50192165837591));
#11054=CARTESIAN_POINT('Origin',(-17.2001878045819,-10.4956445629455,-6.60271694007991));
#11055=CARTESIAN_POINT('Origin',(-17.2001878043924,-6.80137765867979,-8.73560293171604));
#11056=CARTESIAN_POINT('Origin',(-0.139960752370424,-12.6013747289138,21.0371087964975));
#11057=CARTESIAN_POINT('',(8.5770488150492,-12.801374728912,21.237108796496));
#11058=CARTESIAN_POINT('',(8.20105187394965,-12.4253776591182,20.8611117267016));
#11059=CARTESIAN_POINT('',(5.65754805083965,-9.88187296543121,18.3176070330103));
#11060=CARTESIAN_POINT('',(-8.17704881504318,-12.8013747289148,21.2371087964988));
#11061=CARTESIAN_POINT('',(-0.139960752370357,-12.8013747289134,21.2371087964975));
#11062=CARTESIAN_POINT('',(-7.79982000170525,-12.4241457864606,20.859879854044));
#11063=CARTESIAN_POINT('',(-5.24512532647779,-9.86945023682321,18.3051843044024));
#11064=CARTESIAN_POINT('',(-7.79982000949802,-12.4013747289154,20.8371087964988));
#11065=CARTESIAN_POINT('',(-7.79982110666332,-9.19537611670673,17.6311101842847));
#11066=CARTESIAN_POINT('',(8.20105188216525,-12.4013747289127,20.8371087964961));
#11067=CARTESIAN_POINT('',(-0.13996075237049,-12.4013747289141,20.8371087964975));
#11068=CARTESIAN_POINT('',(8.20105253043327,-10.5073761751944,18.9431102427746));
#11069=CARTESIAN_POINT('Origin',(0.200209345244856,0.985633643518858,20.8371087964973));
#11070=CARTESIAN_POINT('',(-7.79982179726721,-7.17737765869787,20.8371087965167));
#11071=CARTESIAN_POINT('',(-7.79982284265149,-4.12268552797427,20.8371087964987));
#11072=CARTESIAN_POINT('',(-8.17582214098018,-6.80137721579653,20.8371087964988));
#11073=CARTESIAN_POINT('',(-8.07105772407188,-6.9061418247019,20.8371087964988));
#11074=CARTESIAN_POINT('',(-8.25528091093893,-6.80137532516128,20.8371087964986));
#11075=CARTESIAN_POINT('',(0.192840290883595,-6.8013776586769,20.8371087964972));
#11076=CARTESIAN_POINT('',(-8.2552809109391,-5.80137580447727,20.8371087964986));
#11077=CARTESIAN_POINT('',(-8.25528091093971,-2.12268363300397,20.8371087964985));
#11078=CARTESIAN_POINT('',(-7.83672692236294,-4.40137580447719,20.8371087964985));
#11079=CARTESIAN_POINT('',(-6.45150144518965,0.231994611224443,20.8371087964982));
#11080=CARTESIAN_POINT('',(-6.02461732503612,-4.40137580447689,20.8371087964982));
#11081=CARTESIAN_POINT('',(-3.81784142534393,-4.40137580447653,20.8371087964978));
#11082=CARTESIAN_POINT('',(-2.42686599403101,-0.897371377387611,20.8371087964976));
#11083=CARTESIAN_POINT('Origin',(-2.42686599403041,-4.49637677102042,20.8371087964966));
#11084=CARTESIAN_POINT('',(-1.69978594736505,-0.897371377387487,20.8371087964974));
#11085=CARTESIAN_POINT('',(0.200415002169378,-0.897371377387167,20.8371087964971));
#11086=CARTESIAN_POINT('',(-1.69978594741085,-1.8829677480852,20.8371087965034));
#11087=CARTESIAN_POINT('',(-1.69978594730613,0.220732511266305,20.8371087964974));
#11088=CARTESIAN_POINT('',(-2.47464847282396,-6.80137765867734,20.8371087964976));
#11089=CARTESIAN_POINT('Origin',(0.200214067340047,-4.70254217411946,20.8371087964971));
#11090=CARTESIAN_POINT('',(-1.94335711037749,-6.80137765867732,20.8371087964977));
#11091=CARTESIAN_POINT('',(0.192840290883596,-6.80137765867685,20.8371087964974));
#11092=CARTESIAN_POINT('',(2.34378524505828,-6.80137765867661,20.837108796497));
#11093=CARTESIAN_POINT('Origin',(0.200214067340043,-4.70254402876315,20.8371087964978));
#11094=CARTESIAN_POINT('',(2.87507660750475,-6.80137765867645,20.8371087964967));
#11095=CARTESIAN_POINT('',(0.192840290883596,-6.80137765867685,20.8371087964974));
#11096=CARTESIAN_POINT('',(2.09941034369425,-1.88242630702235,20.8371087964988));
#11097=CARTESIAN_POINT('Origin',(0.200214067340047,-4.70254217411946,20.8371087964971));
#11098=CARTESIAN_POINT('',(2.09941034369579,-0.897371377386865,20.8371087964968));
#11099=CARTESIAN_POINT('',(2.09941034369561,0.220732511166527,20.8371087964968));
#11100=CARTESIAN_POINT('',(2.82686599403297,-0.897371377386741,20.8371087964967));
#11101=CARTESIAN_POINT('',(0.200415002169378,-0.897371377387167,20.8371087964971));
#11102=CARTESIAN_POINT('',(6.42461732503924,-4.40137580447483,20.8371087964961));
#11103=CARTESIAN_POINT('Origin',(2.82686599403357,-4.49637677101944,20.8371087964967));
#11104=CARTESIAN_POINT('',(8.23672692236606,-4.40137580447453,20.8371087964958));
#11105=CARTESIAN_POINT('',(-3.81784142534393,-4.40137580447653,20.8371087964978));
#11106=CARTESIAN_POINT('',(8.6552809109427,-5.80137580447446,20.8371087964957));
#11107=CARTESIAN_POINT('',(6.85155198146968,0.231825574992942,20.837108796496));
#11108=CARTESIAN_POINT('',(8.65528091094286,-6.80137532515851,20.8371087964957));
#11109=CARTESIAN_POINT('',(8.65528091094209,-2.12268363300116,20.8371087964957));
#11110=CARTESIAN_POINT('',(8.57705401404093,-6.80137721603178,20.837108796496));
#11111=CARTESIAN_POINT('',(0.192840290883595,-6.8013776586769,20.8371087964972));
#11112=CARTESIAN_POINT('',(8.20105367020881,-7.17737765911812,20.837108796496));
#11113=CARTESIAN_POINT('',(8.47228959716839,-6.90614182499568,20.837108796496));
#11114=CARTESIAN_POINT('',(8.20105471575354,-4.12268552839443,20.837108796496));
#11115=CARTESIAN_POINT('Origin',(7.96282452081973,-12.6013747289144,-1.26533769911814));
#11116=CARTESIAN_POINT('',(-8.1758166988323,-12.8013747289167,-1.46533769911545));
#11117=CARTESIAN_POINT('',(-7.79981976368347,-12.4253776586981,-1.08934062889642));
#11118=CARTESIAN_POINT('',(-4.13562442674134,-8.76118100546337,2.5748560243426));
#11119=CARTESIAN_POINT('',(8.57704857099538,-12.801374728914,-1.46533769911824));
#11120=CARTESIAN_POINT('',(7.96282452081973,-12.8013747289141,-1.46533769911814));
#11121=CARTESIAN_POINT('',(8.20105163631003,-12.4253776591184,-1.08934062932195));
#11122=CARTESIAN_POINT('',(7.12425792140221,-11.3485835572769,-0.012546527478516));
#11123=CARTESIAN_POINT('',(8.20105164493521,-12.4013747289146,-1.06533769911818));
#11124=CARTESIAN_POINT('',(8.20105211889155,-11.0824068535541,0.253630176244291));
#11125=CARTESIAN_POINT('',(-7.79981977230733,-12.4013747289172,-1.06533769911551));
#11126=CARTESIAN_POINT('',(7.96282452081973,-12.4013747289147,-1.06533769911814));
#11127=CARTESIAN_POINT('',(-7.79982024619041,-11.0824082478603,0.253628781943415));
#11128=CARTESIAN_POINT('Origin',(16.4057798916302,-6.80137580447321,-1.06533769911958));
#11129=CARTESIAN_POINT('',(8.20105329646958,-7.17737779562739,-1.06533769911821));
#11130=CARTESIAN_POINT('',(8.20105253484943,-9.80137696720555,-1.06533769911819));
#11131=CARTESIAN_POINT('',(8.20105342516503,-6.80137765867551,-1.06533769911821));
#11132=CARTESIAN_POINT('',(8.20105194927504,-11.113378295632,-1.06533769911819));
#11133=CARTESIAN_POINT('',(8.57705637451277,-6.80137484628057,-1.06533769911828));
#11134=CARTESIAN_POINT('',(8.2961393292096,-6.80137484628061,-1.06533769911823));
#11135=CARTESIAN_POINT('',(13.0424405502022,-6.80137484627982,-1.06533769911902));
#11136=CARTESIAN_POINT('',(8.29562556407381,-6.80137765867555,-1.06533769911823));
#11137=CARTESIAN_POINT('',(13.0424405502022,-6.75175452783594,-1.06533769911902));
#11138=CARTESIAN_POINT('',(13.042440550202,-5.55137580447382,-1.06533769911903));
#11139=CARTESIAN_POINT('',(12.6424457040478,-6.30137580447394,-1.06533769911894));
#11140=CARTESIAN_POINT('Origin',(13.3495532636027,-6.30137580447383,-1.06533769911907));
#11141=CARTESIAN_POINT('',(12.6424457040471,-2.20146130286563,-1.06533769911896));
#11142=CARTESIAN_POINT('',(12.6424457040477,-6.13825085561964,-1.06533769911894));
#11143=CARTESIAN_POINT('',(4.85353637818651,-2.20146130286692,-1.06533769911764));
#11144=CARTESIAN_POINT('',(11.0690515364279,-2.20146130286589,-1.06533769911869));
#11145=CARTESIAN_POINT('',(3.80818581747934,3.02529150066429,-1.0653376991175));
#11146=CARTESIAN_POINT('',(5.21709744227459,-4.01926662330578,-1.06533769911771));
#11147=CARTESIAN_POINT('',(3.23381551749053,3.4961625142006,-1.06533769911741));
#11148=CARTESIAN_POINT('',(10.1455506186314,-2.17010489626944,-1.06533769911855));
#11149=CARTESIAN_POINT('',(-2.8325836440461,3.49616251435999,-1.06533769910938));
#11150=CARTESIAN_POINT('',(-7.90176510587811,3.49616251462707,-1.06533769909654));
#11151=CARTESIAN_POINT('',(-3.40695394405963,3.02529150085381,-1.0653376991083));
#11152=CARTESIAN_POINT('',(-9.74431874548458,-2.17010489574714,-1.06533769909221));
#11153=CARTESIAN_POINT('',(-4.45230450504133,-2.20146130262258,-1.06533769910508));
#11154=CARTESIAN_POINT('',(-4.81586556922488,-4.01926662304233,-1.06533769910501));
#11155=CARTESIAN_POINT('',(-12.2412138309018,-2.20146130221217,-1.06533769908578));
#11156=CARTESIAN_POINT('',(-10.6678196632826,-2.20146130229499,-1.06533769909004));
#11157=CARTESIAN_POINT('',(-12.2412138311179,-6.30137580382047,-1.06533769908576));
#11158=CARTESIAN_POINT('',(-12.2412138311093,-6.13825085496617,-1.06533769908576));
#11159=CARTESIAN_POINT('',(-12.641208677296,-6.75175452715129,-1.06533769911474));
#11160=CARTESIAN_POINT('Origin',(-12.9483213907033,-6.30137580378319,-1.06533769911469));
#11161=CARTESIAN_POINT('',(-12.6412086772987,-6.8013748462841,-1.06533769911474));
#11162=CARTESIAN_POINT('',(-12.6412086772328,-5.55137580337105,-1.06533769911475));
#11163=CARTESIAN_POINT('',(-8.17582450114798,-6.80137484628335,-1.06533769911549));
#11164=CARTESIAN_POINT('',(8.29562556407381,-6.80137765867555,-1.06533769911823));
#11165=CARTESIAN_POINT('',(-7.79982155226146,-6.80137765867817,-1.06533769911555));
#11166=CARTESIAN_POINT('',(8.2961393292096,-6.80137484628061,-1.06533769911823));
#11167=CARTESIAN_POINT('',(-7.79982142358576,-7.17737779518869,-1.06533769911555));
#11168=CARTESIAN_POINT('',(-7.79982103892753,-8.30137829520186,-1.06533769911554));
#11169=CARTESIAN_POINT('',(-7.79982066208499,-9.80137696678534,-1.06533769911553));
#11170=CARTESIAN_POINT('',(-2.85059050859091,0.0964510619709913,-1.06533769911736));
#11171=CARTESIAN_POINT('Origin',(0.199409491409084,0.0964510619715953,-1.06533769911787));
#11172=CARTESIAN_POINT('Origin',(8.20105150020913,-12.4253776591184,-9.06533769911796));
#11173=CARTESIAN_POINT('',(8.2010533050002,-7.17737765911828,-8.56533770577576));
#11174=CARTESIAN_POINT('',(8.20105343581954,-7.17737765911824,-0.898859413554991));
#11175=CARTESIAN_POINT('',(8.20105342615687,-6.80137765867556,-9.00713418061469));
#11176=CARTESIAN_POINT('Origin',(8.20105354702521,-6.47027075691916,-8.565337699118));
#11177=CARTESIAN_POINT('',(8.20105342516371,-6.80137765867556,-9.00001697142684));
#11178=CARTESIAN_POINT('',(8.2010534251637,-6.80137765867556,-9.065337699118));
#11179=CARTESIAN_POINT('',(8.20105342516476,-6.80137484628063,-8.47783939338358));
#11180=CARTESIAN_POINT('Origin',(-7.79982155226279,-6.80137765867822,-9.06533769911533));
#11181=CARTESIAN_POINT('',(-7.79982143211772,-7.17737765869805,-8.56533770575483));
#11182=CARTESIAN_POINT('',(-7.79982155325581,-6.80137765867822,-9.00713418043485));
#11183=CARTESIAN_POINT('Origin',(-7.7998216741056,-6.47027075649899,-8.56533769909662));
#11184=CARTESIAN_POINT('',(-7.79982156291683,-7.17737765869799,-0.898859413534279));
#11185=CARTESIAN_POINT('',(-7.79982155226278,-6.80137765867822,-9.00001697140548));
#11186=CARTESIAN_POINT('',(-7.79982155226366,-6.80137484628329,-8.47783939338093));
#11187=CARTESIAN_POINT('',(-7.79982155226279,-6.80137765867822,-9.06533769911533));
#11188=CARTESIAN_POINT('Origin',(0.186498766787828,-6.80137484628196,-7.89034108764786));
#11189=CARTESIAN_POINT('',(-8.17582156222119,-6.80137765808688,-8.56533770110666));
#11190=CARTESIAN_POINT('',(-8.17582164195481,-6.80137765867828,-3.80825299478623));
#11191=CARTESIAN_POINT('',(-7.81815592464427,-6.80137580405353,-9.00001697140642));
#11192=CARTESIAN_POINT('Origin',(-7.46871465863162,-6.80137765867817,-8.56533769909743));
#11193=CARTESIAN_POINT('',(-2.56503692953775,-6.80137580433031,-9.00001697141939));
#11194=CARTESIAN_POINT('Origin',(0.186498766787828,-6.80137484628196,-7.89034108764786));
#11195=CARTESIAN_POINT('',(8.21938779754695,-6.80137580447473,-9.00001697142718));
#11196=CARTESIAN_POINT('',(2.9662688024204,-6.80137580447559,-9.0000169714263));
#11197=CARTESIAN_POINT('',(8.57705343512407,-6.80137765852654,-8.56533770112893));
#11198=CARTESIAN_POINT('Origin',(7.86994653193918,-6.80137765867562,-8.56533769911795));
#11199=CARTESIAN_POINT('',(8.57705351486958,-6.80137765911821,-3.80825299480904));
#11200=CARTESIAN_POINT('Origin',(8.20105258733619,-9.80137500226531,2.01053416128204));
#11201=CARTESIAN_POINT('',(8.2010518739483,-12.4253776591183,12.8371087964961));
#11202=CARTESIAN_POINT('',(8.20105172185436,-12.4253776591183,3.92386185134416));
#11203=CARTESIAN_POINT('',(8.20105367020747,-7.17737765911817,12.837108796496));
#11204=CARTESIAN_POINT('',(8.2010547157522,-4.12268552839448,12.837108796496));
#11205=CARTESIAN_POINT('',(8.20105343581954,-7.17737765911824,-0.898859413554991));
#11206=CARTESIAN_POINT('Origin',(8.37705169426262,-12.6013776591183,5.83718953840302));
#11207=CARTESIAN_POINT('',(8.57704881504845,-12.8013747289127,12.837108796496));
#11208=CARTESIAN_POINT('',(8.57704848951173,-12.8013747289143,-6.2405911950307));
#11209=CARTESIAN_POINT('',(2.93608904075354,-7.16041302385902,12.8371087964969));
#11210=CARTESIAN_POINT('Origin',(-7.97581982162703,-12.6013776586888,5.83718953842478));
#11211=CARTESIAN_POINT('',(-7.79982000164488,-12.4243261898985,12.8371087964988));
#11212=CARTESIAN_POINT('',(-7.79981984921458,-12.4253776586981,3.92386185136565));
#11213=CARTESIAN_POINT('',(-8.1768684124108,-12.8013747294695,12.8371087964988));
#11214=CARTESIAN_POINT('',(-2.39328946018412,-7.017613394415,12.8371087964978));
#11215=CARTESIAN_POINT('',(-8.17581661736126,-12.8013747289171,-6.24059118339336));
#11216=CARTESIAN_POINT('Origin',(0.18547123651726,-6.8013776586769,-1.81931579822497));
#11217=CARTESIAN_POINT('',(-27.300214437298,-6.80137579981923,25.9988454857968));
#11218=CARTESIAN_POINT('',(-27.3002144439097,-6.80137717869407,-24.0196984291464));
#11219=CARTESIAN_POINT('',(-27.3002145364757,-6.80137765767023,17.084673691606));
#11220=CARTESIAN_POINT('',(-27.3002143877137,-6.80137765868142,26.0152909622762));
#11221=CARTESIAN_POINT('Origin',(-13.300214387711,-6.80137580447799,25.9988454857984));
#11222=CARTESIAN_POINT('',(-27.3002014699627,-6.80137580404286,26.017863813462));
#11223=CARTESIAN_POINT('Origin',(-13.300214387711,-6.80137580447799,25.9988454857984));
#11224=CARTESIAN_POINT('',(-27.1986553845584,-6.80137532516503,27.6152909622758));
#11225=CARTESIAN_POINT('Origin',(-13.3002141280194,-6.80137580447799,25.9298464295244));
#11226=CARTESIAN_POINT('',(-25.6760094696805,-6.80137484546761,27.6152909623057));
#11227=CARTESIAN_POINT('',(-0.0478640403980363,-6.80137484628202,27.6152909622804));
#11228=CARTESIAN_POINT('',(-25.6760094696797,-6.8013748454675,32.4750499910145));
#11229=CARTESIAN_POINT('',(-25.6760094696855,-6.80137484628628,-2.60392135340466));
#11230=CARTESIAN_POINT('',(-24.4069386151624,-6.80137484546727,34.4527961047661));
#11231=CARTESIAN_POINT('Origin',(-13.3002141280196,-6.80137484628395,25.9298464295244));
#11232=CARTESIAN_POINT('',(-23.3536252036478,-6.80137484628557,29.8950020171261));
#11233=CARTESIAN_POINT('',(-16.9845346713997,-6.80137484628482,2.33530055109719));
#11234=CARTESIAN_POINT('',(-23.3536233691041,-6.80137765868082,27.6152457452507));
#11235=CARTESIAN_POINT('',(-23.3536233691049,-6.80137765868082,32.6152457452507));
#11236=CARTESIAN_POINT('',(-22.8267698611971,-6.80137580447975,27.6152454521669));
#11237=CARTESIAN_POINT('',(12.9113293719763,-6.80137765867479,27.6152454521728));
#11238=CARTESIAN_POINT('',(-22.0374970366448,-6.8013758039806,24.1999817941454));
#11239=CARTESIAN_POINT('',(-18.122112120938,-6.80137580447909,7.25771368763925));
#11240=CARTESIAN_POINT('',(-8.25528091093955,-6.80137580399578,24.1999817941005));
#11241=CARTESIAN_POINT('',(-0.807371401895899,-6.80137765867707,24.1999799387386));
#11242=CARTESIAN_POINT('',(-8.25528091093686,-6.8013776586783,9.60588993403552));
#11243=CARTESIAN_POINT('',(-8.17582214098152,-6.80137721579658,12.8371087964988));
#11244=CARTESIAN_POINT('',(-8.17582214098152,-6.80137721579658,12.8371087964988));
#11245=CARTESIAN_POINT('',(-8.17582164195481,-6.80137765867828,-3.80825299478623));
#11246=CARTESIAN_POINT('',(-12.6412086773025,-6.8013748462841,-2.62150505418574));
#11247=CARTESIAN_POINT('',(-12.641208677312,-6.80137765867903,-6.46832559728149));
#11248=CARTESIAN_POINT('',(-21.1419398609164,-6.80137484628551,-2.62150505371543));
#11249=CARTESIAN_POINT('',(-8.72813423012013,-6.80137765867838,-2.62150224200729));
#11250=CARTESIAN_POINT('',(-21.1419398609463,-6.80137484628551,-14.7153263084585));
#11251=CARTESIAN_POINT('',(-21.1419398609044,-6.80137765868044,2.2198037512797));
#11252=CARTESIAN_POINT('',(-12.1412086773324,-6.80136667850088,-14.71532630846));
#11253=CARTESIAN_POINT('',(0.185471236515109,-6.80137765867689,-14.7153263084621));
#11254=CARTESIAN_POINT('',(-12.1412086773183,-6.80137076264864,-9.00001697139632));
#11255=CARTESIAN_POINT('',(-12.1412086772458,-6.80137765867895,9.65465219270523));
#11256=CARTESIAN_POINT('',(-2.57281024109298,-6.80137765867735,-9.00001697141839));
#11257=CARTESIAN_POINT('Origin',(-7.46871465863162,-6.80137765867817,-8.56533769909743));
#11258=CARTESIAN_POINT('',(-6.39209174937303,-6.80137582329297,-9.00001711597343));
#11259=CARTESIAN_POINT('',(-2.56503692953775,-6.80137580433031,-9.00001697141939));
#11260=CARTESIAN_POINT('',(-5.98416967225187,-6.80137532613252,-9.40001821756803));
#11261=CARTESIAN_POINT('',(-6.206155638907,-6.80137765867796,-9.18234348934756));
#11262=CARTESIAN_POINT('',(6.38540154511175,-6.80137532629485,-9.40001821758339));
#11263=CARTESIAN_POINT('',(2.9588972088708,-6.80137765867643,-9.40001820128731));
#11264=CARTESIAN_POINT('',(6.79332362223326,-6.80137582362414,-9.00001711599812));
#11265=CARTESIAN_POINT('',(6.65148417313734,-6.80137580447499,-9.13910279167895));
#11266=CARTESIAN_POINT('',(2.9662688024204,-6.80137580447559,-9.0000169714263));
#11267=CARTESIAN_POINT('Origin',(7.86994653193918,-6.80137765867562,-8.56533769911795));
#11268=CARTESIAN_POINT('',(12.5424405502009,-6.80137076297071,-9.00001697142911));
#11269=CARTESIAN_POINT('',(2.9588974140421,-6.80137765867643,-9.00001697142597));
#11270=CARTESIAN_POINT('',(12.5424405502,-6.8013666791492,-14.7153263084641));
#11271=CARTESIAN_POINT('',(12.542440550204,-6.80137765867484,9.65465219267208));
#11272=CARTESIAN_POINT('',(21.5431717338138,-6.80137484627841,-14.7153263084656));
#11273=CARTESIAN_POINT('',(0.185471236515109,-6.80137765867689,-14.7153263084621));
#11274=CARTESIAN_POINT('',(21.5431717338159,-6.80137484627841,-2.62150505489979));
#11275=CARTESIAN_POINT('',(21.5431717338167,-6.80137765867335,2.21980375122348));
#11276=CARTESIAN_POINT('',(13.042440550202,-6.80137484627982,-2.62150505489837));
#11277=CARTESIAN_POINT('',(9.11422140324895,-6.80137765867541,-2.62150224250278));
#11278=CARTESIAN_POINT('',(13.0424405502013,-6.80137765867476,-6.46832559731558));
#11279=CARTESIAN_POINT('',(8.57705401403959,-6.80137721603183,12.837108796496));
#11280=CARTESIAN_POINT('',(8.57705351486958,-6.80137765911821,-3.80825299480904));
#11281=CARTESIAN_POINT('',(8.57705401403959,-6.80137721603183,12.837108796496));
#11282=CARTESIAN_POINT('',(8.65528091094349,-6.80137580399307,24.1999817941001));
#11283=CARTESIAN_POINT('',(8.65528091094076,-6.80137765867549,9.60588993403508));
#11284=CARTESIAN_POINT('',(22.4374970366486,-6.80137580397342,24.1999817941452));
#11285=CARTESIAN_POINT('',(2.20021404030876,-6.80137580447554,24.1999817929388));
#11286=CARTESIAN_POINT('',(23.2267698611871,-6.80137765867307,27.6152454521067));
#11287=CARTESIAN_POINT('',(18.5006472069782,-6.80137765867385,7.16483282531857));
#11288=CARTESIAN_POINT('',(23.7548552430539,-6.80137765867298,27.6152457451893));
#11289=CARTESIAN_POINT('',(-12.5252421989704,-6.80137765867902,27.6152454522068));
#11290=CARTESIAN_POINT('',(23.7548570775339,-6.80137484625503,29.9003324603513));
#11291=CARTESIAN_POINT('',(23.7548570776121,-6.80137484627807,32.6152457451893));
#11292=CARTESIAN_POINT('',(24.8069386151665,-6.80137484545908,34.4527961047662));
#11293=CARTESIAN_POINT('',(17.4101122039503,-6.8013748462791,2.44597713163187));
#11294=CARTESIAN_POINT('',(26.0772413426365,-6.80137484545889,32.4727202116427));
#11295=CARTESIAN_POINT('Origin',(13.7002141280235,-6.80137484627944,25.9298464295248));
#11296=CARTESIAN_POINT('',(26.0772413428182,-6.80137484545898,27.6152909623052));
#11297=CARTESIAN_POINT('',(26.0772413427436,-6.80137484627766,-2.60392135347154));
#11298=CARTESIAN_POINT('',(27.5986553845625,-6.8013753251559,27.6152909622755));
#11299=CARTESIAN_POINT('',(0.952350375292783,-6.80137484628184,27.61529096228));
#11300=CARTESIAN_POINT('',(27.6732120704452,-6.8013753251559,26.8031855020177));
#11301=CARTESIAN_POINT('Origin',(13.7002141280235,-6.80137580447352,25.9298464295239));
#11302=CARTESIAN_POINT('',(27.673212070445,-6.80137670010327,-23.221538960456));
#11303=CARTESIAN_POINT('',(27.673212070445,-6.80137765867233,19.6152909622758));
#11304=CARTESIAN_POINT('',(24.1874724259948,-6.80137670010382,-31.6777420444572));
#11305=CARTESIAN_POINT('Origin',(15.673212070445,-6.80137670092559,-23.2215389604561));
#11306=CARTESIAN_POINT('',(24.187472425701,-6.80137670092156,-32.6631628163275));
#11307=CARTESIAN_POINT('',(24.1874724260791,-6.80137670092169,-25.7793815810617));
#11308=CARTESIAN_POINT('',(26.5671048722416,-6.80137670035435,-33.3007834085089));
#11309=CARTESIAN_POINT('',(10.8245641818215,-6.80137670092392,-29.0825823441338));
#11310=CARTESIAN_POINT('',(26.5671050074113,-6.80137711029621,-35.5687420444507));
#11311=CARTESIAN_POINT('',(26.5671048736201,-6.80137670092131,-18.4502157323581));
#11312=CARTESIAN_POINT('',(18.0991758052124,-6.80137765847387,-35.5687420450238));
#11313=CARTESIAN_POINT('',(0.200107006319172,-6.80137765911978,-35.5687420440654));
#11314=CARTESIAN_POINT('',(16.4169277030024,-6.8013776588792,-32.6627420459041));
#11315=CARTESIAN_POINT('',(6.779374028483,-6.80137765911857,-16.0143469807297));
#11316=CARTESIAN_POINT('',(16.4169277030171,-6.80137765887958,-31.6777420459056));
#11317=CARTESIAN_POINT('',(16.41692770229,-6.80137765911837,-31.6777420442983));
#11318=CARTESIAN_POINT('',(11.228695206687,-6.80137670092387,-22.7153263084637));
#11319=CARTESIAN_POINT('',(7.0687937003905,-6.80137670092455,-15.5293031695539));
#11320=CARTESIAN_POINT('',(-10.8274633331535,-6.80137670092654,-22.7153263084468));
#11321=CARTESIAN_POINT('',(8.70235004092383,-6.80137670092428,-22.7153263084633));
#11322=CARTESIAN_POINT('',(-16.0156958299052,-6.80137765803201,-31.6777420454232));
#11323=CARTESIAN_POINT('',(-6.37814215561193,-6.80137765877305,-15.0293469807125));
#11324=CARTESIAN_POINT('',(-16.0156958299195,-6.80137765803178,-32.6627420454218));
#11325=CARTESIAN_POINT('',(-16.0156958291601,-6.80137765826663,-31.6777420437557));
#11326=CARTESIAN_POINT('',(-17.6979439324051,-6.80137765753443,-35.568742044976));
#11327=CARTESIAN_POINT('',(-6.37814215562631,-6.80137765877305,-16.0143469807125));
#11328=CARTESIAN_POINT('',(-26.165873135801,-6.80137710970783,-35.5687420443812));
#11329=CARTESIAN_POINT('',(0.201124866486004,-6.80137765911978,-35.5687420440655));
#11330=CARTESIAN_POINT('',(-26.1658730008238,-6.80137670036304,-33.3007834088127));
#11331=CARTESIAN_POINT('',(-26.1658730021633,-6.80137670093007,-18.450215732288));
#11332=CARTESIAN_POINT('',(-23.8291852344797,-6.80137670011007,-32.6746698090824));
#11333=CARTESIAN_POINT('',(-9.95321482712053,-6.80137670092737,-28.9566147444898));
#11334=CARTESIAN_POINT('',(-23.8410482858172,-6.80137670011009,-32.6627420437542));
#11335=CARTESIAN_POINT('Origin',(-15.3267879295696,-6.80137670092556,-24.2065389604561));
#11336=CARTESIAN_POINT('',(-23.8410482858026,-6.80137670011007,-31.6777420437549));
#11337=CARTESIAN_POINT('',(-23.8410482857149,-6.80137670092968,-25.7793815803601));
#11338=CARTESIAN_POINT('Origin',(-15.3267879295552,-6.80137670092558,-23.2215389604561));
#11339=CARTESIAN_POINT('',(-23.8629807953242,-6.80137670092977,-27.9149285442844));
#11340=CARTESIAN_POINT('Origin',(-20.7129807953242,-6.80137670092925,-27.9149285442838));
#11341=CARTESIAN_POINT('',(24.2629807953255,-6.8013767009217,-27.9149285442844));
#11342=CARTESIAN_POINT('Origin',(21.1129807953255,-6.80137670092224,-27.9149285442839));
#11343=CARTESIAN_POINT('',(-5.17613226685797,-6.80137670092666,-17.8810212365287));
#11344=CARTESIAN_POINT('',(-5.176132266858,-6.80137670092659,-21.8810209981098));
#11345=CARTESIAN_POINT('',(-5.176132266858,-6.80137670092659,-20.8810210577154));
#11346=CARTESIAN_POINT('',(-4.27628714356698,-6.80137670092645,-21.8810209981099));
#11347=CARTESIAN_POINT('',(-1.78590040433783,-6.80137670092602,-21.8810209981099));
#11348=CARTESIAN_POINT('',(-4.27628714356696,-6.80137670092641,-18.8240103474749));
#11349=CARTESIAN_POINT('',(-4.27628714356697,-6.80137670092643,-19.3525157323979));
#11350=CARTESIAN_POINT('',(-3.18537718568122,-6.80137670092625,-19.4280161610741));
#11351=CARTESIAN_POINT('',(-1.6007946845605,-6.80137670092599,-20.3053544197312));
#11352=CARTESIAN_POINT('',(-3.18537718568121,-6.80137670092632,-18.6699270955221));
#11353=CARTESIAN_POINT('',(-3.18537718568122,-6.80137670092623,-19.2754741064211));
#11354=CARTESIAN_POINT('',(-4.44886023316656,-6.80137670092654,-17.8810212365289));
#11355=CARTESIAN_POINT('',(-2.14570947796789,-6.80137670092607,-19.3190849513822));
#11356=CARTESIAN_POINT('',(-2.23582296598331,-6.80137670092616,-17.8810212365282));
#11357=CARTESIAN_POINT('',(-2.3533287695439,-6.80137670092611,-21.0304817906514));
#11358=CARTESIAN_POINT('',(-2.35332876954391,-6.80137670092613,-21.8810209981099));
#11359=CARTESIAN_POINT('',(-2.3533287695439,-6.80137670092611,-20.8810210577155));
#11360=CARTESIAN_POINT('',(-1.39184958253219,-6.80137670092597,-21.88102099811));
#11361=CARTESIAN_POINT('',(-0.343681623820443,-6.80137670092579,-21.88102099811));
#11362=CARTESIAN_POINT('',(-1.39184958253219,-6.80137670092595,-21.0304817906515));
#11363=CARTESIAN_POINT('',(-1.39184958253218,-6.80137670092595,-20.4557514539863));
#11364=CARTESIAN_POINT('',(-0.824421217326291,-6.80137670092586,-21.0304817906515));
#11365=CARTESIAN_POINT('',(1.96716492857623,-6.80137670092538,-19.4280161610739));
#11366=CARTESIAN_POINT('',(1.96716492857624,-6.80137670092538,-18.6699270955219));
#11367=CARTESIAN_POINT('',(1.96716492857616,-6.80137670092538,-19.2754741064219));
#11368=CARTESIAN_POINT('',(0.703681881090888,-6.80137670092568,-17.8810212365287));
#11369=CARTESIAN_POINT('',(1.15321693291444,-6.80137670092561,-18.1617063133188));
#11370=CARTESIAN_POINT('',(-0.0235901526005199,-6.80137670092579,-17.8810212365286));
#11371=CARTESIAN_POINT('',(0.340448091145412,-6.80137670092574,-17.8810212365287));
#11372=CARTESIAN_POINT('',(-0.0235901526005541,-6.80137670092574,-21.88102099811));
#11373=CARTESIAN_POINT('',(-0.0235901526005455,-6.80137670092572,-20.8810210577155));
#11374=CARTESIAN_POINT('',(0.876254970690462,-6.80137670092558,-21.8810209981099));
#11375=CARTESIAN_POINT('',(0.790370652790885,-6.80137670092559,-21.8810209981099));
#11376=CARTESIAN_POINT('',(0.876254970690489,-6.80137670092556,-18.8240103474747));
#11377=CARTESIAN_POINT('',(0.876254970690484,-6.80137670092558,-19.3525157323977));
#11378=CARTESIAN_POINT('',(1.57993866956154,-6.80137670092545,-19.2136199958059));
#11379=CARTESIAN_POINT('',(2.49104779448237,-6.80137670092538,-17.881021236528));
#11380=CARTESIAN_POINT('',(3.97024625029295,-6.80137670092508,-21.8810209981099));
#11381=CARTESIAN_POINT('',(3.44849747902521,-6.80137670092515,-20.4701251494305));
#11382=CARTESIAN_POINT('',(5.14744179930411,-6.80137670092488,-21.88102099811));
#11383=CARTESIAN_POINT('',(2.92596406709771,-6.80137670092524,-21.8810209981099));
#11384=CARTESIAN_POINT('',(6.58349745955195,-6.80137670092471,-17.8810212365287));
#11385=CARTESIAN_POINT('',(5.929856194344,-6.80137670092474,-19.7016783164496));
#11386=CARTESIAN_POINT('',(5.60969155516352,-6.80137670092487,-17.8810212365286));
#11387=CARTESIAN_POINT('',(3.15708894502743,-6.80137670092527,-17.8810212365281));
#11388=CARTESIAN_POINT('',(4.53727238859855,-6.80137670092497,-21.0797881833211));
#11389=CARTESIAN_POINT('',(4.52428067932966,-6.80137670092497,-21.1185393092683));
#11390=CARTESIAN_POINT('',(4.51261895384513,-6.80137670092497,-21.0797881833212));
#11391=CARTESIAN_POINT('',(2.60855264436822,-6.80137670092529,-21.0797881833211));
#11392=CARTESIAN_POINT('',(3.44020026411738,-6.80137670092522,-17.8810212365282));
#11393=CARTESIAN_POINT('',(3.60337356313773,-6.80137670092511,-18.3677279309432));
#11394=CARTESIAN_POINT('',(1.59776706468686,-6.80137670092552,-17.8810212365289));
#11395=CARTESIAN_POINT('Origin',(-13.3002143877101,-12.801375804478,25.9988454857985));
#11396=CARTESIAN_POINT('',(-27.3002014699625,-8.37444292926599,26.0178638134618));
#11397=CARTESIAN_POINT('',(-27.3002143877134,-8.3744447839097,26.0152909622762));
#11398=CARTESIAN_POINT('Origin',(-13.3002143877108,-8.37444292926379,25.9988454857984));
#11399=CARTESIAN_POINT('',(-27.3002014699609,-17.8013751259364,26.0178638134619));
#11400=CARTESIAN_POINT('',(-27.3002137191533,-8.37444292902131,25.9988454857968));
#11401=CARTESIAN_POINT('',(-27.30021438771,-12.8013758044804,25.9988454857968));
#11402=CARTESIAN_POINT('Origin',(-13.3002143877108,-8.37444292926379,25.9988454857984));
#11403=CARTESIAN_POINT('Origin',(-27.3002143877112,-12.801377659124,17.084673691533));
#11404=CARTESIAN_POINT('',(-27.3002143876999,-12.8013747289203,-24.0196986258454));
#11405=CARTESIAN_POINT('',(-27.3002143876977,-52.8062790259292,-24.0196986258458));
#11406=CARTESIAN_POINT('',(-27.3002144619832,-12.8013747289292,-16.071149248395));
#11407=CARTESIAN_POINT('',(-27.3002143877083,-12.8013747289198,-0.616849039486933));
#11408=CARTESIAN_POINT('',(-27.3002134598059,-8.37444505011437,-16.071149248393));
#11409=CARTESIAN_POINT('',(-27.3002145368738,-12.8013775977151,-16.071149248395));
#11410=CARTESIAN_POINT('',(-27.3002123820061,-8.37444478390955,31.930110449766));
#11411=CARTESIAN_POINT('Origin',(-27.2989803603896,-8.37444478391012,-16.071149248393));
#11412=CARTESIAN_POINT('',(-27.2989816127949,-8.37444509353496,-16.0711490644509));
#11413=CARTESIAN_POINT('',(-27.2989825149054,-8.37444531656072,-16.071149248392));
#11414=CARTESIAN_POINT('',(-27.2989803603186,-8.37444292926619,20.8371087965017));
#11415=CARTESIAN_POINT('',(-27.2989803603043,-8.37444478390987,19.6152909622762));
#11416=CARTESIAN_POINT('',(-27.2989803603058,-8.3744429292661,26.1346307263838));
#11417=CARTESIAN_POINT('',(-27.2989803602726,-8.37444292926602,39.9301104497658));
#11418=CARTESIAN_POINT('Origin',(-13.3002141280192,-8.37444292926368,25.9298464295244));
#11419=CARTESIAN_POINT('Origin',(27.1002143929019,-10.8013756845605,-7.67114924846736));
#11420=CARTESIAN_POINT('',(26.0772413425441,-8.52025366300481,24.4727202117574));
#11421=CARTESIAN_POINT('',(26.0772413427293,-8.52025180835124,20.8371087964929));
#11422=CARTESIAN_POINT('',(26.0772413426393,-8.52025366303275,-15.671149248467));
#11423=CARTESIAN_POINT('',(27.673212070451,-8.36792676142078,20.8371087964926));
#11424=CARTESIAN_POINT('Origin',(27.1002143929066,-10.8013756845603,20.8371087964927));
#11425=CARTESIAN_POINT('',(27.6732120704463,-8.36792676141928,26.8031855019945));
#11426=CARTESIAN_POINT('',(27.6732120704463,-8.36792676142099,-7.67114924846747));
#11427=CARTESIAN_POINT('',(27.5986553758882,-8.35156822469112,27.6152911079697));
#11428=CARTESIAN_POINT('Ctrl Pts',(27.6732120704463,-8.36792676141941,26.8031855019945));
#11429=CARTESIAN_POINT('Ctrl Pts',(27.6564037109215,-8.363968942178,27.0721110321347));
#11430=CARTESIAN_POINT('Ctrl Pts',(27.6316356371603,-8.35827843183607,27.3433306250815));
#11431=CARTESIAN_POINT('Ctrl Pts',(27.598655367028,-8.35156822369355,27.6152911068707));
#11432=CARTESIAN_POINT('',(26.0772413426855,-8.5202518083805,27.6152911085546));
#11433=CARTESIAN_POINT('Origin',(27.1002143929077,-10.8013756845602,27.6152912552287));
#11434=CARTESIAN_POINT('',(26.0772413425454,-8.52025180836109,32.4727202117572));
#11435=CARTESIAN_POINT('',(26.0772413426406,-8.52025180838903,-7.6711492484672));
#11436=CARTESIAN_POINT('',(24.8069386151668,-9.80594301118549,34.452796104766));
#11437=CARTESIAN_POINT('Ctrl Pts',(26.0772413425755,-8.52025180842098,32.4727202117589));
#11438=CARTESIAN_POINT('Ctrl Pts',(25.9111027734886,-8.59475687172535,32.7870013150501));
#11439=CARTESIAN_POINT('Ctrl Pts',(25.7368330889744,-8.69373830505135,33.0874729212155));
#11440=CARTESIAN_POINT('Ctrl Pts',(25.4317114855233,-8.93261234816722,33.5737607864371));
#11441=CARTESIAN_POINT('Ctrl Pts',(25.2913384223516,-9.06314350203673,33.7846686507969));
#11442=CARTESIAN_POINT('Ctrl Pts',(25.028362205022,-9.38683940741756,34.1593940737152));
#11443=CARTESIAN_POINT('Ctrl Pts',(24.9063920590625,-9.58077342117165,34.3229906671248));
#11444=CARTESIAN_POINT('Ctrl Pts',(24.8113548233977,-9.79581516990533,34.4470387917775));
#11445=CARTESIAN_POINT('Ctrl Pts',(24.8091435136163,-9.80086337060141,34.4499227803268));
#11446=CARTESIAN_POINT('Ctrl Pts',(24.8069386151669,-9.80594301118535,34.4527961047664));
#11447=CARTESIAN_POINT('',(24.8070156429915,-9.80576557231127,34.4531294101519));
#11448=CARTESIAN_POINT('Origin',(27.1002143929105,-10.8013756845601,44.3760332598806));
#11449=CARTESIAN_POINT('',(24.6002143929086,-10.801375804469,34.7160507783871));
#11450=CARTESIAN_POINT('Ctrl Pts',(24.6002143929089,-10.8013756845606,34.7160507783868));
#11451=CARTESIAN_POINT('Ctrl Pts',(24.6002143846508,-10.6291999841839,34.7160507886317));
#11452=CARTESIAN_POINT('Ctrl Pts',(24.6193863503015,-10.4443302870829,34.6924263188039));
#11453=CARTESIAN_POINT('Ctrl Pts',(24.6941199980509,-10.101051734785,34.5984622483668));
#11454=CARTESIAN_POINT('Ctrl Pts',(24.7479751021313,-9.94175424304953,34.5300659095207));
#11455=CARTESIAN_POINT('Ctrl Pts',(24.8070156430635,-9.8057655732679,34.4531294085163));
#11456=CARTESIAN_POINT('',(24.6002143929073,-10.8013776591128,26.7160507783873));
#11457=CARTESIAN_POINT('',(24.6002143929098,-10.801375804469,39.930110449694));
#11458=CARTESIAN_POINT('',(24.8070156429901,-9.80576742695499,26.4531294101521));
#11459=CARTESIAN_POINT('Ctrl Pts',(24.6002143929076,-10.8013775392043,26.716050778387));
#11460=CARTESIAN_POINT('Ctrl Pts',(24.6002143846494,-10.6292018388277,26.7160507886319));
#11461=CARTESIAN_POINT('Ctrl Pts',(24.6193863503002,-10.4443321417266,26.6924263188042));
#11462=CARTESIAN_POINT('Ctrl Pts',(24.6941199980496,-10.1010535894288,26.5984622483671));
#11463=CARTESIAN_POINT('Ctrl Pts',(24.74797510213,-9.94175609769325,26.5300659095209));
#11464=CARTESIAN_POINT('Ctrl Pts',(24.8070156430621,-9.80576742791162,26.4531294085165));
#11465=CARTESIAN_POINT('',(24.8069386151655,-9.80594486582921,26.4527961047663));
#11466=CARTESIAN_POINT('Origin',(27.1002143929091,-10.8013775392038,36.3760332598809));
#11467=CARTESIAN_POINT('Ctrl Pts',(26.0772413425742,-8.5202536630647,24.4727202117591));
#11468=CARTESIAN_POINT('Ctrl Pts',(25.9111027734873,-8.59475872636907,24.7870013150503));
#11469=CARTESIAN_POINT('Ctrl Pts',(25.7368330889731,-8.69374015969507,25.0874729212157));
#11470=CARTESIAN_POINT('Ctrl Pts',(25.4317114855219,-8.93261420281094,25.5737607864374));
#11471=CARTESIAN_POINT('Ctrl Pts',(25.2913384223503,-9.06314535668045,25.7846686507971));
#11472=CARTESIAN_POINT('Ctrl Pts',(25.0283622050207,-9.38684126206129,26.1593940737154));
#11473=CARTESIAN_POINT('Ctrl Pts',(24.9063920590612,-9.58077527581537,26.322990667125));
#11474=CARTESIAN_POINT('Ctrl Pts',(24.8113548233963,-9.79581702454905,26.4470387917778));
#11475=CARTESIAN_POINT('Ctrl Pts',(24.809143513615,-9.80086522524513,26.4499227803271));
#11476=CARTESIAN_POINT('Ctrl Pts',(24.8069386151656,-9.80594486582907,26.4527961047666));
#11477=CARTESIAN_POINT('Origin',(27.1002143929006,-10.8013775392042,-15.6711492484671));
#11478=CARTESIAN_POINT('',(27.673212070445,-8.36792861606529,-16.0441469312043));
#11479=CARTESIAN_POINT('',(27.673212070445,-8.36792861606471,-15.6711492484673));
#11480=CARTESIAN_POINT('',(24.6002143929014,-10.8013776672105,0.707168334520247));
#11481=CARTESIAN_POINT('',(24.6002143929085,-10.8013776591127,31.9301104496943));
#11482=CARTESIAN_POINT('',(24.8011427236521,-9.81940530962971,-0.766880807751775));
#11483=CARTESIAN_POINT('Origin',(27.1002143929014,-10.8013775392041,0.707168213061866));
#11484=CARTESIAN_POINT('',(24.8011427236528,-9.81940530962726,-0.859032504837423));
#11485=CARTESIAN_POINT('Ctrl Pts',(24.8011427236521,-9.81940530962968,-0.766880807751775));
#11486=CARTESIAN_POINT('Ctrl Pts',(24.8011427236523,-9.81940530962968,-0.797598040113652));
#11487=CARTESIAN_POINT('Ctrl Pts',(24.8011427236526,-9.81940530962969,-0.828315272475546));
#11488=CARTESIAN_POINT('Ctrl Pts',(24.8011427236528,-9.81940530962969,-0.859032504837423));
#11489=CARTESIAN_POINT('',(24.8011427236499,-9.8194053096308,-13.797793999632));
#11490=CARTESIAN_POINT('',(24.8011427236602,-9.81940530962699,31.9301104496942));
#11491=CARTESIAN_POINT('',(24.801142723648,-9.81940530963094,-13.8233641312265));
#11492=CARTESIAN_POINT('Ctrl Pts',(24.801142723648,-9.8194053096308,-13.8233641312265));
#11493=CARTESIAN_POINT('Ctrl Pts',(24.8011427236486,-9.8194053096308,-13.8148407540284));
#11494=CARTESIAN_POINT('Ctrl Pts',(24.8011427236493,-9.8194053096308,-13.8063173768302));
#11495=CARTESIAN_POINT('Ctrl Pts',(24.8011427236499,-9.8194053096308,-13.797793999632));
#11496=CARTESIAN_POINT('',(24.6002143928961,-10.8013775392042,-14.7304712209557));
#11497=CARTESIAN_POINT('Origin',(27.1002143928979,-10.8013775392042,-14.7304712209551));
#11498=CARTESIAN_POINT('',(24.6002143928984,-10.8013775405905,-15.6711492484667));
#11499=CARTESIAN_POINT('',(24.6002143929067,-10.8013775392038,31.9301104496943));
#11500=CARTESIAN_POINT('',(27.3002143877083,-8.30939037991197,-15.6711492484672));
#11501=CARTESIAN_POINT('Origin',(27.1002143929006,-10.8013775392042,-15.6711492484671));
#11502=CARTESIAN_POINT('Origin',(27.1002143928979,-10.8013775392042,-15.4711492536562));
#11503=CARTESIAN_POINT('Origin',(0.177978850265959,-12.6013747289164,28.1671985209674));
#11504=CARTESIAN_POINT('',(0.177978850266453,-12.4013747289199,31.3171985209674));
#11505=CARTESIAN_POINT('Origin',(0.177978850265926,-12.4013747289199,28.1671985209674));
#11506=CARTESIAN_POINT('',(0.177978850266585,-12.8013747289125,31.7171985209675));
#11507=CARTESIAN_POINT('',(0.17797885026652,-12.6013747289162,31.5171985209674));
#11508=CARTESIAN_POINT('Origin',(0.177978850265992,-12.8013747289128,28.1671985209674));
#11509=CARTESIAN_POINT('Origin',(-0.480130849994507,-12.8013747289169,-18.3183717705025));
#11510=CARTESIAN_POINT('',(-24.1989825201736,-12.8013728742997,34.0652080474813));
#11511=CARTESIAN_POINT('',(-24.1989825202341,-12.8013747289454,2.12962298698351));
#11512=CARTESIAN_POINT('',(-24.198982520248,-12.8013747289459,-3.4947605094235));
#11513=CARTESIAN_POINT('',(-20.1989825204291,-12.8013746809639,-2.48917952499228));
#11514=CARTESIAN_POINT('Origin',(-20.1989825202342,-12.8013747289183,2.12962298695883));
#11515=CARTESIAN_POINT('',(-10.6170127706771,-12.8013746723545,-2.4891794988182));
#11516=CARTESIAN_POINT('',(-9.58955668465955,-12.801374728917,-2.48917982863995));
#11517=CARTESIAN_POINT('',(-10.6170127707079,-12.8013746723555,-14.1531189980592));
#11518=CARTESIAN_POINT('',(-10.6170131004746,-12.8013747289182,-14.8197605094568));
#11519=CARTESIAN_POINT('',(-22.6989825203426,-12.8013746493547,-14.1531190639579));
#11520=CARTESIAN_POINT('',(-9.58955668513297,-12.801374728918,-14.1531186682429));
#11521=CARTESIAN_POINT('',(-24.1989825202788,-12.8013747289205,-15.8851701379585));
#11522=CARTESIAN_POINT('Origin',(-22.6989825202788,-12.8013747289202,-15.8851701379617));
#11523=CARTESIAN_POINT('',(-24.1989825202792,-12.8013747289206,-16.0711492484025));
#11524=CARTESIAN_POINT('',(-24.1989825202482,-12.8013747289194,-3.4947605094235));
#11525=CARTESIAN_POINT('',(-27.2989825167464,-12.8013747294655,-16.0711492487233));
#11526=CARTESIAN_POINT('',(-13.4208557122104,-12.8013747289187,-16.0711492484293));
#11527=CARTESIAN_POINT('',(-13.8895566825639,-12.8013747289189,-16.0711492484433));
#11528=CARTESIAN_POINT('',(-23.8410482858415,-12.8013747289188,-31.6777420437182));
#11529=CARTESIAN_POINT('Origin',(-15.3267879295552,-12.8013747289168,-23.2215389604561));
#11530=CARTESIAN_POINT('',(-23.8410482858564,-12.8013747289192,-32.6627420437165));
#11531=CARTESIAN_POINT('',(-23.841048285842,-12.8013747289201,-31.6777420437165));
#11532=CARTESIAN_POINT('',(-23.8291852343741,-12.8013747289218,-32.6746698091885));
#11533=CARTESIAN_POINT('Origin',(-15.3267879295696,-12.8013747289168,-24.2065389604561));
#11534=CARTESIAN_POINT('',(-26.1658965992117,-12.801374729466,-33.3007897319136));
#11535=CARTESIAN_POINT('',(3.74012052295162,-12.8013747289165,-25.2874965956996));
#11536=CARTESIAN_POINT('',(-26.1658965997978,-12.8013747292283,-35.5687420443874));
#11537=CARTESIAN_POINT('',(-26.1658966004874,-12.8013747289209,-15.8408909970868));
#11538=CARTESIAN_POINT('',(-17.6979439333451,-12.8013747291493,-35.5687420451565));
#11539=CARTESIAN_POINT('',(-0.139449488142278,-12.8013747289183,-35.5687420440758));
#11540=CARTESIAN_POINT('',(-16.015695829535,-12.8013747280637,-32.6627420438308));
#11541=CARTESIAN_POINT('',(-8.17698686390912,-12.8013747284753,-19.1217618257762));
#11542=CARTESIAN_POINT('',(-16.0156958295201,-12.8013747280634,-31.6777420438325));
#11543=CARTESIAN_POINT('',(-16.0156958295206,-12.8013747280647,-31.6777420438308));
#11544=CARTESIAN_POINT('',(-10.5959070857904,-12.8013747283482,-22.3153263084459));
#11545=CARTESIAN_POINT('',(-8.17698686389474,-12.8013747284753,-18.1367618257762));
#11546=CARTESIAN_POINT('',(10.9971389583413,-12.8013747289153,-22.3153263084743));
#11547=CARTESIAN_POINT('',(-7.70880957593054,-12.8013747285004,-22.315326308453));
#11548=CARTESIAN_POINT('',(16.4169277022959,-12.8013747289152,-31.6777420443063));
#11549=CARTESIAN_POINT('',(8.57821873645666,-12.8013747289154,-18.136761825799));
#11550=CARTESIAN_POINT('',(16.416927702281,-12.8013747289155,-32.6627420443046));
#11551=CARTESIAN_POINT('',(16.4169277022954,-12.8013747289165,-31.6777420443046));
#11552=CARTESIAN_POINT('',(18.0991758056436,-12.8013747296838,-35.5687420451658));
#11553=CARTESIAN_POINT('',(8.57821873644228,-12.8013747289154,-19.121761825799));
#11554=CARTESIAN_POINT('',(26.5671284736813,-12.8013747292197,-35.5687420444569));
#11555=CARTESIAN_POINT('',(-0.140065425250457,-12.8013747289183,-35.5687420440668));
#11556=CARTESIAN_POINT('',(26.5671284731011,-12.8013747294574,-33.3007897323564));
#11557=CARTESIAN_POINT('',(26.5671284744229,-12.8013747289122,-15.8408909971557));
#11558=CARTESIAN_POINT('',(24.1874724257211,-12.8013747289152,-32.6631628163283));
#11559=CARTESIAN_POINT('',(10.0766015732808,-12.801374728916,-28.8821663672047));
#11560=CARTESIAN_POINT('',(24.1874724260344,-12.8013747289162,-31.6777420444198));
#11561=CARTESIAN_POINT('',(24.1874724260339,-12.8013747289175,-31.6777420444181));
#11562=CARTESIAN_POINT('',(27.673212070445,-12.8013747289126,-23.2215389604561));
#11563=CARTESIAN_POINT('Origin',(15.673212070445,-12.8013747289168,-23.2215389604561));
#11564=CARTESIAN_POINT('',(27.673212070445,-12.80137472988,-16.0711492484672));
#11565=CARTESIAN_POINT('',(27.6732120704449,-12.8013747289124,-20.7699553654777));
#11566=CARTESIAN_POINT('',(24.6002143928987,-12.8013747293423,-16.0711492484667));
#11567=CARTESIAN_POINT('',(13.822087584857,-12.8013747296342,-16.0711492484649));
#11568=CARTESIAN_POINT('',(24.6002143928988,-12.8013747289125,-15.8851701368117));
#11569=CARTESIAN_POINT('',(24.6002143929009,-12.8013747289113,-2.2447605094867));
#11570=CARTESIAN_POINT('',(23.1002143928986,-12.8013746493472,-14.153119062808));
#11571=CARTESIAN_POINT('Origin',(23.1002143928987,-12.8013747289128,-15.8851701368125));
#11572=CARTESIAN_POINT('',(11.2860005007616,-12.8013746723518,-14.1531189975159));
#11573=CARTESIAN_POINT('',(9.31004177145273,-12.8013747289148,-14.1531186677511));
#11574=CARTESIAN_POINT('',(11.2860005007616,-12.8013746723508,-2.75693535632898));
#11575=CARTESIAN_POINT('',(11.2860008305265,-12.8013747289147,-16.3190661399935));
#11576=CARTESIAN_POINT('',(20.6002143929025,-12.8013745957642,-2.75693526684584));
#11577=CARTESIAN_POINT('',(4.41495546072948,-12.8013747289147,-2.75693568609432));
#11578=CARTESIAN_POINT('',(24.6002143929018,-12.801374728911,1.86186712891629));
#11579=CARTESIAN_POINT('Origin',(20.6002143929016,-12.8013747289117,1.86186712891695));
#11580=CARTESIAN_POINT('',(24.60021522043,-12.8013730440175,34.0635552561871));
#11581=CARTESIAN_POINT('',(24.600214392905,-12.8013728742663,20.8371087964931));
#11582=CARTESIAN_POINT('',(13.7002141280267,-12.801372874518,39.5301133796491));
#11583=CARTESIAN_POINT('Origin',(13.7002141280244,-12.8013728742706,25.9298464295249));
#11584=CARTESIAN_POINT('',(-13.3002141280207,-12.8013728745219,39.5301133796514));
#11585=CARTESIAN_POINT('',(-6.16059344323716,-12.8013728742698,39.5301133799048));
#11586=CARTESIAN_POINT('Origin',(-13.3002141280185,-12.8013728742751,25.9298464295245));
#11587=CARTESIAN_POINT('',(8.57704881504845,-12.8013747289127,12.837108796496));
#11588=CARTESIAN_POINT('',(-8.17704881596321,-12.8013747292957,12.8371087964988));
#11589=CARTESIAN_POINT('',(-12.3002140673361,-12.8013747289188,15.7846736915355));
#11590=CARTESIAN_POINT('Origin',(-12.3002140673364,-12.8013747289186,18.1346736915355));
#11591=CARTESIAN_POINT('',(12.7002140673394,-12.8013747289147,15.7846736915353));
#11592=CARTESIAN_POINT('Origin',(12.7002140673397,-12.8013747289145,18.1346736915353));
#11593=CARTESIAN_POINT('',(-18.9646867579237,-12.8013747290122,-27.9139669666179));
#11594=CARTESIAN_POINT('Origin',(-20.7146867579237,-12.80137472892,-27.9139669666136));
#11595=CARTESIAN_POINT('',(-0.929266529219303,-12.8013747295456,-18.8931399830053));
#11596=CARTESIAN_POINT('',(-2.12926652921948,-12.8013747295458,-18.8931399830052));
#11597=CARTESIAN_POINT('',(-1.30469868960689,-12.801374728917,-18.8931399830054));
#11598=CARTESIAN_POINT('',(1.46900482922994,-12.8013747295447,-13.2436035579998));
#11599=CARTESIAN_POINT('',(0.0380472893193857,-12.8013747289165,-15.4903064714356));
#11600=CARTESIAN_POINT('',(2.66900482923013,-12.8013747295445,-13.2436035579999));
#11601=CARTESIAN_POINT('',(1.09443698961818,-12.8013747289162,-13.2436035579997));
#11602=CARTESIAN_POINT('',(-0.734242640968144,-12.8013747289169,-18.5869389073594));
#11603=CARTESIAN_POINT('',(-4.92628327270169,-12.8013747295463,-19.0683717705017));
#11604=CARTESIAN_POINT('',(-4.92628327270118,-12.801374729546,-16.0683717705017));
#11605=CARTESIAN_POINT('',(-4.92628327270137,-12.8013747289175,-17.1933717705017));
#11606=CARTESIAN_POINT('',(-6.42628327270122,-12.8013747295463,-16.0683717705014));
#11607=CARTESIAN_POINT('',(-3.45320706134766,-12.8013747289172,-16.068371770502));
#11608=CARTESIAN_POINT('',(-4.92628327270109,-12.8013747295459,-14.5683717705018));
#11609=CARTESIAN_POINT('',(-4.75224516702409,-12.8013747289172,-14.3943336648248));
#11610=CARTESIAN_POINT('',(-4.02628327270103,-12.8013747295458,-15.0879870127728));
#11611=CARTESIAN_POINT('',(-1.99707729813821,-12.8013747289169,-16.2595496284282));
#11612=CARTESIAN_POINT('',(-4.02628327270164,-12.8013747295461,-18.5487565282311));
#11613=CARTESIAN_POINT('',(-4.02628327270162,-12.8013747289175,-18.4335641493669));
#11614=CARTESIAN_POINT('',(0.269869150004352,-12.8013747295456,-21.0291412859612));
#11615=CARTESIAN_POINT('',(-0.598279666043118,-12.801374728917,-20.5279153333193));
#11616=CARTESIAN_POINT('',(4.56602157271131,-12.8013747295447,-18.5487565282326));
#11617=CARTESIAN_POINT('',(2.72359417740617,-12.8013747289165,-19.612482480874));
#11618=CARTESIAN_POINT('',(5.46602157271136,-12.8013747295445,-19.0683717705036));
#11619=CARTESIAN_POINT('',(3.0738346509873,-12.8013747289162,-17.6872420072941));
#11620=CARTESIAN_POINT('',(0.26986915000435,-12.8013747295456,-22.0683717705025));
#11621=CARTESIAN_POINT('',(0.800517966052528,-12.8013747289169,-21.7620015337121));
#11622=CARTESIAN_POINT('',(-3.42135587739631,-12.8013747289175,-19.9372420072925));
#11623=CARTESIAN_POINT('',(-1.53013084999464,-12.8013747295455,-16.0683717705023));
#11624=CARTESIAN_POINT('',(-2.73013084999451,-12.8013747295457,-16.0683717705021));
#11625=CARTESIAN_POINT('',(-1.60513084999437,-12.8013747289169,-16.0683717705023));
#11626=CARTESIAN_POINT('',(-0.930995170021507,-12.8013747295451,-13.2435611713804));
#11627=CARTESIAN_POINT('',(-2.01564790541134,-12.8013747289168,-14.9465669965672));
#11628=CARTESIAN_POINT('',(0.269004829978392,-12.8013747295449,-13.2435611713805));
#11629=CARTESIAN_POINT('',(-0.105563010007529,-12.8013747289164,-13.2435611713805));
#11630=CARTESIAN_POINT('',(-1.88836629979007,-12.8013747289169,-16.6308347947352));
#11631=CARTESIAN_POINT('',(2.06986915000537,-12.8013747295449,-16.0683717705029));
#11632=CARTESIAN_POINT('',(3.26986915000527,-12.8013747295446,-16.0683717705031));
#11633=CARTESIAN_POINT('',(1.39486915000563,-12.8013747289164,-16.0683717705028));
#11634=CARTESIAN_POINT('',(1.47073347003223,-12.8013747295452,-18.8931823696248));
#11635=CARTESIAN_POINT('',(1.31946364265458,-12.8013747289166,-19.1306900887258));
#11636=CARTESIAN_POINT('',(0.270733470032329,-12.8013747295454,-18.8931823696246));
#11637=CARTESIAN_POINT('',(-0.104698689981191,-12.8013747289168,-18.8931823696245));
#11638=CARTESIAN_POINT('',(1.19218203703329,-12.8013747289165,-17.4464222905578));
#11639=CARTESIAN_POINT('',(4.56602157271235,-12.8013747295442,-13.5879870127739));
#11640=CARTESIAN_POINT('',(0.269869150006567,-12.8013747295447,-11.1076022550438));
#11641=CARTESIAN_POINT('',(1.54979654531163,-12.8013747289159,-11.8465686812668));
#11642=CARTESIAN_POINT('',(-4.02628327270069,-12.8013747295457,-13.5879870127729));
#11643=CARTESIAN_POINT('',(-3.72063445665263,-12.801374728917,-13.4115205865499));
#11644=CARTESIAN_POINT('',(-4.92628327270086,-12.8013747295458,-13.0683717705017));
#11645=CARTESIAN_POINT('',(-2.12231777171879,-12.8013747289168,-14.6872420072932));
#11646=CARTESIAN_POINT('',(0.269869150006228,-12.8013747295446,-10.0683717705026));
#11647=CARTESIAN_POINT('',(-1.79755824529901,-12.8013747289165,-11.2620015337113));
#11648=CARTESIAN_POINT('',(5.4660215727124,-12.801374729544,-13.0683717705036));
#11649=CARTESIAN_POINT('',(4.37287275666482,-12.8013747289156,-12.4372420072943));
#11650=CARTESIAN_POINT('',(5.46602157271197,-12.8013747295443,-16.0683717705035));
#11651=CARTESIAN_POINT('',(5.46602157271178,-12.8013747289158,-17.1933717705035));
#11652=CARTESIAN_POINT('',(6.96602157271189,-12.801374729544,-16.0683717705036));
#11653=CARTESIAN_POINT('',(3.24294536135892,-12.801374728916,-16.0683717705031));
#11654=CARTESIAN_POINT('',(5.46602157271174,-12.8013747295444,-17.5683717705033));
#11655=CARTESIAN_POINT('',(3.79198346703495,-12.8013747289162,-19.2424098761792));
#11656=CARTESIAN_POINT('',(4.56602157271177,-12.8013747295445,-17.0487565282323));
#11657=CARTESIAN_POINT('',(2.94859417740674,-12.8013747289161,-16.1149343861581));
#11658=CARTESIAN_POINT('',(4.56602157271197,-12.8013747289158,-15.9531793916383));
#11659=CARTESIAN_POINT('',(19.3659186304599,-12.801374730019,-27.9139669666684));
#11660=CARTESIAN_POINT('Origin',(21.1159186304599,-12.8013747300185,-27.9139669666687));
#11661=CARTESIAN_POINT('',(-23.3472415202756,-12.8013728742738,27.6152455985077));
#11662=CARTESIAN_POINT('',(-23.3472415202764,-12.8013728742737,32.6152455985077));
#11663=CARTESIAN_POINT('',(-23.3472427244556,-12.8013747289163,32.6152457452507));
#11664=CARTESIAN_POINT('',(-21.6333226265382,-12.8013728745208,32.615245598508));
#11665=CARTESIAN_POINT('',(12.57852832872,-12.8013728742673,32.6152454521728));
#11666=CARTESIAN_POINT('',(-21.6333226265374,-12.8013728745208,27.615245598508));
#11667=CARTESIAN_POINT('',(-21.6333235041207,-12.801374728916,32.615245745251));
#11668=CARTESIAN_POINT('',(12.5785283287195,-12.8013747289108,27.6152454521728));
#11669=CARTESIAN_POINT('',(22.0345544988135,-12.8013728745133,27.6152455984509));
#11670=CARTESIAN_POINT('',(22.0345544988275,-12.8013728745132,32.6152455984509));
#11671=CARTESIAN_POINT('',(22.0345553764101,-12.8013747289088,32.6152457451941));
#11672=CARTESIAN_POINT('',(23.7484733923217,-12.8013728742753,32.6152455984461));
#11673=CARTESIAN_POINT('',(-12.8580432421992,-12.8013728742715,32.6152454522074));
#11674=CARTESIAN_POINT('',(23.7484733923078,-12.8013728742753,27.6152455984461));
#11675=CARTESIAN_POINT('',(23.7484733923036,-12.8013728742655,32.6152457451892));
#11676=CARTESIAN_POINT('',(-12.8580432422026,-12.801374728915,27.6152454522078));
#11677=CARTESIAN_POINT('Origin',(0.177978850266269,-14.5949406560203,28.1671985209674));
#11678=CARTESIAN_POINT('',(0.177978850265891,-8.80137472891547,31.3171985209674));
#11679=CARTESIAN_POINT('',(0.177978850266796,-14.5949406560203,31.3171985209674));
#11680=CARTESIAN_POINT('Origin',(0.177978850265364,-8.80137472891598,28.1671985209674));
#11681=CARTESIAN_POINT('Origin',(-25.2359556345396,-11.3013756832243,27.6152454522425));
#11682=CARTESIAN_POINT('',(23.2267700235143,-5.22394331448746,27.6152461544996));
#11683=CARTESIAN_POINT('',(23.226769861188,-12.0513757438442,27.6152454521068));
#11684=CARTESIAN_POINT('',(22.9081264752437,-5.41749352863665,27.615245598651));
#11685=CARTESIAN_POINT('Origin',(26.7002143928956,-11.3013756845605,27.6152454522424));
#11686=CARTESIAN_POINT('Origin',(28.3614343911517,-9.80627841449007,27.6152457451764));
#11687=CARTESIAN_POINT('Origin',(28.3614343911517,-9.80627841449007,27.6152457451764));
#11688=CARTESIAN_POINT('Origin',(25.6371875074409,-11.3013756845604,27.6152454521749));
#11689=CARTESIAN_POINT('Origin',(-27.9602025181719,-9.80627841301101,27.6152457452499));
#11690=CARTESIAN_POINT('',(-22.5055666507525,-5.41914409162741,27.6152911089449));
#11691=CARTESIAN_POINT('Origin',(-27.9602025181719,-9.80627841301101,27.6152457452499));
#11692=CARTESIAN_POINT('',(-22.8267802017335,-5.22393749733754,27.6152901967174));
#11693=CARTESIAN_POINT('Origin',(-26.3002143929015,-11.3013756845692,27.6152909622761));
#11694=CARTESIAN_POINT('',(-22.8267698611961,-12.0513757445242,27.6152454521669));
#11695=CARTESIAN_POINT('Origin',(-21.0002140673331,-12.8013758044795,19.7115530591898));
#11696=CARTESIAN_POINT('',(-22.8267803954785,-5.04728929921549,27.6152911052778));
#11697=CARTESIAN_POINT('',(-22.8267803786543,-12.0513757445241,27.6152909622771));
#11698=CARTESIAN_POINT('',(-23.6466998634805,-4.29323072158243,31.1631658297384));
#11699=CARTESIAN_POINT('Origin',(-27.9602025181756,-9.80627841301078,49.8281298201929));
#11700=CARTESIAN_POINT('',(-23.6466998634805,-3.11216151065685,31.1631658297384));
#11701=CARTESIAN_POINT('',(-23.6466998634809,-1.73487565818147,31.1631658297384));
#11702=CARTESIAN_POINT('',(-22.1299376677175,-0.457827668072647,24.5999817929359));
#11703=CARTESIAN_POINT('',(-19.8676236031217,3.50122194496847,14.8107191145365));
#11704=CARTESIAN_POINT('',(-22.1299376677165,-6.40137580447964,24.5999817929359));
#11705=CARTESIAN_POINT('',(-22.1299376677161,-8.60137580447964,24.5999817929359));
#11706=CARTESIAN_POINT('',(-21.1931244965832,-10.4550615222661,20.5462960751488));
#11707=CARTESIAN_POINT('Origin',(-0.80021441568154,-11.301375684565,27.6152909622803));
#11708=CARTESIAN_POINT('Origin',(-27.9602025181719,-9.80627841301101,27.6152912553599));
#11709=CARTESIAN_POINT('Origin',(-26.3002143928988,-11.3013756845693,21.9558175594532));
#11710=CARTESIAN_POINT('',(-24.3299942882724,-4.58436498491198,34.1198501891965));
#11711=CARTESIAN_POINT('',(-23.9822777574092,-4.69628902701214,32.6152454521672));
#11712=CARTESIAN_POINT('Origin',(-26.3002143929057,-11.3013756845691,42.6451926429067));
#11713=CARTESIAN_POINT('',(-24.3299942882683,-4.58436498491317,34.1181552721096));
#11714=CARTESIAN_POINT('',(-24.3299942882683,-4.58436498491207,21.9558175594537));
#11715=CARTESIAN_POINT('',(-23.6470915614923,-4.82364929011157,31.1631658297384));
#11716=CARTESIAN_POINT('Origin',(-26.3002143929057,-11.3013756845691,42.6434977258388));
#11717=CARTESIAN_POINT('',(-22.5055666507533,-5.4191440916271,31.1631658297334));
#11718=CARTESIAN_POINT('Origin',(-26.3002143929019,-11.3013756845692,31.1631658297336));
#11719=CARTESIAN_POINT('',(-22.5055666507533,-5.41914409162737,32.6152457452509));
#11720=CARTESIAN_POINT('',(-22.5055666507535,-5.41914409162504,21.9558175594545));
#11721=CARTESIAN_POINT('Origin',(-26.3002143929024,-11.3013756845692,32.6152454521577));
#11722=CARTESIAN_POINT('Origin',(-27.960202518171,-9.80627841301104,21.9558178525439));
#11723=CARTESIAN_POINT('Origin',(-27.9602025181727,-9.80627841301097,32.6152457452499));
#11724=CARTESIAN_POINT('Origin',(-27.9602025181725,-9.80627841301097,31.1631658297358));
#11725=CARTESIAN_POINT('Origin',(0.18547123651372,1.55652524815804,-14.7153263084621));
#11726=CARTESIAN_POINT('',(-21.1419398608888,-5.71258591511883,-14.7153263084585));
#11727=CARTESIAN_POINT('',(-21.1419398605209,1.27165542572724,-14.7153263084586));
#11728=CARTESIAN_POINT('',(-12.6412086772749,-5.71258591555539,-14.7153263084599));
#11729=CARTESIAN_POINT('',(-8.72813423045217,-5.71258591575646,-14.7153263084606));
#11730=CARTESIAN_POINT('',(-12.641208677306,-6.30136667847467,-14.7153263084599));
#11731=CARTESIAN_POINT('',(-12.6412086770463,-1.37242527748278,-14.71532630846));
#11732=CARTESIAN_POINT('Origin',(-12.141208677306,-6.30136667850098,-14.7153263084317));
#11733=CARTESIAN_POINT('Origin',(0.18547123651372,1.55652524815804,-14.7153263084621));
#11734=CARTESIAN_POINT('',(13.0424405501999,-6.3013666791491,-14.7153263084642));
#11735=CARTESIAN_POINT('Origin',(12.5424405501999,-6.30136667914919,-14.7153263084642));
#11736=CARTESIAN_POINT('',(13.0424405501998,-5.71258591621305,-14.7153263084642));
#11737=CARTESIAN_POINT('',(13.042440550199,-1.3724252781569,-14.7153263084643));
#11738=CARTESIAN_POINT('',(21.5431717338138,-5.71258591621141,-14.7153263084656));
#11739=CARTESIAN_POINT('',(9.11422140324675,-5.71258591621364,-14.7153263084636));
#11740=CARTESIAN_POINT('',(21.5431717338125,1.27165542460663,-14.7153263084657));
#11741=CARTESIAN_POINT('Origin',(13.0424405502001,-4.30137580447394,-11.117335396404));
#11742=CARTESIAN_POINT('',(13.0424405502003,-1.80146130286562,-7.62141859831206));
#11743=CARTESIAN_POINT('',(13.0424405502005,-2.31115847489861,-7.11172142627905));
#11744=CARTESIAN_POINT('',(13.0424414763111,-1.80146238805133,-1.46533452281065));
#11745=CARTESIAN_POINT('',(13.0424405501999,-1.80146130286563,-10.058676798846));
#11746=CARTESIAN_POINT('',(13.0424402633569,-6.30137580447388,-1.46533137806027));
#11747=CARTESIAN_POINT('',(13.0424402631865,-5.47512590676537,-1.46533137764901));
#11748=CARTESIAN_POINT('Origin',(13.0424405502022,-6.30137580447388,-0.758225661843169));
#11749=CARTESIAN_POINT('Origin',(10.1258567898769,-6.30137580447434,2.15835167747149));
#11750=CARTESIAN_POINT('',(9.7723037884674,-6.3013758044744,1.80479789769453));
#11751=CARTESIAN_POINT('Origin',(18.0429715699796,-3.31885679517238,-6.10402310600587));
#11752=CARTESIAN_POINT('',(21.5431717338142,-1.80146130286419,-7.62141859831348));
#11753=CARTESIAN_POINT('',(21.5431717338154,-5.33318279778627,-4.08969710339144));
#11754=CARTESIAN_POINT('',(11.8876473756021,-1.80146130286581,-7.62141859831186));
#11755=CARTESIAN_POINT('Origin',(21.5431717338161,0.986785601051877,6.2589233006755));
#11756=CARTESIAN_POINT('',(21.5431717338141,-1.80146130286421,-7.94105976341547));
#11757=CARTESIAN_POINT('',(21.5431717338145,0.512103885239227,-3.93384731099748));
#11758=CARTESIAN_POINT('',(21.5431717338153,-1.80146130286416,-1.37054745030746));
#11759=CARTESIAN_POINT('Origin',(-12.6412086771918,-4.30137580379939,-11.1173353963697));
#11760=CARTESIAN_POINT('',(-12.6412083904282,-6.30137580379933,-1.46533137802691));
#11761=CARTESIAN_POINT('Origin',(-12.6412086772716,-6.30137580379937,-0.758225661809157));
#11762=CARTESIAN_POINT('',(-12.641209603146,-1.80146238737678,-1.46533452277683));
#11763=CARTESIAN_POINT('',(-12.6412083902142,-5.47512590609082,-1.46533137761568));
#11764=CARTESIAN_POINT('',(-12.6412086770514,-1.80146130219117,-7.62141859827872));
#11765=CARTESIAN_POINT('',(-12.6412086770574,-1.80146130219117,-10.0586767988127));
#11766=CARTESIAN_POINT('',(-12.641208677077,-2.31115847422415,-7.1117214262457));
#11767=CARTESIAN_POINT('Origin',(-17.6417396969064,-3.31885679423519,-6.10402310595886));
#11768=CARTESIAN_POINT('',(-21.1419398606653,-1.80146130174319,-7.62141859825729));
#11769=CARTESIAN_POINT('',(-11.4864155024532,-1.80146130225197,-7.62141859828092));
#11770=CARTESIAN_POINT('',(-21.1419398608427,-5.33318279666527,-4.08969710333525));
#11771=CARTESIAN_POINT('Origin',(-21.1419398604841,0.986785602172918,6.25892330073168));
#11772=CARTESIAN_POINT('',(-21.1419398606662,-1.80146130174319,-7.94105976335829));
#11773=CARTESIAN_POINT('',(-21.1419398606498,-1.80146130174315,-1.3705474502513));
#11774=CARTESIAN_POINT('',(-21.1419398605343,0.512103886360126,-3.93384731094129));
#11775=CARTESIAN_POINT('Origin',(18.0429715699788,-4.02016568604281,-11.7839684820544));
#11776=CARTESIAN_POINT('',(13.0424405502002,-2.41285111936562,-9.00001798882204));
#11777=CARTESIAN_POINT('',(13.0424405502,-3.91098665405333,-11.594864851525));
#11778=CARTESIAN_POINT('',(13.0424405502003,-1.80146130286562,-7.94105976341405));
#11779=CARTESIAN_POINT('',(13.0424405502,-3.91098665405333,-11.594864851525));
#11780=CARTESIAN_POINT('',(11.8876473756021,-1.80146130286581,-7.94105976341386));
#11781=CARTESIAN_POINT('',(14.4998121981414,-3.39548767614388,-10.7019944305373));
#11782=CARTESIAN_POINT('Origin',(17.5998121981413,-3.39548767614336,-10.7019944305378));
#11783=CARTESIAN_POINT('Origin',(13.0424405502001,-4.30137580447394,-11.117335396404));
#11784=CARTESIAN_POINT('',(13.0424405502008,-6.3013666791491,-9.00001708734503));
#11785=CARTESIAN_POINT('',(13.042440550204,-6.3013666791491,9.65465219267199));
#11786=CARTESIAN_POINT('',(13.0424405502007,-5.55137576362772,-9.00001726121602));
#11787=CARTESIAN_POINT('Origin',(12.542440550204,-6.30136667914919,9.65465219267208));
#11788=CARTESIAN_POINT('Origin',(12.5424405502008,-6.30136667914919,-9.00001708734494));
#11789=CARTESIAN_POINT('Origin',(-12.1412086772458,-6.30136667850098,9.65465219270523));
#11790=CARTESIAN_POINT('',(-12.6412086772919,-6.30136667847467,-9.00001708731168));
#11791=CARTESIAN_POINT('',(-12.6412086772458,-6.30136667847467,9.65465219270631));
#11792=CARTESIAN_POINT('Origin',(-12.1412086772919,-6.30136667850089,-9.00001708731279));
#11793=CARTESIAN_POINT('Origin',(-12.6412086771918,-4.30137580379939,-11.1173353963697));
#11794=CARTESIAN_POINT('',(-12.641208677087,-2.41285111869117,-9.0000179887877));
#11795=CARTESIAN_POINT('',(-12.6412086771723,-3.9109866533789,-11.5948648514917));
#11796=CARTESIAN_POINT('',(-12.6412086772524,-5.55137576295316,-9.00001726118268));
#11797=CARTESIAN_POINT('Origin',(-17.6417396969573,-4.02016568510562,-11.7839684820074));
#11798=CARTESIAN_POINT('',(-12.6412086770522,-1.80146130219117,-7.94105976337973));
#11799=CARTESIAN_POINT('',(-11.4864155024539,-1.80146130225197,-7.94105976338291));
#11800=CARTESIAN_POINT('',(-12.6412086771724,-3.9109866533789,-11.5948648514917));
#11801=CARTESIAN_POINT('',(-14.1001878042357,-3.39548767525582,-10.7019944305785));
#11802=CARTESIAN_POINT('Origin',(-17.2001878042357,-3.39548767521234,-10.7019944305009));
#11803=CARTESIAN_POINT('Origin',(0.225214904786911,-2.22738377151802,-3.40030046932687));
#11804=CARTESIAN_POINT('',(0.199812198096211,-2.21271751197574,-9.00001820128487));
#11805=CARTESIAN_POINT('',(0.199812198101924,-2.21271751197247,-3.40031229883928));
#11806=CARTESIAN_POINT('',(0.199812198110168,-2.21271751196769,1.59734639769414));
#11807=CARTESIAN_POINT('',(-1.79978509516531,-1.05824947630288,-9.00001820127955));
#11808=CARTESIAN_POINT('',(-0.86836661654894,-1.59600418572562,-9.00001820128272));
#11809=CARTESIAN_POINT('',(-1.79978509515148,-1.05824947630233,-3.40031229883905));
#11810=CARTESIAN_POINT('',(-1.79978509515148,-1.05824947630235,-3.40030046932154));
#11811=CARTESIAN_POINT('',(-0.0470558425330812,-2.07018818224124,-3.40031229818172));
#11812=CARTESIAN_POINT('Origin',(0.174409491414305,-2.22738377151672,-3.40030046932687));
#11813=CARTESIAN_POINT('',(2.19940949141413,-1.05824947640733,-3.40031229883972));
#11814=CARTESIAN_POINT('',(2.19940949141317,-1.05824947640781,-9.00001820128522));
#11815=CARTESIAN_POINT('',(2.19940949141416,-1.05824947640729,-3.40030046932722));
#11816=CARTESIAN_POINT('',(1.26799101276855,-1.59600418578177,-9.00001820128506));
#11817=CARTESIAN_POINT('',(0.591373686345143,-1.98664938133087,-3.40031229818185));
#11818=CARTESIAN_POINT('Origin',(2.1994094914141,-1.08711698986679,-3.40030046932722));
#11819=CARTESIAN_POINT('',(2.19940949141373,1.25115160035118,-3.40031229883995));
#11820=CARTESIAN_POINT('',(2.19940949141279,1.2511516003507,-9.00001820128524));
#11821=CARTESIAN_POINT('',(2.19940949141378,1.25115160035121,-3.40030046932724));
#11822=CARTESIAN_POINT('',(2.19940949141366,-3.94433042717112,-9.0000182012852));
#11823=CARTESIAN_POINT('',(2.19940949141407,-0.883389811148348,-3.4003122981822));
#11824=CARTESIAN_POINT('Origin',(-1.799785095153,-1.08711698976173,-3.40030046932154));
#11825=CARTESIAN_POINT('',(-1.79978509504363,1.25115160045563,-9.00001820127957));
#11826=CARTESIAN_POINT('',(-1.79978509531738,-3.94433042706619,-9.00001820127954));
#11827=CARTESIAN_POINT('',(-1.79978509502976,1.25115160045623,-3.40031229883928));
#11828=CARTESIAN_POINT('',(-1.79978509502973,1.25115160045625,-3.40030046932156));
#11829=CARTESIAN_POINT('',(-1.79978509514227,-0.883389811038197,-3.40031229818153));
#11830=CARTESIAN_POINT('Origin',(-4.98028603722339,-0.354171366777106,-9.20001820127202));
#11831=CARTESIAN_POINT('',(0.199812198217499,2.40561963584736,-9.0000182012849));
#11832=CARTESIAN_POINT('',(0.199812198229102,2.86749985119225,-9.40001820128491));
#11833=CARTESIAN_POINT('',(0.19981219809593,-2.43360112727273,-4.80913008584086));
#11834=CARTESIAN_POINT('',(-4.88028603723202,-0.527376447539297,-9.00001820127204));
#11835=CARTESIAN_POINT('',(-2.19978509503251,1.48209170815254,-9.4000182012785));
#11836=CARTESIAN_POINT('',(-1.79978509504363,1.25115160045563,-9.00001820127957));
#11837=CARTESIAN_POINT('',(-2.45891828657038,1.33248109028952,-9.40001820128646));
#11838=CARTESIAN_POINT('Origin',(-1.9997850953179,-3.94433042705562,-9.2000182012795));
#11839=CARTESIAN_POINT('',(-2.19978509517853,-1.28918958395766,-9.40001820127848));
#11840=CARTESIAN_POINT('',(-2.19978509540089,-5.37285311555114,-9.40001820128644));
#11841=CARTESIAN_POINT('',(-1.79978509516531,-1.05824947630288,-9.00001820127955));
#11842=CARTESIAN_POINT('Origin',(-0.968366616558565,-1.76920926647724,-9.20001820128168));
#11843=CARTESIAN_POINT('',(0.199812198083554,-2.67459772733473,-9.40001820128487));
#11844=CARTESIAN_POINT('',(0.199812198233611,2.80136985012718,-4.6576911689779));
#11845=CARTESIAN_POINT('',(2.533888072011,-4.02217706161845,-9.40001820128725));
#11846=CARTESIAN_POINT('Origin',(-1.82478509503057,1.23671784372776,-3.40030046932156));
#11847=CARTESIAN_POINT('',(0.199812198223218,2.40561963584516,-3.40031229883972));
#11848=CARTESIAN_POINT('',(0.199812198231522,2.4056196358413,1.5973463976951));
#11849=CARTESIAN_POINT('',(-1.40812293013021,1.47727785676483,-3.40031229818181));
#11850=CARTESIAN_POINT('Origin',(5.3799104335077,-0.354171367049191,-9.20001820128575));
#11851=CARTESIAN_POINT('',(2.59940949141273,1.48209170802656,-9.40001820128532));
#11852=CARTESIAN_POINT('',(7.00792592045315,-1.06316643900382,-9.40001820128804));
#11853=CARTESIAN_POINT('',(2.19940949141279,1.2511516003507,-9.00001820128524));
#11854=CARTESIAN_POINT('',(5.27991043350775,-0.527376447806106,-9.00001820128574));
#11855=CARTESIAN_POINT('Origin',(2.39940949141366,-3.94433042717119,-9.20001820128523));
#11856=CARTESIAN_POINT('',(2.5994094914132,-1.28918958408366,-9.4000182012853));
#11857=CARTESIAN_POINT('',(2.59940949141555,-5.37285311582335,-9.40001820128725));
#11858=CARTESIAN_POINT('',(2.19940949141317,-1.05824947640781,-9.00001820128522));
#11859=CARTESIAN_POINT('Origin',(1.36799101276855,-1.76920926653865,-9.20001820128507));
#11860=CARTESIAN_POINT('',(2.01511956145853,-1.62652953242984,-9.40001820128718));
#11861=CARTESIAN_POINT('Origin',(2.22440949141373,1.23671784362142,-3.40030046932724));
#11862=CARTESIAN_POINT('',(1.95244077413304,1.39373905575451,-3.40031229818238));
#11863=CARTESIAN_POINT('Origin',(0.39273679494766,-0.679662632430177,-3.40031229818192));
#11864=CARTESIAN_POINT('',(0.199409491408965,-1.4535489380284,-3.40031229818176));
#11865=CARTESIAN_POINT('Origin',(0.199409491408707,0.0964510619715953,-3.40031229818188));
#11866=CARTESIAN_POINT('Origin',(0.199409491408437,0.0964510619712755,-5.23268127439189));
#11867=CARTESIAN_POINT('',(-2.85059050859107,0.0964510620516024,-2.06531229818059));
#11868=CARTESIAN_POINT('',(-2.85059050859156,0.0964510619707354,-5.23268127439141));
#11869=CARTESIAN_POINT('Origin',(0.199409491408929,0.0964510619715242,-2.0653122981811));
#11870=CARTESIAN_POINT('Origin',(0.149409491414461,-2.99609316748781,-2.06531229818087));
#11871=CARTESIAN_POINT('',(0.199409491409187,-1.45354893802842,-2.06531229818089));
#11872=CARTESIAN_POINT('Origin',(0.199409491408929,0.0964510619715775,-2.06531229818087));
#11873=CARTESIAN_POINT('Origin',(0.199409491408624,0.0964510619715953,-3.90030638823489));
#11874=CARTESIAN_POINT('',(0.199409491408882,-1.45354893802841,-3.90030638823489));
#11875=CARTESIAN_POINT('Origin',(17.5998121981413,-3.74202388265757,-10.5019216584228));
#11876=CARTESIAN_POINT('',(14.4998121981414,-3.74202388265808,-10.5019216584223));
#11877=CARTESIAN_POINT('Origin',(17.5998121981413,-3.74202388265757,-10.5019216584228));
#11878=CARTESIAN_POINT('',(14.4998121981414,-3.74202388265807,-10.5019216584223));
#11879=CARTESIAN_POINT('Origin',(17.5998121981431,-10.4956445638593,-6.60271694012576));
#11880=CARTESIAN_POINT('',(16.1998121981404,-9.81940530963011,-6.99314385559151));
#11881=CARTESIAN_POINT('Origin',(17.5998121981404,-9.81940530963013,-6.99314385559485));
#11882=CARTESIAN_POINT('',(16.1998121981417,-5.4740746902267,-9.50192165842254));
#11883=CARTESIAN_POINT('',(16.1998121981431,-10.4956445638596,-6.60271694012552));
#11884=CARTESIAN_POINT('Origin',(17.5998121981417,-5.47407469022647,-9.50192165842277));
#11885=CARTESIAN_POINT('Origin',(17.5998121981419,-5.47407469022647,-9.50192165842277));
#11886=CARTESIAN_POINT('',(16.0998121981419,-5.47407469022672,-9.50192165842252));
#11887=CARTESIAN_POINT('Origin',(17.5998121981419,-5.47407469022647,-9.50192165842277));
#11888=CARTESIAN_POINT('Origin',(17.5998121981417,-4.60804928644197,-10.0019216584228));
#11889=CARTESIAN_POINT('',(16.0998121981418,-5.12766452871291,-9.70192165842255));
#11890=CARTESIAN_POINT('Origin',(17.5998121981418,-5.12766452871266,-9.7019216584228));
#11891=CARTESIAN_POINT('',(16.0998121981417,-4.60804928644221,-10.0019216584225));
#11892=CARTESIAN_POINT('Origin',(17.5998121981414,-4.47814547587446,-10.0769216584228));
#11893=CARTESIAN_POINT('',(15.3498121981415,-4.47814547587484,-10.0769216584224));
#11894=CARTESIAN_POINT('Origin',(-17.2001878042733,-4.47814547496063,-10.0769216583759));
#11895=CARTESIAN_POINT('',(-18.7001878043065,-5.12766452772179,-9.70192165837569));
#11896=CARTESIAN_POINT('',(-15.7001878043066,-5.12766452787799,-9.70192165837966));
#11897=CARTESIAN_POINT('Origin',(-17.2001878043065,-5.12766452779883,-9.70192165837594));
#11898=CARTESIAN_POINT('',(-14.1001878042356,-3.74202388190713,-10.5019216583845));
#11899=CARTESIAN_POINT('',(-14.9501878042733,-4.47814547507918,-10.0769216583815));
#11900=CARTESIAN_POINT('Origin',(-17.2001878042356,-3.74202388174374,-10.5019216583759));
#11901=CARTESIAN_POINT('Origin',(-17.2001878043065,-5.12766452779883,-9.70192165837594));
#11902=CARTESIAN_POINT('Origin',(-17.2001878042799,-4.60804928552814,-10.0019216583759));
#11903=CARTESIAN_POINT('',(-18.7001878042799,-4.6080492854511,-10.0019216583757));
#11904=CARTESIAN_POINT('Origin',(-17.2001878042356,-3.74202388174374,-10.5019216583759));
#11905=CARTESIAN_POINT('',(-14.1001878042356,-3.7420238817873,-10.5019216584528));
#11906=CARTESIAN_POINT('Origin',(4.13090261884357,2.76072700743263,-5.44083948690056));
#11907=CARTESIAN_POINT('',(5.02798972019781,2.0252915006646,-2.56533769911772));
#11908=CARTESIAN_POINT('',(6.07503277405989,1.16692151879415,-3.85289267192388));
#11909=CARTESIAN_POINT('',(5.02798972019674,2.02529150066456,-9.00001820128773));
#11910=CARTESIAN_POINT('',(5.02798972019733,2.02529150066458,-5.44083948690072));
#11911=CARTESIAN_POINT('',(3.23381551748922,3.49616251420055,-9.00001820128742));
#11912=CARTESIAN_POINT('',(6.95387717137658,0.446441451991176,-9.00001820128803));
#11913=CARTESIAN_POINT('',(3.23381551748981,3.49616251420057,-5.44083948690042));
#11914=CARTESIAN_POINT('Origin',(5.70738778011991,-3.92120855573668,-1.8153376991178));
#11915=CARTESIAN_POINT('',(5.04548408557798,-1.80146130286689,-1.46533769911771));
#11916=CARTESIAN_POINT('',(5.79334028090474,-1.80146130286679,-2.56533769911782));
#11917=CARTESIAN_POINT('',(7.0916747274467,-1.80146130286657,-4.47502020241305));
#11918=CARTESIAN_POINT('',(6.19767811796522,-3.82315048816753,-2.56533769911788));
#11919=CARTESIAN_POINT('',(5.15719647660563,-1.56866375077148,-1.69813525121271));
#11920=CARTESIAN_POINT('Origin',(11.0690515364278,-2.0014613028659,-1.26533769911872));
#11921=CARTESIAN_POINT('',(11.0690515364277,-1.8014613028659,-1.46533769911872));
#11922=CARTESIAN_POINT('',(11.967933022864,-2.87597249907413,-0.390826502910864));
#11923=CARTESIAN_POINT('Origin',(-10.6678196632726,-2.00146130229501,-1.26533769909007));
#11924=CARTESIAN_POINT('',(-4.64425221241285,-1.8014613026124,-1.46533769910506));
#11925=CARTESIAN_POINT('',(-10.6678196632626,-1.801461302295,-1.46533769909005));
#11926=CARTESIAN_POINT('',(-11.5667011497525,-2.87597249845604,-0.390826502879884));
#11927=CARTESIAN_POINT('',(-4.75596460342887,-1.56866375051112,-1.69813525120005));
#11928=CARTESIAN_POINT('Origin',(-5.30615590706703,-3.9212085554474,-1.81533769910295));
#11929=CARTESIAN_POINT('',(-5.3921084077425,-1.80146130257303,-2.56533769910294));
#11930=CARTESIAN_POINT('',(-6.69044285428949,-1.80146130250466,-4.47502020239473));
#11931=CARTESIAN_POINT('',(-4.62675784683458,2.0252915009181,-2.56533769910509));
#11932=CARTESIAN_POINT('',(-5.67380090074514,1.16692151910271,-3.8528926719079));
#11933=CARTESIAN_POINT('',(-5.79644624490918,-3.82315048785251,-2.56533769910186));
#11934=CARTESIAN_POINT('Origin',(-3.7296707454493,2.76072700763902,-5.44083948689024));
#11935=CARTESIAN_POINT('',(-2.8325836440657,3.49616251435996,-9.00001820127939));
#11936=CARTESIAN_POINT('',(-2.83258364405691,3.49616251435998,-5.44083948689239));
#11937=CARTESIAN_POINT('',(-4.62675784685048,2.02529150091807,-9.00001820127508));
#11938=CARTESIAN_POINT('',(-6.55264529811325,0.446441452345844,-9.00001820126975));
#11939=CARTESIAN_POINT('',(-4.62675784684169,2.02529150091809,-5.44083948688809));
#11940=CARTESIAN_POINT('Origin',(0.200214067332846,3.49616251420007,-6.2326752297779));
#11941=CARTESIAN_POINT('',(2.96626862427817,3.49616251420051,-9.00001820128737));
#11942=CARTESIAN_POINT('Origin',(12.842440263187,-5.47512590676541,-1.26533181795998));
#11943=CARTESIAN_POINT('Origin',(5.73232318122484,-1.80146130286682,-9.00001820128781));
#11944=CARTESIAN_POINT('',(5.79334028090384,-1.80146130286682,-7.94162117355683));
#11945=CARTESIAN_POINT('',(13.0424405502003,-1.80146130286562,-7.94162117355806));
#11946=CARTESIAN_POINT('',(5.73232328381062,-1.80146130286682,-7.94162117355682));
#11947=CARTESIAN_POINT('',(5.79334028090403,-1.80146130286681,-6.82451097265582));
#11948=CARTESIAN_POINT('',(13.0424405501999,-1.80146130286563,-10.058676798846));
#11949=CARTESIAN_POINT('Origin',(13.0424405502001,-4.30137580447394,-11.117335396404));
#11950=CARTESIAN_POINT('',(13.0424405502002,-2.41084136901851,-9.00001798928803));
#11951=CARTESIAN_POINT('',(13.0424405502007,-5.55137576362772,-9.00001726121602));
#11952=CARTESIAN_POINT('',(13.0424405502001,-2.75164103472071,-9.59193311913103));
#11953=CARTESIAN_POINT('Origin',(5.73232338639626,-1.70620540989932,-7.77617674995981));
#11954=CARTESIAN_POINT('',(5.91521630087694,-2.41084138954657,-9.00001805752592));
#11955=CARTESIAN_POINT('',(5.73232348898179,-2.41084136901972,-9.00001798928678));
#11956=CARTESIAN_POINT('',(5.57072008230542,-0.688360309874047,-6.00834075956779));
#11957=CARTESIAN_POINT('Origin',(5.23232318122556,1.0036241955249,-4.64900374402375));
#11958=CARTESIAN_POINT('',(5.99241933507163,-2.79685657370579,-9.00001820128785));
#11959=CARTESIAN_POINT('Origin',(6.82707939025546,0.291773023723564,-9.200018201288));
#11960=CARTESIAN_POINT('',(4.66380290172336,1.80661778759409,-9.40001820128765));
#11961=CARTESIAN_POINT('',(4.66380290172336,1.80661778759409,-9.40001820128765));
#11962=CARTESIAN_POINT('',(3.09081121147809,3.09616251420065,-9.40001820128738));
#11963=CARTESIAN_POINT('',(6.70028160913434,0.137104595455934,-9.40001820128798));
#11964=CARTESIAN_POINT('',(3.09081121147809,3.09616251420065,-9.40001820128738));
#11965=CARTESIAN_POINT('Origin',(2.96626862427817,3.29616251420062,-9.20001820128737));
#11966=CARTESIAN_POINT('',(-2.68957933807664,3.09616251435238,-9.40001820127942));
#11967=CARTESIAN_POINT('',(-2.56503675087671,3.09616251434579,-9.40001820127944));
#11968=CARTESIAN_POINT('',(-2.68957933807664,3.09616251435238,-9.40001820127942));
#11969=CARTESIAN_POINT('Origin',(-6.42584751700078,0.291773024071659,-9.20001820126976));
#11970=CARTESIAN_POINT('',(-4.26257102838964,1.80661778782851,-9.40001820127516));
#11971=CARTESIAN_POINT('',(-6.29904973588832,0.137104595797367,-9.40001820127079));
#11972=CARTESIAN_POINT('',(-4.26257102838964,1.80661778782851,-9.40001820127516));
#11973=CARTESIAN_POINT('Origin',(-4.83109130792149,1.00362419578924,-4.64900374401105));
#11974=CARTESIAN_POINT('',(-5.51398442776371,-2.41084138924649,-9.00001805751063));
#11975=CARTESIAN_POINT('',(-5.59118746197865,-2.7968565734015,-9.0000182012719));
#11976=CARTESIAN_POINT('',(-5.39210840775579,-1.80146130257307,-7.94162117354195));
#11977=CARTESIAN_POINT('',(-5.16948820909381,-0.688360309592014,-6.00834075955297));
#11978=CARTESIAN_POINT('',(-5.39210840775303,-1.80146130257307,-6.82451097264093));
#11979=CARTESIAN_POINT('Origin',(-5.33109151324275,-1.70620540960875,-7.77617674994496));
#11980=CARTESIAN_POINT('',(-12.6412086770869,-2.41084136834398,-9.00001798925371));
#11981=CARTESIAN_POINT('',(-5.33109161586852,-2.41084136872916,-9.00001798927193));
#11982=CARTESIAN_POINT('',(-12.6412086770522,-1.80146130219106,-7.94162117352472));
#11983=CARTESIAN_POINT('',(-12.6412086771064,-2.75164103404626,-9.59193311909769));
#11984=CARTESIAN_POINT('',(-5.33109141066257,-1.80146130257625,-7.94162117354197));
#11985=CARTESIAN_POINT('Origin',(-12.6412086771918,-4.30137580379939,-11.1173353963697));
#11986=CARTESIAN_POINT('',(-12.6412086772524,-5.55137576295316,-9.00001726118268));
#11987=CARTESIAN_POINT('',(-12.6412086770574,-1.80146130219117,-10.0586767988127));
#11988=CARTESIAN_POINT('Origin',(-5.33109130807957,-1.80146130257626,-9.00001820127296));
#11989=CARTESIAN_POINT('Origin',(-12.4412083902142,-5.4751259061014,-1.26533181792673));
#11990=CARTESIAN_POINT('',(-9.37107191552999,-6.30137580397167,1.80479789771977));
#11991=CARTESIAN_POINT('Origin',(5.73232359156813,-6.80137621364152,-9.00001697142677));
#11992=CARTESIAN_POINT('',(5.99241947929593,-2.79685729482717,-9.00001789979584));
#11993=CARTESIAN_POINT('Origin',(5.79630319993342,-2.83607980073341,-9.20001820128781));
#11994=CARTESIAN_POINT('',(5.60018706479522,-2.87530302776106,-9.40001820128777));
#11995=CARTESIAN_POINT('Origin',(5.73232318122561,-6.80137580447515,-9.40001820128777));
#11996=CARTESIAN_POINT('',(-5.19895519170741,-2.87530302747744,-9.40001820127295));
#11997=CARTESIAN_POINT('Origin',(-5.39507132684303,-2.83607980043945,-9.20001820127292));
#11998=CARTESIAN_POINT('',(-5.59118760620294,-2.79685729452299,-9.00001789978089));
#11999=CARTESIAN_POINT('Origin',(-5.33109171868548,-6.80137621335096,-9.00001697141191));
#12000=CARTESIAN_POINT('Origin',(-9.72462491693859,-6.30137580395302,2.15835167749781));
#12001=CARTESIAN_POINT('Origin',(0.18547123651726,-6.8013776586769,-1.81931579822497));
#12002=CARTESIAN_POINT('Origin',(0.20021406734373,-4.70254217411937,22.3236165382771));
#12003=CARTESIAN_POINT('',(2.34378342912153,-6.80137765867654,21.237108796494));
#12004=CARTESIAN_POINT('',(2.34378524506576,-6.80137765867592,23.9371169101862));
#12005=CARTESIAN_POINT('',(2.34378524506063,-6.80137765867654,14.3236165382722));
#12006=CARTESIAN_POINT('',(1.94282213265695,-2.26055177063295,23.9371169101908));
#12007=CARTESIAN_POINT('Origin',(0.200214067347732,-4.70254217411925,23.9371169101911));
#12008=CARTESIAN_POINT('',(1.94282213265692,-2.26055177063348,21.2371087964918));
#12009=CARTESIAN_POINT('',(1.9428221326571,-2.26055177063338,22.3871129350648));
#12010=CARTESIAN_POINT('Origin',(0.200214067341035,-4.70254217411946,21.2371087964991));
#12011=CARTESIAN_POINT('Origin',(0.20021406734373,-4.70254217411937,22.3236165382771));
#12012=CARTESIAN_POINT('',(-1.94335711036977,-6.80137765867663,23.9371169101968));
#12013=CARTESIAN_POINT('',(-1.94335529443876,-6.80137765867725,21.2371087965046));
#12014=CARTESIAN_POINT('',(-1.94335711037101,-6.80137765867725,15.9371169101918));
#12015=CARTESIAN_POINT('',(-1.54369257361963,-2.26147895748345,21.2371087965044));
#12016=CARTESIAN_POINT('Origin',(0.200214067341035,-4.70254217411946,21.2371087964991));
#12017=CARTESIAN_POINT('',(-1.54369257361249,-2.26147895748295,23.9371169101954));
#12018=CARTESIAN_POINT('',(-1.54369257361649,-2.26147895748306,22.3236165382814));
#12019=CARTESIAN_POINT('Origin',(0.200214067347732,-4.70254217411925,23.9371169101911));
#12020=CARTESIAN_POINT('Origin',(28.3614343911657,-9.80627841449004,32.6152457451764));
#12021=CARTESIAN_POINT('',(24.3822777749495,-6.00939644516315,32.6152455956665));
#12022=CARTESIAN_POINT('Origin',(28.3614343911657,-9.80627841449004,32.6152457451764));
#12023=CARTESIAN_POINT('Origin',(28.3614343912139,-9.80627841448993,49.8334602598964));
#12024=CARTESIAN_POINT('Origin',(0.200214067340541,-4.70254217411946,21.0371087964991));
#12025=CARTESIAN_POINT('Ctrl Pts',(2.34378342909263,-6.80137765867654,21.2371087965149));
#12026=CARTESIAN_POINT('Ctrl Pts',(2.59282710647721,-6.8013776586765,21.0591613309859));
#12027=CARTESIAN_POINT('Ctrl Pts',(2.87507660751591,-6.80137765867645,20.8371087964816));
#12028=CARTESIAN_POINT('',(1.82198933113755,-2.0341448036853,21.1145298090548));
#12029=CARTESIAN_POINT('Ctrl Pts',(1.82198933113756,-2.0341448036853,21.1145298090548));
#12030=CARTESIAN_POINT('Ctrl Pts',(1.88361531715754,-2.14961471255537,21.1811978108238));
#12031=CARTESIAN_POINT('Ctrl Pts',(1.9428221326785,-2.26055177067358,21.2371087965118));
#12032=CARTESIAN_POINT('Ctrl Pts',(1.82198933113411,-2.03414480368764,21.114529809059));
#12033=CARTESIAN_POINT('Ctrl Pts',(1.95686547488631,-1.95828555535584,20.9796536653067));
#12034=CARTESIAN_POINT('Ctrl Pts',(2.09941034369148,-1.88242630702423,20.8371087965015));
#12035=CARTESIAN_POINT('Origin',(0.200214067340541,-4.70254217411946,21.0371087964991));
#12036=CARTESIAN_POINT('Ctrl Pts',(-2.47464847283512,-6.80137765867734,
20.8371087964948));
#12037=CARTESIAN_POINT('Ctrl Pts',(-2.1923989717953,-6.8013776586773,21.0591613309978));
#12038=CARTESIAN_POINT('Ctrl Pts',(-1.94335529440986,-6.80137765867725,
21.2371087965255));
#12039=CARTESIAN_POINT('',(-1.42256553567877,-2.03452067506682,21.1143292082417));
#12040=CARTESIAN_POINT('Ctrl Pts',(-1.42256553465123,-2.03452067611652,
21.1143292092691));
#12041=CARTESIAN_POINT('Ctrl Pts',(-1.55734769265968,-1.95874421210155,
20.9795470512573));
#12042=CARTESIAN_POINT('Ctrl Pts',(-1.69978594740761,-1.88296774808625,
20.8371087965061));
#12043=CARTESIAN_POINT('Ctrl Pts',(-1.54369257361963,-2.26147895748347,
21.2371087965044));
#12044=CARTESIAN_POINT('Ctrl Pts',(-1.48434353024438,-2.15027540405075,
21.1811235588484));
#12045=CARTESIAN_POINT('Ctrl Pts',(-1.42256553648343,-2.03452067508693,
21.1143292074374));
#12046=CARTESIAN_POINT('Origin',(28.3614343911657,-9.80627841449004,32.6152457451764));
#12047=CARTESIAN_POINT('',(23.2267795268907,-5.04861937772991,27.6152873438478));
#12048=CARTESIAN_POINT('Origin',(28.3614343911517,-9.80627841449006,27.6152874933784));
#12049=CARTESIAN_POINT('',(24.0466998634834,-4.2941947832261,31.1631658297384));
#12050=CARTESIAN_POINT('Origin',(28.3614343912139,-9.80627841448993,49.8334602598964));
#12051=CARTESIAN_POINT('',(22.9081264752493,-5.41749352864209,31.163165829736));
#12052=CARTESIAN_POINT('Origin',(28.3614343911616,-9.80627841449004,31.163165829711));
#12053=CARTESIAN_POINT('',(22.9081264752577,-5.4174935286366,32.6152457451893));
#12054=CARTESIAN_POINT('',(22.9081264751957,-5.41749352867664,21.9558175594596));
#12055=CARTESIAN_POINT('Origin',(28.3614343911657,-9.80627841449004,32.6152457451764));
#12056=CARTESIAN_POINT('Origin',(-25.2359556345396,-11.3013756832243,27.6152872004445));
#12057=CARTESIAN_POINT('',(23.2267795092633,-12.0513757438442,27.6152872003093));
#12058=CARTESIAN_POINT('Origin',(0.177978850263882,-8.80137472891598,28.1671985209663));
#12059=CARTESIAN_POINT('Origin',(11.3402136232932,9.33162448811889,35.5440757492383));
#12060=CARTESIAN_POINT('',(11.3402136232932,12.0038831733014,31.1687147852827));
#12061=CARTESIAN_POINT('',(11.3399997779554,2.09860523657985,31.1685009398942));
#12062=CARTESIAN_POINT('',(11.3402136232932,7.306166389662,31.168714785282));
#12063=CARTESIAN_POINT('',(11.3402136232932,12.0038831733014,31.1631658297383));
#12064=CARTESIAN_POINT('',(11.3402136232932,12.0038831733014,35.5440757492383));
#12065=CARTESIAN_POINT('',(11.3402136232932,-0.897371377385267,31.1631658297383));
#12066=CARTESIAN_POINT('',(11.3402136232932,9.33162448811889,31.1631658297383));
#12067=CARTESIAN_POINT('',(11.3402136232932,-0.897371377385267,31.1682870946055));
#12068=CARTESIAN_POINT('',(11.3402136232932,-0.897371377385284,28.3152381790902));
#12069=CARTESIAN_POINT('',(11.3402136232932,5.15920843749972,31.1682870946049));
#12070=CARTESIAN_POINT('Origin',(18.5636665343432,12.0038831733014,35.5440757492383));
#12071=CARTESIAN_POINT('',(12.3397859326161,12.0038831733014,32.168287323338));
#12072=CARTESIAN_POINT('',(14.4897028334694,12.0038831733014,34.3182047161587));
#12073=CARTESIAN_POINT('',(12.3397859326172,12.0038831733014,38.239286272306));
#12074=CARTESIAN_POINT('',(12.3397859326164,12.0038831733014,34.0291801361582));
#12075=CARTESIAN_POINT('',(14.3394239500282,12.0038831733014,38.2392862723056));
#12076=CARTESIAN_POINT('',(8.84033035459719,12.0038831733014,38.2392862723066));
#12077=CARTESIAN_POINT('',(14.3394239500284,12.0038831733014,39.910406807859));
#12078=CARTESIAN_POINT('',(14.3394239500281,12.0038831733014,38.2741810107723));
#12079=CARTESIAN_POINT('',(24.7871194453932,12.0038831733014,34.4743448896268));
#12080=CARTESIAN_POINT('Origin',(13.7005776376945,12.0038831733013,25.9247259869742));
#12081=CARTESIAN_POINT('',(24.7871194453932,12.0038831733014,34.3603431588707));
#12082=CARTESIAN_POINT('',(24.7871194453932,12.0038831733014,35.5440757492383));
#12083=CARTESIAN_POINT('',(24.0482467155133,12.0038831733014,31.1631658297383));
#12084=CARTESIAN_POINT('',(24.7186685395932,12.0038831733014,34.0641491388018));
#12085=CARTESIAN_POINT('',(18.5636665343432,12.0038831733014,31.1631658297383));
#12086=CARTESIAN_POINT('',(21.0722426054985,12.0038831733014,32.9390668694134));
#12087=CARTESIAN_POINT('Origin',(21.0722426054985,12.0038831733014,34.4390668694134));
#12088=CARTESIAN_POINT('Origin',(13.7005776376944,-13.653374833337,25.9247259869745));
#12089=CARTESIAN_POINT('',(14.3394239500289,9.58747752758723,39.9104068078591));
#12090=CARTESIAN_POINT('',(14.3394239500327,-13.6533748333369,39.9104068078591));
#12091=CARTESIAN_POINT('',(18.8767159088496,3.10755306059238,38.932992021782));
#12092=CARTESIAN_POINT('Origin',(13.7005776376944,10.4998446151581,25.9247259869743));
#12093=CARTESIAN_POINT('',(20.3608327088919,2.24628663625659,38.2392862723047));
#12094=CARTESIAN_POINT('Origin',(13.7005776376944,6.11138274605627,25.9247259869743));
#12095=CARTESIAN_POINT('',(20.3608327088919,2.01504872888196,38.2392862723047));
#12096=CARTESIAN_POINT('',(20.3608327088919,-13.6533748333369,38.2392862723048));
#12097=CARTESIAN_POINT('',(21.491962717913,1.35862849409938,37.556652360804));
#12098=CARTESIAN_POINT('Origin',(13.7005776376944,5.88014483868148,25.9247259869743));
#12099=CARTESIAN_POINT('',(24.7871194453932,-4.40789577898971,34.4743448896269));
#12100=CARTESIAN_POINT('Origin',(13.7005776376944,14.9935523844729,25.9247259869743));
#12101=CARTESIAN_POINT('',(24.7871194453932,-13.653374833337,34.474344889627));
#12102=CARTESIAN_POINT('Origin',(13.7005776376944,-13.653374833337,25.9247259869745));
#12103=CARTESIAN_POINT('',(20.3073906770738,-2.98046265159033,38.2680405376586));
#12104=CARTESIAN_POINT('',(14.5998122014155,-1.30399777176693,39.8960813197206));
#12105=CARTESIAN_POINT('Ctrl Pts',(20.3073906770738,-2.98046265159032,38.2680405376586));
#12106=CARTESIAN_POINT('Ctrl Pts',(20.1932566010144,-3.15798713400174,38.3291313005044));
#12107=CARTESIAN_POINT('Ctrl Pts',(20.0631939828018,-3.3198062610409,38.3966180056937));
#12108=CARTESIAN_POINT('Ctrl Pts',(19.6489221746291,-3.74715629702392,38.6022663606723));
#12109=CARTESIAN_POINT('Ctrl Pts',(19.2991047828172,-3.99259496585977,38.7636205730092));
#12110=CARTESIAN_POINT('Ctrl Pts',(18.5263050642016,-4.32114899297946,39.0736071265311));
#12111=CARTESIAN_POINT('Ctrl Pts',(18.1029071698008,-4.40399777176668,39.2214853451009));
#12112=CARTESIAN_POINT('Ctrl Pts',(17.318261576133,-4.40399777176666,39.4553679168678));
#12113=CARTESIAN_POINT('Ctrl Pts',(16.9050528665058,-4.32897533920749,39.5589555823947));
#12114=CARTESIAN_POINT('Ctrl Pts',(16.1375764839051,-4.01352753476558,39.7168220805458));
#12115=CARTESIAN_POINT('Ctrl Pts',(15.7835982529715,-3.77286768428346,39.7720379073604));
#12116=CARTESIAN_POINT('Ctrl Pts',(15.2304835743751,-3.2177187235314,39.843875418689));
#12117=CARTESIAN_POINT('Ctrl Pts',(14.9927975587817,-2.8699708782993,39.866124179093));
#12118=CARTESIAN_POINT('Ctrl Pts',(14.6774640601005,-2.10749762137881,39.8917624865347));
#12119=CARTESIAN_POINT('Ctrl Pts',(14.5998122014156,-1.69280555023317,39.8960813197206));
#12120=CARTESIAN_POINT('Ctrl Pts',(14.5998122014155,-1.30399777176667,39.8960813197206));
#12121=CARTESIAN_POINT('',(15.0926347535737,0.373090703974867,39.8556114441367));
#12122=CARTESIAN_POINT('Ctrl Pts',(20.3073906770738,-2.98046265159034,38.2680405376586));
#12123=CARTESIAN_POINT('Ctrl Pts',(20.1933550005746,-3.15774086203371,38.3290786317099));
#12124=CARTESIAN_POINT('Ctrl Pts',(20.0634373037354,-3.31934460108441,38.3964916562404));
#12125=CARTESIAN_POINT('Ctrl Pts',(19.6493283549695,-3.74652889445259,38.6020759076912));
#12126=CARTESIAN_POINT('Ctrl Pts',(19.2995103894223,-3.9919688273945,38.7634438952484));
#12127=CARTESIAN_POINT('Ctrl Pts',(18.5267089564809,-4.32052477347867,39.0734590822802));
#12128=CARTESIAN_POINT('Ctrl Pts',(18.1033098882017,-4.40337417471741,39.2213521794973));
#12129=CARTESIAN_POINT('Ctrl Pts',(17.3186635278811,-4.40337417471739,39.4552605167811));
#12130=CARTESIAN_POINT('Ctrl Pts',(16.9054549213153,-4.32835208855178,39.5588611643114));
#12131=CARTESIAN_POINT('Ctrl Pts',(16.1379774503279,-4.01290398760472,39.7167513084544));
#12132=CARTESIAN_POINT('Ctrl Pts',(15.7839980762292,-3.77224344618919,39.7719777991329));
#12133=CARTESIAN_POINT('Ctrl Pts',(15.2308833693978,-3.21709333307848,39.8438314706688));
#12134=CARTESIAN_POINT('Ctrl Pts',(14.9931978762811,-2.86934592936677,39.8660870687929));
#12135=CARTESIAN_POINT('Ctrl Pts',(14.6778649931728,-2.10687342606261,39.8917344392615));
#12136=CARTESIAN_POINT('Ctrl Pts',(14.6002132299597,-1.69218167727352,39.8960555026496));
#12137=CARTESIAN_POINT('Ctrl Pts',(14.6002132299597,-0.914566672161187,
39.8960555026496));
#12138=CARTESIAN_POINT('Ctrl Pts',(14.6778649931728,-0.499874923372098,
39.8917344392615));
#12139=CARTESIAN_POINT('Ctrl Pts',(14.9065723765011,0.0531377829828295,
39.8731326907495));
#12140=CARTESIAN_POINT('Ctrl Pts',(14.9932529540367,0.218511956330945,39.8655422659541));
#12141=CARTESIAN_POINT('Ctrl Pts',(15.0926347535737,0.373090703974851,39.8556114441367));
#12142=CARTESIAN_POINT('Ctrl Pts',(14.5998122014155,-1.30399777176667,39.8960813197206));
#12143=CARTESIAN_POINT('Ctrl Pts',(14.5998122014155,-0.915189993300175,
39.8960813197206));
#12144=CARTESIAN_POINT('Ctrl Pts',(14.6774640601005,-0.500497922154527,
39.8917624865347));
#12145=CARTESIAN_POINT('Ctrl Pts',(14.9062671721389,0.0527457223016825,
39.8731595643758));
#12146=CARTESIAN_POINT('Ctrl Pts',(14.9930856866755,0.218333166775709,39.865558980306));
#12147=CARTESIAN_POINT('Ctrl Pts',(15.0926347535737,0.373090703974864,39.8556114441367));
#12148=CARTESIAN_POINT('Origin',(18.5636665343432,9.33162448811889,31.1631658297383));
#12149=CARTESIAN_POINT('',(11.504687450331,-0.897371377385231,31.1631658297384));
#12150=CARTESIAN_POINT('',(9.38194030084132,-0.897371377385586,31.1631658297384));
#12151=CARTESIAN_POINT('',(24.0482467155133,-4.82317628673042,31.1631658297384));
#12152=CARTESIAN_POINT('',(24.0482467155133,8.73190743666819,31.1631658297383));
#12153=CARTESIAN_POINT('Origin',(26.7002143929096,-11.3013756845605,31.1631658297384));
#12154=CARTESIAN_POINT('',(24.0466998634832,-3.1121615106488,31.1631658297384));
#12155=CARTESIAN_POINT('',(24.0466998634832,-1.73487565817607,31.1631658297383));
#12156=CARTESIAN_POINT('',(21.4919627179118,1.35862849409935,31.1631658297383));
#12157=CARTESIAN_POINT('',(19.3025436039198,5.19011194358396,31.1631658297383));
#12158=CARTESIAN_POINT('',(20.2168498328309,2.09860523658134,31.1631658297383));
#12159=CARTESIAN_POINT('',(17.957397667683,3.40981624583535,31.1631658297383));
#12160=CARTESIAN_POINT('',(11.5046874503305,2.09860523657988,31.1631658297383));
#12161=CARTESIAN_POINT('',(17.9819403008408,2.09860523658095,31.1631658297383));
#12162=CARTESIAN_POINT('',(11.5046874503306,1.40362368100248,31.1631658297383));
#12163=CARTESIAN_POINT('Origin',(21.0722426054985,17.0503451012665,34.4390668694133));
#12164=CARTESIAN_POINT('',(21.0722426054985,11.0038831733014,32.9390668694134));
#12165=CARTESIAN_POINT('',(21.0722426054985,17.0503451012665,32.9390668694133));
#12166=CARTESIAN_POINT('Origin',(21.0722426054985,11.0038831733014,34.4390668694134));
#12167=CARTESIAN_POINT('Origin',(21.0722426054985,11.0038831733014,34.4390668694134));
#12168=CARTESIAN_POINT('',(21.0722426054985,11.0038831733014,33.0890668694134));
#12169=CARTESIAN_POINT('Origin',(21.0722426054985,11.0038831733014,34.4390668694134));
#12170=CARTESIAN_POINT('Origin',(17.7002132299598,-1.30337417471771,35.7003057380518));
#12171=CARTESIAN_POINT('',(15.0926347550928,0.373090706337297,36.6152857779655));
#12172=CARTESIAN_POINT('',(15.0926347554886,0.37309070695284,35.7003057380516));
#12173=CARTESIAN_POINT('',(20.3073906762819,-2.98046265282157,36.6152857779655));
#12174=CARTESIAN_POINT('',(20.307390675886,-2.9804626534372,35.700305738052));
#12175=CARTESIAN_POINT('Origin',(17.7002132299598,-1.30337417471762,36.6152857779655));
#12176=CARTESIAN_POINT('Origin',(26.7002143929096,-11.3013756845605,21.955817559462));
#12177=CARTESIAN_POINT('',(24.7871194453932,-4.56787230802701,34.3603431588708));
#12178=CARTESIAN_POINT('Origin',(26.7002143929096,-11.3013756845604,42.6384992571095));
#12179=CARTESIAN_POINT('',(24.7871194453932,-4.56787230802702,34.3670365446719));
#12180=CARTESIAN_POINT('',(24.7871194453932,-4.56787230802711,21.955817559462));
#12181=CARTESIAN_POINT('',(24.3822777573977,-4.69628902700996,32.6152454521031));
#12182=CARTESIAN_POINT('Origin',(26.7002143929096,-11.3013756845604,42.6451926428997));
#12183=CARTESIAN_POINT('Origin',(26.7002143929096,-11.3013756845605,32.6152454522424));
#12184=CARTESIAN_POINT('Origin',(24.706054813252,8.13219038521749,34.009568264095));
#12185=CARTESIAN_POINT('',(24.7871194453932,8.73190743666819,34.3603431588707));
#12186=CARTESIAN_POINT('Origin',(24.7871194453932,9.33162448811888,35.5440757492383));
#12187=CARTESIAN_POINT('',(24.7871194453932,-4.40789577898983,34.3670365446731));
#12188=CARTESIAN_POINT('',(24.7871194453932,-1.73487565818159,34.3670365446739));
#12189=CARTESIAN_POINT('',(24.7871194453932,-4.40789577899461,18.8296807636051));
#12190=CARTESIAN_POINT('Origin',(17.7002132299598,-1.30337417471771,35.7003057380518));
#12191=CARTESIAN_POINT('',(18.2990956811481,-2.73300343073479,31.1631658297389));
#12192=CARTESIAN_POINT('',(18.29909568355,-2.73300342972814,35.9302857779671));
#12193=CARTESIAN_POINT('',(18.2990956834651,-2.73300342976374,35.7003057380519));
#12194=CARTESIAN_POINT('',(17.7002132734333,-2.85354218282806,31.1631658297384));
#12195=CARTESIAN_POINT('Origin',(17.699812201414,-1.30354223471799,31.1631658297384));
#12196=CARTESIAN_POINT('',(17.70021322996,-2.85337417471763,36.6152857779656));
#12197=CARTESIAN_POINT('',(17.70021322996,-2.85337417471771,35.7003057380519));
#12198=CARTESIAN_POINT('Origin',(17.7002132299598,-1.30337417471762,36.6152857779655));
#12199=CARTESIAN_POINT('',(16.149812201414,-1.30354223471823,31.1631658297384));
#12200=CARTESIAN_POINT('Origin',(17.699812201414,-1.30354223471799,31.1631658297384));
#12201=CARTESIAN_POINT('',(17.1009297502258,0.126087021298701,31.1631658297389));
#12202=CARTESIAN_POINT('Origin',(17.699812201414,-1.30354223471799,31.1631658297384));
#12203=CARTESIAN_POINT('',(17.1009297478246,0.126087020292466,35.9302857779673));
#12204=CARTESIAN_POINT('',(17.1009297479094,0.126087020328028,35.7003057380517));
#12205=CARTESIAN_POINT('Origin',(17.7002132299598,-1.30337417471769,35.9302857779673));
#12206=CARTESIAN_POINT('Origin',(21.0722426054985,6.00362448811889,34.4390668694134));
#12207=CARTESIAN_POINT('',(21.0722426054985,6.00362448811889,33.0890668694134));
#12208=CARTESIAN_POINT('Origin',(21.0722426054985,6.00362448811889,34.4390668694134));
#12209=CARTESIAN_POINT('Origin',(21.0722426054985,15.2116244881189,34.4390668694133));
#12210=CARTESIAN_POINT('',(21.0722426054985,15.2116244881189,33.0890668694133));
#12211=CARTESIAN_POINT('Origin',(18.0657399825385,8.1325138745694,36.615285777965));
#12212=CARTESIAN_POINT('Origin',(17.699812201415,-1.30399777176666,36.615285777965));
#12213=CARTESIAN_POINT('Origin',(0.200214067337741,-0.897371377387167,21.0864006089421));
#12214=CARTESIAN_POINT('',(12.3803268081543,-0.897371377385089,30.3828270032201));
#12215=CARTESIAN_POINT('Origin',(11.4036115815725,-0.897371377385267,30.1682871091122));
#12216=CARTESIAN_POINT('',(12.8471723345259,-0.897371377385018,29.761891478121));
#12217=CARTESIAN_POINT('',(12.5303978998043,-0.897371377385071,30.183222494165));
#12218=CARTESIAN_POINT('',(13.1848740754527,-0.897371377384965,29.6774660428889));
#12219=CARTESIAN_POINT('',(8.66261534538958,-0.897371377385711,30.8080307254057));
#12220=CARTESIAN_POINT('',(13.184874075452,-0.897371377385,25.5273858504379));
#12221=CARTESIAN_POINT('',(13.1848740754525,-0.897371377384982,28.0848433788309));
#12222=CARTESIAN_POINT('',(6.81750529308417,-0.897371377386048,24.599981792938));
#12223=CARTESIAN_POINT('Origin',(10.1998121981792,-0.897371377385497,23.6999817930794));
#12224=CARTESIAN_POINT('',(2.8268659940336,-0.897371377386723,24.5999817929387));
#12225=CARTESIAN_POINT('',(2.20021406733833,-0.897371377386812,24.5999817929388));
#12226=CARTESIAN_POINT('',(2.826865994033,-0.897371377386741,21.0864006089417));
#12227=CARTESIAN_POINT('',(1.69941034369402,-0.897371377386919,21.2371087964989));
#12228=CARTESIAN_POINT('',(1.46228832149411,-0.897371377386954,21.4742308186979));
#12229=CARTESIAN_POINT('',(1.69941034369403,-0.897371377386901,23.9371169101909));
#12230=CARTESIAN_POINT('',(1.69941034369403,-0.897371377386919,21.7050063270069));
#12231=CARTESIAN_POINT('',(-1.29978594735074,-0.897371377387398,23.9371169101943));
#12232=CARTESIAN_POINT('',(0.199812198066622,-0.897371377387149,23.9371169101911));
#12233=CARTESIAN_POINT('',(-1.29978594735787,-0.897371377387416,21.2371087965024));
#12234=CARTESIAN_POINT('',(-1.29978594735663,-0.897371377387416,21.7050063270104));
#12235=CARTESIAN_POINT('',(-1.06246299056773,-0.89737137738738,21.4744317532913));
#12236=CARTESIAN_POINT('',(-2.42686599403163,-0.897371377387594,24.5999817929385));
#12237=CARTESIAN_POINT('',(-2.42686599403106,-0.897371377387611,21.0864006089416));
#12238=CARTESIAN_POINT('',(-6.41788089671869,-0.897371377388251,24.5999817929382));
#12239=CARTESIAN_POINT('',(-1.80021406733636,-0.897371377387487,24.5999817929395));
#12240=CARTESIAN_POINT('',(-12.7848740754501,-0.897371377389388,25.5279992569193));
#12241=CARTESIAN_POINT('Origin',(-9.80018780182077,-0.897371376860318,23.6999817931058));
#12242=CARTESIAN_POINT('',(-12.7848740754509,-0.89737137738937,29.6774660428893));
#12243=CARTESIAN_POINT('',(-12.7848740754505,-0.89737137738937,28.0848433788303));
#12244=CARTESIAN_POINT('',(-12.4471723345239,-0.89737137738921,29.7618914781212));
#12245=CARTESIAN_POINT('',(-8.2626153453876,-0.897371377388517,30.8080307254055));
#12246=CARTESIAN_POINT('',(-11.9803268081522,-0.897371377389139,30.3828270032192));
#12247=CARTESIAN_POINT('',(-12.1303978998024,-0.897371377389157,30.1832224941652));
#12248=CARTESIAN_POINT('',(-11.1046874503366,-0.897371377388979,31.1631658297384));
#12249=CARTESIAN_POINT('Origin',(-11.0036115815706,-0.897371377388979,30.168287109113));
#12250=CARTESIAN_POINT('',(-11.0100884661683,-0.897371377388961,31.1631658297384));
#12251=CARTESIAN_POINT('',(-5.71766365493943,-0.897371377388091,31.1631658297384));
#12252=CARTESIAN_POINT('',(-11.0100884661683,-0.897371377388979,31.168266133876));
#12253=CARTESIAN_POINT('',(-11.0100884661683,-0.897371377388979,28.3152381790902));
#12254=CARTESIAN_POINT('',(-11.0036113527397,-0.897371377388961,31.168287109113));
#12255=CARTESIAN_POINT('Origin',(-11.0036115815706,-0.897371377388979,30.168287109113));
#12256=CARTESIAN_POINT('',(-7.61221406733742,-0.897371377388411,31.1682863330564));
#12257=CARTESIAN_POINT('',(0.199790227815509,-0.897371377387114,31.1682845454291));
#12258=CARTESIAN_POINT('',(-6.6122140673376,-0.897371377388233,32.1682861042253));
#12259=CARTESIAN_POINT('',(-7.92968505145922,-0.897371377388464,30.8508154215815));
#12260=CARTESIAN_POINT('',(-6.61221406733859,-0.897371377388197,38.2392862723073));
#12261=CARTESIAN_POINT('',(-6.61221406733718,-0.897371377388251,29.6628434406243));
#12262=CARTESIAN_POINT('',(-0.953433959830404,-0.897371377387256,38.2392862723083));
#12263=CARTESIAN_POINT('',(0.741395878907332,-0.897371377386972,38.239286272308));
#12264=CARTESIAN_POINT('',(-0.953433959830128,-0.897371377387274,36.4392862723083));
#12265=CARTESIAN_POINT('',(-0.953433959828849,-0.897371377387309,28.6628434406253));
#12266=CARTESIAN_POINT('',(1.35343395983212,-0.897371377386883,36.4392862723079));
#12267=CARTESIAN_POINT('',(0.182326506248599,-0.897371377387078,36.4392862723081));
#12268=CARTESIAN_POINT('',(1.35343395983241,-0.897371377386883,38.2392862723079));
#12269=CARTESIAN_POINT('',(1.35343395983082,-0.897371377386936,28.6628434406249));
#12270=CARTESIAN_POINT('',(7.01221406734059,-0.897371377385942,38.239286272307));
#12271=CARTESIAN_POINT('',(-0.341395878905336,-0.897371377387167,38.2392862723082));
#12272=CARTESIAN_POINT('',(7.01221406733958,-0.897371377385977,32.168286104225));
#12273=CARTESIAN_POINT('',(7.01221406733915,-0.897371377385995,29.662843440624));
#12274=CARTESIAN_POINT('',(8.0122140673394,-0.897371377385817,31.1682863330558));
#12275=CARTESIAN_POINT('',(8.3296850514612,-0.897371377385764,30.8508154215817));
#12276=CARTESIAN_POINT('',(0.20020977218647,-0.897371377387114,31.1682845454291));
#12277=CARTESIAN_POINT('Origin',(11.4036115815721,1.40362368100244,30.1682871091122));
#12278=CARTESIAN_POINT('',(12.3803268081538,2.09860523658002,30.38282700322));
#12279=CARTESIAN_POINT('Origin',(11.403611581572,2.09860523657985,30.1682871091122));
#12280=CARTESIAN_POINT('',(12.3803268081539,1.40362368100262,30.38282700322));
#12281=CARTESIAN_POINT('Origin',(17.4002140673373,2.0986052365808,24.6152857779662));
#12282=CARTESIAN_POINT('',(20.2168498328297,2.09860523658128,24.5999817929357));
#12283=CARTESIAN_POINT('',(20.2168498328287,2.09860523658125,18.9902857779657));
#12284=CARTESIAN_POINT('',(16.9905932191314,2.09860523658075,24.5999817929363));
#12285=CARTESIAN_POINT('',(10.8002140673376,2.09860523657972,24.5999817929373));
#12286=CARTESIAN_POINT('',(16.9905932191321,2.09860523658077,28.7260362569683));
#12287=CARTESIAN_POINT('',(16.9905932191318,2.09860523658077,27.2322858706543));
#12288=CARTESIAN_POINT('',(12.8471723345254,2.09860523658009,29.761891478121));
#12289=CARTESIAN_POINT('',(16.3415700313854,2.09860523658066,28.8882920539054));
#12290=CARTESIAN_POINT('',(14.7886144225855,2.0986052365804,27.1796446870507));
#12291=CARTESIAN_POINT('Origin',(-25.2359556345256,-11.3013756832243,32.6152454522425));
#12292=CARTESIAN_POINT('',(24.3822777573989,-12.0513757438439,32.6152454521031));
#12293=CARTESIAN_POINT('Origin',(21.400214067339,-12.8013758044725,19.7115530591896));
#12294=CARTESIAN_POINT('',(24.807015642391,-4.4427141237361,34.453129409391));
#12295=CARTESIAN_POINT('',(20.2676236031222,3.50122194497513,14.8107191145367));
#12296=CARTESIAN_POINT('',(24.8070156423932,-17.8013751259276,34.4531294093911));
#12297=CARTESIAN_POINT('',(24.8069386151681,-17.8013751259276,34.4527961047661));
#12298=CARTESIAN_POINT('Origin',(21.400214067339,-12.8013758044725,19.7115530591896));
#12299=CARTESIAN_POINT('',(22.5299376677204,-6.40137580447225,24.5999817929354));
#12300=CARTESIAN_POINT('',(21.5931244965883,-10.455061522259,20.5462960751496));
#12301=CARTESIAN_POINT('',(22.5299376677193,-0.457827668065257,24.5999817929354));
#12302=CARTESIAN_POINT('',(22.5299376677208,-8.60137580447216,24.5999817929354));
#12303=CARTESIAN_POINT('',(20.2676236031222,3.50122194497513,14.8107191145367));
#12304=CARTESIAN_POINT('Origin',(-0.883005825149301,-12.801375804476,38.2392862723084));
#12305=CARTESIAN_POINT('',(20.369928019293,2.24100842266378,38.2392862723047));
#12306=CARTESIAN_POINT('',(15.5882585263661,5.01591898658339,38.2392862723055));
#12307=CARTESIAN_POINT('',(20.3699280192931,2.00977051528898,38.2392862723047));
#12308=CARTESIAN_POINT('',(20.3699280192965,-17.8013751259283,38.2392862723048));
#12309=CARTESIAN_POINT('',(15.4878731627275,4.84293696795967,38.2392862723055));
#12310=CARTESIAN_POINT('Origin',(20.0746511360891,2.1811263448132,13.3652857779657));
#12311=CARTESIAN_POINT('',(21.4919627179129,1.35862849409946,37.5615293063215));
#12312=CARTESIAN_POINT('Origin',(13.7002141280214,5.880355791537,25.9298464295248));
#12313=CARTESIAN_POINT('',(21.4919627179077,1.35862849409919,7.74028577796551));
#12314=CARTESIAN_POINT('Origin',(20.0746511360891,2.1811263448132,13.3652857779657));
#12315=CARTESIAN_POINT('',(21.4919627179107,1.3586284940993,24.5999817929355));
#12316=CARTESIAN_POINT('',(21.4919627179077,1.35862849409919,7.74028577796551));
#12317=CARTESIAN_POINT('',(15.5658633676106,4.7976774945185,24.5999817929365));
#12318=CARTESIAN_POINT('Origin',(21.268457209458,1.7497631338843,2.11528577796554));
#12319=CARTESIAN_POINT('Origin',(13.7002141280199,14.994188526403,25.9298464295238));
#12320=CARTESIAN_POINT('Origin',(21.268457209458,1.7497631338843,2.11528577796554));
#12321=CARTESIAN_POINT('',(20.4926110556156,3.10749390311512,24.5999817929357));
#12322=CARTESIAN_POINT('Origin',(-17.2997297079675,-1.303374174724,35.700296201302));
#12323=CARTESIAN_POINT('',(-19.798297808738,0.531607418048302,38.3252103381479));
#12324=CARTESIAN_POINT('',(-19.7982978002533,0.531607429601088,36.6152857779597));
#12325=CARTESIAN_POINT('',(-19.7982977959378,0.531607435477187,35.7002962013018));
#12326=CARTESIAN_POINT('',(-20.3997297079675,-1.30337417472387,37.990919668292));
#12327=CARTESIAN_POINT('Ctrl Pts',(-20.3997297079676,-1.3033741747238,37.990919668292));
#12328=CARTESIAN_POINT('Ctrl Pts',(-20.3997297079676,-0.911465283571704,
37.9909196682919));
#12329=CARTESIAN_POINT('Ctrl Pts',(-20.320859157938,-0.498988064852942,
38.0382770309094));
#12330=CARTESIAN_POINT('Ctrl Pts',(-20.0695995547721,0.111888748721497,
38.1797048850974));
#12331=CARTESIAN_POINT('Ctrl Pts',(-19.9435300150202,0.333854721644897,
38.2490966981413));
#12332=CARTESIAN_POINT('Ctrl Pts',(-19.798297808738,0.531607418048292,38.3252103381479));
#12333=CARTESIAN_POINT('',(-14.801619696869,-3.13897935352684,39.8441654931869));
#12334=CARTESIAN_POINT('Ctrl Pts',(-14.801619696869,-3.13897935352682,39.8441654931869));
#12335=CARTESIAN_POINT('Ctrl Pts',(-14.8961929349844,-3.26768587257909,
39.8339590725421));
#12336=CARTESIAN_POINT('Ctrl Pts',(-14.999404948733,-3.38711145884564,39.8218256393634));
#12337=CARTESIAN_POINT('Ctrl Pts',(-15.3873688237115,-3.77507533382411,
39.7712928919517));
#12338=CARTESIAN_POINT('Ctrl Pts',(-15.7408328408502,-4.01468153341638,
39.7160212304209));
#12339=CARTESIAN_POINT('Ctrl Pts',(-16.5068429968095,-4.32871339752379,
39.5582421437246));
#12340=CARTESIAN_POINT('Ctrl Pts',(-16.919101214402,-4.40337417472368,39.4548064096831));
#12341=CARTESIAN_POINT('Ctrl Pts',(-17.6946730656997,-4.4033741747237,39.2235609687622));
#12342=CARTESIAN_POINT('Ctrl Pts',(-18.1101878189731,-4.32378760808787,
39.0788768603327));
#12343=CARTESIAN_POINT('Ctrl Pts',(-18.8709553650576,-4.00725829029867,
38.7751411410965));
#12344=CARTESIAN_POINT('Ctrl Pts',(-19.216595299671,-3.7705706263769,38.6167939588767));
#12345=CARTESIAN_POINT('Ctrl Pts',(-19.759149064636,-3.22801686141193,38.3492263923124));
#12346=CARTESIAN_POINT('Ctrl Pts',(-19.9969823666982,-2.88627909245037,
38.220410607397));
#12347=CARTESIAN_POINT('Ctrl Pts',(-20.3174358148358,-2.12447556054795,
38.040362960108));
#12348=CARTESIAN_POINT('Ctrl Pts',(-20.3997297079676,-1.70385102835529,
37.990919668292));
#12349=CARTESIAN_POINT('Ctrl Pts',(-20.3997297079676,-1.3033741747238,37.9909196682919));
#12350=CARTESIAN_POINT('',(-14.8016197127739,-3.13897937517253,36.6152857779614));
#12351=CARTESIAN_POINT('',(-14.8016197170916,-3.13897938104863,35.7002962013023));
#12352=CARTESIAN_POINT('Origin',(-17.2997297079675,-1.30337417472398,36.6152857779605));
#12353=CARTESIAN_POINT('Origin',(-17.2997297079675,-1.303374174724,35.700296201302));
#12354=CARTESIAN_POINT('',(-17.8338058496835,0.151707498189878,35.9302857780144));
#12355=CARTESIAN_POINT('',(-17.8338058360109,0.151707503207855,31.1631658297388));
#12356=CARTESIAN_POINT('',(-17.8338058487058,0.15170749854872,35.7002962013019));
#12357=CARTESIAN_POINT('',(-15.7497297170838,-1.30354228356347,35.9302857780082));
#12358=CARTESIAN_POINT('Origin',(-17.2997297079675,-1.30337417472398,35.9302857780121));
#12359=CARTESIAN_POINT('',(-16.7661116633452,-2.75862390671276,35.9302857780118));
#12360=CARTESIAN_POINT('Origin',(-17.2997297079675,-1.30337417472398,35.9302857780121));
#12361=CARTESIAN_POINT('',(-16.7661116770295,-2.75862391173102,31.1631658297388));
#12362=CARTESIAN_POINT('',(-16.7661116643235,-2.75862390707153,35.7002962013022));
#12363=CARTESIAN_POINT('',(-17.2997296583125,-2.85354216608961,31.1631658297523));
#12364=CARTESIAN_POINT('Origin',(-17.300187805073,-1.30354223379879,31.1631658297523));
#12365=CARTESIAN_POINT('',(-17.2997297079672,-2.85337417472397,36.6152857779607));
#12366=CARTESIAN_POINT('',(-17.2997297079673,-2.853374174724,35.7002962013022));
#12367=CARTESIAN_POINT('Origin',(-17.2997297079675,-1.30337417472398,36.6152857779605));
#12368=CARTESIAN_POINT('Origin',(-17.300187805073,-1.30354223379879,31.1631658297523));
#12369=CARTESIAN_POINT('Origin',(-11.0100884661683,9.33162448811891,35.5440757492383));
#12370=CARTESIAN_POINT('',(-11.0100884661683,2.09860523657615,31.2385896441467));
#12371=CARTESIAN_POINT('',(-11.0100884661683,12.0038831733015,31.238589644145));
#12372=CARTESIAN_POINT('',(-11.0100884661683,7.30616638965928,31.2385896441458));
#12373=CARTESIAN_POINT('',(-11.0100884661683,2.09860523657613,31.168266133876));
#12374=CARTESIAN_POINT('',(-11.0100884661683,2.09860523657615,30.0796807636022));
#12375=CARTESIAN_POINT('',(-11.0100884661683,1.40362368099862,31.168266133876));
#12376=CARTESIAN_POINT('',(-11.0100884661683,12.0038831733015,31.1631658297383));
#12377=CARTESIAN_POINT('',(-11.0100884661683,8.73190743656131,31.1631658297383));
#12378=CARTESIAN_POINT('',(-11.0100884661683,12.0038831733015,35.5440757492383));
#12379=CARTESIAN_POINT('Origin',(-13.2994224836724,-13.653374833337,25.9247259869744));
#12380=CARTESIAN_POINT('Ctrl Pts',(-14.801619696869,-3.13897935352684,39.8441654931869));
#12381=CARTESIAN_POINT('Ctrl Pts',(-14.895165795738,-3.26635463700929,39.8340699222436));
#12382=CARTESIAN_POINT('Ctrl Pts',(-14.997155648179,-3.38462597904004,39.8220901712584));
#12383=CARTESIAN_POINT('Ctrl Pts',(-15.3839692544774,-3.77286523551972,
39.7718084062925));
#12384=CARTESIAN_POINT('Ctrl Pts',(-15.7379518496146,-4.01352772387987,
39.7165518734659));
#12385=CARTESIAN_POINT('Ctrl Pts',(-16.5054323874615,-4.32897666055568,
39.5585951139231));
#12386=CARTESIAN_POINT('Ctrl Pts',(-16.9186407038208,-4.40399777084749,
39.4549578934999));
#12387=CARTESIAN_POINT('Ctrl Pts',(-17.7032892244812,-4.40399777084747,
39.2209769685943));
#12388=CARTESIAN_POINT('Ctrl Pts',(-18.1266916002674,-4.32114661582735,
39.073041953905));
#12389=CARTESIAN_POINT('Ctrl Pts',(-18.8994978635565,-3.99258526284634,
38.7629460972037));
#12390=CARTESIAN_POINT('Ctrl Pts',(-19.2493174457261,-3.74714176811332,
38.6015393000868));
#12391=CARTESIAN_POINT('Ctrl Pts',(-19.7838497678282,-3.19572356282886,
38.3361100222473));
#12392=CARTESIAN_POINT('Ctrl Pts',(-20.012981141222,-2.85802907331845,38.2115816223164));
#12393=CARTESIAN_POINT('Ctrl Pts',(-20.3213171708653,-2.10838340517488,
38.0380115797525));
#12394=CARTESIAN_POINT('Ctrl Pts',(-20.4001878050563,-1.69590689460924,
37.9906500910403));
#12395=CARTESIAN_POINT('Ctrl Pts',(-20.4001878050563,-0.912088647085686,
37.9906500910403));
#12396=CARTESIAN_POINT('Ctrl Pts',(-20.3213171708653,-0.499612136520032,
38.0380115797525));
#12397=CARTESIAN_POINT('Ctrl Pts',(-20.0699560909152,0.11151250221393,38.1795090018873));
#12398=CARTESIAN_POINT('Ctrl Pts',(-19.9437220106557,0.333696856569515,
38.2489960766121));
#12399=CARTESIAN_POINT('Ctrl Pts',(-19.798297808738,0.531607418048302,38.3252103381479));
#12400=CARTESIAN_POINT('Origin',(-11.6355413772183,9.33162448811893,31.1631658297383));
#12401=CARTESIAN_POINT('',(-11.1046874503371,2.09860523657613,31.1631658297384));
#12402=CARTESIAN_POINT('',(-11.104687450337,1.40362368099862,31.1631658297384));
#12403=CARTESIAN_POINT('',(-19.8168498328299,2.09860523657469,31.1631658297384));
#12404=CARTESIAN_POINT('',(-14.3178777222767,2.09860523657562,31.1631658297384));
#12405=CARTESIAN_POINT('',(-21.0919627179106,1.35862849409228,31.1631658297384));
#12406=CARTESIAN_POINT('',(-15.1156521071707,4.82681622048179,31.1631658297383));
#12407=CARTESIAN_POINT('',(-18.0990820461189,6.59616966972995,31.1631658297384));
#12408=CARTESIAN_POINT('',(-23.6470915614923,12.0038831733015,31.1631658297383));
#12409=CARTESIAN_POINT('',(-23.6470915614923,8.73190993656134,31.1631658297383));
#12410=CARTESIAN_POINT('',(-11.6355413772183,12.0038831733015,31.1631658297383));
#12411=CARTESIAN_POINT('Origin',(-11.6355413772183,12.0038831733015,35.5440757492383));
#12412=CARTESIAN_POINT('',(-11.9397859326185,12.0038831733015,32.1682873233381));
#12413=CARTESIAN_POINT('',(-12.4576719176482,12.0038831733015,32.6861734268763));
#12414=CARTESIAN_POINT('',(-24.3299942882683,12.0038831733015,34.1181552721094));
#12415=CARTESIAN_POINT('',(-24.152246330729,12.0038831733015,33.3490218108752));
#12416=CARTESIAN_POINT('',(-24.3299942882684,12.0038831733015,34.5464356955009));
#12417=CARTESIAN_POINT('',(-24.3299942882683,12.0038831733015,35.5440757492384));
#12418=CARTESIAN_POINT('',(-13.9394239500307,12.0038831733015,39.9103539942361));
#12419=CARTESIAN_POINT('Origin',(-13.2994224836725,12.0038831733014,25.9247259869742));
#12420=CARTESIAN_POINT('',(-13.9394239500305,12.0038831733015,38.2392862723054));
#12421=CARTESIAN_POINT('',(-13.9394239500304,12.0038831733015,38.2741810107717));
#12422=CARTESIAN_POINT('',(-11.9397859326195,12.0038831733015,38.2392862723061));
#12423=CARTESIAN_POINT('',(-6.25927360118357,12.0038831733015,38.2392862723091));
#12424=CARTESIAN_POINT('',(-11.9397859326188,12.0038831733015,34.0291801361577));
#12425=CARTESIAN_POINT('',(-20.2277573945016,12.0038831733015,32.9390668694137));
#12426=CARTESIAN_POINT('Origin',(-20.2277573945016,12.0038831733015,34.4390668694137));
#12427=CARTESIAN_POINT('Origin',(-13.2994224836724,-13.653374833337,25.9247259869744));
#12428=CARTESIAN_POINT('',(-13.9394239500303,9.58747752758254,39.9103539942361));
#12429=CARTESIAN_POINT('',(-13.9394239500264,-13.6533748333369,39.9103539942364));
#12430=CARTESIAN_POINT('',(-24.3299942882684,-4.30792675403484,34.546435695501));
#12431=CARTESIAN_POINT('',(-24.3299942882683,-13.6533748333369,34.546435695501));
#12432=CARTESIAN_POINT('',(-21.0919627179118,1.35862849409233,37.555878523684));
#12433=CARTESIAN_POINT('Origin',(-13.2994224836725,14.9955739040127,25.9247259869742));
#12434=CARTESIAN_POINT('',(-19.9596775548573,2.01571909079285,38.2392862723115));
#12435=CARTESIAN_POINT('Origin',(-13.2994224836725,5.88081520058808,25.9247259869743));
#12436=CARTESIAN_POINT('',(-19.9596775548694,2.24695699816054,38.2392862723049));
#12437=CARTESIAN_POINT('',(-19.9596775548574,-13.6533748333369,38.2392862723115));
#12438=CARTESIAN_POINT('',(-18.476715908849,3.10755306058618,38.9325323133335));
#12439=CARTESIAN_POINT('Origin',(-13.2994224836725,6.11205310796277,25.9247259869743));
#12440=CARTESIAN_POINT('Origin',(-13.2994224836725,10.5014943460701,25.9247259869742));
#12441=CARTESIAN_POINT('Origin',(-20.2277573945016,17.0503451012666,34.4390668694137));
#12442=CARTESIAN_POINT('',(-20.2277573945016,11.0038831733015,32.9390668694137));
#12443=CARTESIAN_POINT('',(-20.2277573945016,17.0503451012666,32.9390668694137));
#12444=CARTESIAN_POINT('Origin',(-20.2277573945016,11.0038831733015,34.4390668694137));
#12445=CARTESIAN_POINT('Origin',(-20.2277573945016,11.0038831733015,34.4390668694137));
#12446=CARTESIAN_POINT('',(-20.2277573945016,11.0038831733015,33.0890668694136));
#12447=CARTESIAN_POINT('Origin',(-20.2277573945016,11.0038831733015,34.4390668694137));
#12448=CARTESIAN_POINT('Origin',(-24.3052839037988,8.13219538500381,34.011230929357));
#12449=CARTESIAN_POINT('',(-24.3299942882683,8.73190993656143,34.1181552721096));
#12450=CARTESIAN_POINT('Origin',(-24.3299942882683,9.33162448811893,35.5440757492384));
#12451=CARTESIAN_POINT('',(-24.3299942882683,-4.30792675403514,34.1198501891795));
#12452=CARTESIAN_POINT('',(-24.3299942882684,-4.30792675403976,18.8296807636051));
#12453=CARTESIAN_POINT('',(-24.3299942882683,-1.73487565817548,34.1198501891769));
#12454=CARTESIAN_POINT('Origin',(-20.2277573945016,6.00362448811892,34.4390668694137));
#12455=CARTESIAN_POINT('',(-20.2277573945016,6.00362448811892,33.0890668694136));
#12456=CARTESIAN_POINT('Origin',(-20.2277573945016,6.00362448811892,34.4390668694137));
#12457=CARTESIAN_POINT('Origin',(-20.2277573945016,15.2116244881189,34.4390668694137));
#12458=CARTESIAN_POINT('',(-20.2277573945016,15.2116244881189,33.0890668694137));
#12459=CARTESIAN_POINT('Origin',(-17.6721448119276,8.13251888420662,36.6152857779599));
#12460=CARTESIAN_POINT('',(-14.2001878050597,-1.30399777101079,36.6152857779459));
#12461=CARTESIAN_POINT('Origin',(-17.3001878050597,-1.30399777084745,36.615285777959));
#12462=CARTESIAN_POINT('Origin',(-17.3001878050597,-1.30399777084745,36.615285777959));
#12463=CARTESIAN_POINT('Origin',(-17.3001878050348,-1.30354223379883,46.6153096585961));
#12464=CARTESIAN_POINT('',(-15.7501878050743,-1.30354223388045,30.6003057380948));
#12465=CARTESIAN_POINT('',(-15.7501878050348,-1.3035422338805,46.6153096585922));
#12466=CARTESIAN_POINT('Origin',(-17.3001878050742,-1.30354223379881,30.6003057380991));
#12467=CARTESIAN_POINT('Origin',(-11.9397859326181,9.57462419552179,32.5142845230771));
#12468=CARTESIAN_POINT('',(-11.9397859326201,15.9225988882438,38.2392862723061));
#12469=CARTESIAN_POINT('',(-11.9397859326172,-1.61337580447768,38.2392862723062));
#12470=CARTESIAN_POINT('',(-11.9397859326191,15.9225988882438,32.1682873233381));
#12471=CARTESIAN_POINT('',(-11.9397859326197,15.9225988882438,35.3726869374581));
#12472=CARTESIAN_POINT('',(-11.9397859326174,5.28070829120039,32.1682873233381));
#12473=CARTESIAN_POINT('Origin',(-13.9394239500305,9.5746241955215,41.0042862723054));
#12474=CARTESIAN_POINT('',(-13.9394239500304,9.5874775275825,39.9155106410624));
#12475=CARTESIAN_POINT('',(-13.9394239500252,9.58747752758233,10.3097860251364));
#12476=CARTESIAN_POINT('',(-13.9394239500312,13.9229608708325,39.9155106410624));
#12477=CARTESIAN_POINT('',(-13.9394239500257,-17.801375125934,39.9155106410626));
#12478=CARTESIAN_POINT('',(-13.9394239500308,13.9229608708325,38.2392862723054));
#12479=CARTESIAN_POINT('',(-13.9394239500308,13.9229608708325,38.2310893518384));
#12480=CARTESIAN_POINT('',(-13.9394239500282,-1.61337580447813,38.2392862723055));
#12481=CARTESIAN_POINT('Origin',(-28.0580721166259,-10.576041709457,-20.3847142220358));
#12482=CARTESIAN_POINT('',(-18.4767159088489,3.10755306058614,38.9379678137802));
#12483=CARTESIAN_POINT('',(-18.4767159088415,3.1075530605859,-3.50971422203375));
#12484=CARTESIAN_POINT('Origin',(-13.3002141280225,10.5003637607695,25.9298464295243));
#12485=CARTESIAN_POINT('Origin',(-11.003611581571,1.40362368099862,30.168287109113));
#12486=CARTESIAN_POINT('',(-11.9803268081527,2.09860523657597,30.3828270032192));
#12487=CARTESIAN_POINT('',(-11.9803268081526,1.40362368099846,30.3828270032192));
#12488=CARTESIAN_POINT('Origin',(-11.0036115815711,2.09860523657613,30.168287109113));
#12489=CARTESIAN_POINT('Origin',(-19.7750364997268,2.35410836343028,13.3652857779655));
#12490=CARTESIAN_POINT('',(-19.969928019292,2.24100842265709,38.2392862723045));
#12491=CARTESIAN_POINT('',(-15.1882585263661,5.01591898657829,38.2392862723057));
#12492=CARTESIAN_POINT('Origin',(-13.3002141280218,6.11159369890651,25.9298464295243));
#12493=CARTESIAN_POINT('Origin',(-17.0002140673364,2.0986052365751,24.615285777966));
#12494=CARTESIAN_POINT('',(-12.4471723345244,2.0986052365759,29.7618914781212));
#12495=CARTESIAN_POINT('',(-14.3886144225846,2.09860523657556,27.1796446870505));
#12496=CARTESIAN_POINT('',(-16.5905932191311,2.09860523657521,28.7260362569679));
#12497=CARTESIAN_POINT('',(-15.9415700313844,2.09860523657532,28.8882920539048));
#12498=CARTESIAN_POINT('',(-16.5905932191304,2.09860523657517,24.5999817929369));
#12499=CARTESIAN_POINT('',(-16.5905932191309,2.09860523657519,27.2322858706549));
#12500=CARTESIAN_POINT('',(-19.8168498328287,2.09860523657464,24.5999817929365));
#12501=CARTESIAN_POINT('',(-10.4002140673366,2.0986052365762,24.5999817929379));
#12502=CARTESIAN_POINT('',(-19.8168498328278,2.09860523657461,18.9902857779655));
#12503=CARTESIAN_POINT('Origin',(-0.883005825149301,-12.801375804476,38.2392862723084));
#12504=CARTESIAN_POINT('',(-19.9699280192798,2.00977051528938,38.2392862723115));
#12505=CARTESIAN_POINT('',(-15.8980367554631,4.37278077767156,38.2392862723108));
#12506=CARTESIAN_POINT('',(-19.9699280192888,-17.8013751259351,38.2392862723046));
#12507=CARTESIAN_POINT('Origin',(-0.883005825149301,-12.801375804476,38.2392862723084));
#12508=CARTESIAN_POINT('',(-16.8564035876387,11.005981233224,38.2392862723109));
#12509=CARTESIAN_POINT('Origin',(-19.6746511360882,2.18112634480661,13.3652857779655));
#12510=CARTESIAN_POINT('',(-21.0919627179117,1.3586284940924,37.5615293063217));
#12511=CARTESIAN_POINT('',(-21.0919627179065,1.35862849409214,7.74028577796568));
#12512=CARTESIAN_POINT('Origin',(-13.3002141280217,5.88035579153252,25.9298464295243));
#12513=CARTESIAN_POINT('Origin',(-20.8684572094569,1.74976313387732,2.11528577796565));
#12514=CARTESIAN_POINT('',(-24.4070156423879,-4.44271412374426,34.4531294093913));
#12515=CARTESIAN_POINT('',(-19.8676236031217,3.50122194496847,14.8107191145365));
#12516=CARTESIAN_POINT('Origin',(-13.3002141280232,14.9941885263985,25.9298464295243));
#12517=CARTESIAN_POINT('Origin',(-21.0002140673331,-12.8013758044795,19.7115530591898));
#12518=CARTESIAN_POINT('',(-23.982277774226,-6.00810585378281,32.6152455952438));
#12519=CARTESIAN_POINT('',(-23.9822777574079,-12.0513757445243,32.6152454521673));
#12520=CARTESIAN_POINT('Origin',(-27.9602025181756,-9.80627841301078,49.8281298201929));
#12521=CARTESIAN_POINT('',(-24.4069386151619,-9.80310981806947,34.4527961047663));
#12522=CARTESIAN_POINT('',(-24.4069386151605,-17.8013751259359,34.4527961047663));
#12523=CARTESIAN_POINT('',(-24.4070156429698,-9.80293297778639,34.4531294101333));
#12524=CARTESIAN_POINT('Origin',(-26.69898252015,-10.8013756831472,44.3707028213817));
#12525=CARTESIAN_POINT('',(-24.4070156423857,-17.8013751259359,34.4531294093914));
#12526=CARTESIAN_POINT('Origin',(10.3757261224424,-2.99176411954726,24.7999817929394));
#12527=CARTESIAN_POINT('',(17.6998122014126,1.46773905739175,24.5999817929382));
#12528=CARTESIAN_POINT('',(15.2998122014127,0.0820984113361434,24.5999817929386));
#12529=CARTESIAN_POINT('',(7.6547192196233,-4.33179807967931,24.5999817929379));
#12530=CARTESIAN_POINT('',(17.6998122014128,1.00585884204006,24.9999817929382));
#12531=CARTESIAN_POINT('',(17.6998122014126,1.46773905739175,24.5999817929382));
#12532=CARTESIAN_POINT('',(15.6998122014128,-0.148841696339667,24.9999817929385));
#12533=CARTESIAN_POINT('',(10.4757261224424,-3.16496920030404,24.9999817929394));
#12534=CARTESIAN_POINT('',(15.2998122014127,0.0820984113361434,24.5999817929386));
#12535=CARTESIAN_POINT('Origin',(13.8738989084186,3.44569101932133,24.7999817929388));
#12536=CARTESIAN_POINT('',(20.0998122014127,0.0820984113370493,24.5999817929378));
#12537=CARTESIAN_POINT('',(12.045206896664,4.73242695225022,24.5999817929371));
#12538=CARTESIAN_POINT('',(19.6998122014132,-0.148841696339009,24.9999817929378));
#12539=CARTESIAN_POINT('',(20.0998122014127,0.0820984113370493,24.5999817929378));
#12540=CARTESIAN_POINT('',(13.7738989084187,3.27248593856441,24.9999817929388));
#12541=CARTESIAN_POINT('Origin',(12.6988989084192,-0.956604783249774,24.799981792939));
#12542=CARTESIAN_POINT('',(15.6998122014134,-2.45824277309818,24.9999817929385));
#12543=CARTESIAN_POINT('',(17.6998122014134,-3.61294331147696,24.9999817929382));
#12544=CARTESIAN_POINT('',(12.7988989084192,-0.783399702492859,24.999981792939));
#12545=CARTESIAN_POINT('',(17.6998122014134,-4.07482352682865,24.5999817929382));
#12546=CARTESIAN_POINT('',(17.6998122014134,-4.07482352682865,24.5999817929382));
#12547=CARTESIAN_POINT('',(15.2998122014132,-2.68918288077404,24.5999817929386));
#12548=CARTESIAN_POINT('',(10.1577068966629,0.279613001121809,24.5999817929375));
#12549=CARTESIAN_POINT('',(15.2998122014132,-2.68918288077404,24.5999817929386));
#12550=CARTESIAN_POINT('Origin',(19.8998122014131,-2.21075902367597,24.7999817929378));
#12551=CARTESIAN_POINT('',(19.6998122014136,-2.45824277309713,24.9999817929379));
#12552=CARTESIAN_POINT('',(19.6998122014133,-2.21075902367592,24.9999817929379));
#12553=CARTESIAN_POINT('',(20.0998122014132,-2.68918288077313,24.5999817929378));
#12554=CARTESIAN_POINT('',(20.099812201415,-3.30606741407434,24.5999817929358));
#12555=CARTESIAN_POINT('',(19.6998122014136,-2.45824277309713,24.9999817929379));
#12556=CARTESIAN_POINT('Origin',(15.4998122014133,-3.3943270755154,24.7999817929386));
#12557=CARTESIAN_POINT('',(15.6998122014134,-3.39432707551537,24.9999817929385));
#12558=CARTESIAN_POINT('',(15.2998122014117,-3.89785143999433,24.5999817929366));
#12559=CARTESIAN_POINT('Origin',(17.6748122014126,1.02029259876976,24.6153096585501));
#12560=CARTESIAN_POINT('',(19.6998122014136,-0.148841696338388,30.6003057380528));
#12561=CARTESIAN_POINT('',(19.6998122014136,-0.148841696338903,27.6001350130598));
#12562=CARTESIAN_POINT('',(17.6998122014135,1.00585884204048,30.6003057380531));
#12563=CARTESIAN_POINT('',(5.09972189067085,8.28052437475861,30.6003057380542));
#12564=CARTESIAN_POINT('',(17.6998122014132,1.00585884204027,27.6001350130602));
#12565=CARTESIAN_POINT('Origin',(19.6998122014128,-0.119974182879518,24.6153096585498));
#12566=CARTESIAN_POINT('',(19.6998122014141,-2.45824277309688,30.6003057380528));
#12567=CARTESIAN_POINT('',(19.6998122014136,-0.508033675180489,30.6003057380528));
#12568=CARTESIAN_POINT('',(19.6998122014141,-2.4582427730969,27.6001350130598));
#12569=CARTESIAN_POINT('Origin',(15.6748122014128,-0.163275453069386,24.6153096585505));
#12570=CARTESIAN_POINT('',(15.6998122014137,-0.148841696339134,30.6003057380535));
#12571=CARTESIAN_POINT('',(3.27615251216061,-7.3216449622524,30.6003057380556));
#12572=CARTESIAN_POINT('',(15.6998122014133,-0.14884169633956,27.6001350130605));
#12573=CARTESIAN_POINT('Origin',(15.6998122014132,-2.48711028655747,24.6153096585515));
#12574=CARTESIAN_POINT('',(15.6998122014141,-2.45824277309764,30.6003057380535));
#12575=CARTESIAN_POINT('',(15.6998122014139,-1.69160172701983,30.6003057380535));
#12576=CARTESIAN_POINT('',(15.6998122014139,-2.45824277309796,27.6001350130605));
#12577=CARTESIAN_POINT('Origin',(17.7248122014133,-3.62737706820675,24.6153096585512));
#12578=CARTESIAN_POINT('',(17.6998122014141,-3.61294331147651,30.6003057380532));
#12579=CARTESIAN_POINT('',(4.1247218906715,4.22463873370126,30.6003057380544));
#12580=CARTESIAN_POINT('',(17.6998122014137,-3.61294331147675,27.6001350130602));
#12581=CARTESIAN_POINT('Origin',(-16.9651877985804,-0.996093167488049,30.600305738058));
#12582=CARTESIAN_POINT('',(6.3011525121611,-10.1939625514702,30.6003057380551));
#12583=CARTESIAN_POINT('',(16.1498122014139,-1.30354223471827,30.6003057380524));
#12584=CARTESIAN_POINT('Origin',(17.6998122014139,-1.30354223471792,30.6003057380521));
#12585=CARTESIAN_POINT('Origin',(13.6007261224429,-6.21049187027883,24.7999817929389));
#12586=CARTESIAN_POINT('',(10.5672192196256,-8.19282800488742,24.5999817929374));
#12587=CARTESIAN_POINT('',(13.5007261224429,-6.03728678952195,24.9999817929389));
#12588=CARTESIAN_POINT('Origin',(19.7248122014131,-2.44380901636762,24.6153096585508));
#12589=CARTESIAN_POINT('Origin',(-13.2011017263764,-6.21049186957497,24.7999817929744));
#12590=CARTESIAN_POINT('',(-17.3001878052099,-3.61294331055785,24.9999817929841));
#12591=CARTESIAN_POINT('',(-19.3001878051494,-2.45824277207288,24.9999817929894));
#12592=CARTESIAN_POINT('',(-13.1011017263667,-6.03728678882326,24.9999817929744));
#12593=CARTESIAN_POINT('',(-17.3001878052353,-4.07482352590954,24.5999817929841));
#12594=CARTESIAN_POINT('',(-17.3001878052353,-4.07482352590954,24.5999817929841));
#12595=CARTESIAN_POINT('',(-19.7001878051622,-2.68918287972794,24.5999817929905));
#12596=CARTESIAN_POINT('',(-10.1674539721841,-8.19290932501418,24.5999817929379));
#12597=CARTESIAN_POINT('',(-19.3001878051494,-2.45824277207288,24.9999817929894));
#12598=CARTESIAN_POINT('Origin',(-19.3251878051494,-2.44380901534218,24.6153096586014));
#12599=CARTESIAN_POINT('',(-17.300187805196,-3.61294331055741,30.6003057380991));
#12600=CARTESIAN_POINT('',(-19.300187805135,-2.45824277207265,30.6003057381044));
#12601=CARTESIAN_POINT('',(-5.90152811628846,-10.1939625511497,30.6003057380712));
#12602=CARTESIAN_POINT('',(-17.3001878052035,-3.61294331055762,27.6001350131061));
#12603=CARTESIAN_POINT('',(-19.300187805143,-2.45824277207277,27.6001350131114));
#12604=CARTESIAN_POINT('Origin',(-19.3001878050268,-0.11997418185527,24.6153096586014));
#12605=CARTESIAN_POINT('',(-19.3001878050278,-0.14884169531478,24.9999817929894));
#12606=CARTESIAN_POINT('',(-19.300187805136,-2.21075902265178,24.9999817929894));
#12607=CARTESIAN_POINT('',(-19.3001878050134,-0.14884169531414,30.6003057381044));
#12608=CARTESIAN_POINT('',(-19.3001878050213,-0.148841695314655,27.6001350131104));
#12609=CARTESIAN_POINT('',(-19.3001878050324,-0.508033674156242,30.6003057381044));
#12610=CARTESIAN_POINT('Origin',(-19.5001878051366,-2.21075902264132,24.7999817929895));
#12611=CARTESIAN_POINT('',(-19.7001878050163,0.0820984123822399,24.5999817929905));
#12612=CARTESIAN_POINT('',(-19.7001878052489,-3.30606741313475,24.5999817929365));
#12613=CARTESIAN_POINT('',(-19.7001878050163,0.0820984123822399,24.5999817929905));
#12614=CARTESIAN_POINT('Origin',(-17.3251878052117,-3.62737706728626,24.6153096585971));
#12615=CARTESIAN_POINT('',(-15.3001878051494,-2.45824277228412,24.9999817929797));
#12616=CARTESIAN_POINT('',(-12.3992745120673,-0.78339970183113,24.9999817929722));
#12617=CARTESIAN_POINT('',(-15.3001878051351,-2.45824277228359,30.6003057380947));
#12618=CARTESIAN_POINT('',(-3.72509749404164,4.22463873390743,30.6003057380647));
#12619=CARTESIAN_POINT('',(-15.3001878051429,-2.45824277228391,27.6001350131007));
#12620=CARTESIAN_POINT('Origin',(-15.3001878051516,-2.48711028574342,24.6153096585917));
#12621=CARTESIAN_POINT('',(-15.3001878050275,-0.148841695525616,24.9999817929797));
#12622=CARTESIAN_POINT('',(-15.3001878051984,-3.39432707470133,24.9999817929797));
#12623=CARTESIAN_POINT('',(-15.3001878050135,-0.148841695525083,30.6003057380947));
#12624=CARTESIAN_POINT('',(-15.3001878050948,-1.69160172620578,30.6003057380947));
#12625=CARTESIAN_POINT('',(-15.300187805021,-0.148841695525402,27.6001350131007));
#12626=CARTESIAN_POINT('Origin',(-15.2751878050291,-0.163275452256596,24.6153096585917));
#12627=CARTESIAN_POINT('',(-17.3001878049668,1.00585884295925,24.999981792984));
#12628=CARTESIAN_POINT('',(-10.0761017262155,-3.16496919976436,24.9999817929668));
#12629=CARTESIAN_POINT('',(-17.3001878049527,1.00585884295959,30.600305738099));
#12630=CARTESIAN_POINT('',(-2.87652811613719,-7.32164496209083,30.6003057380637));
#12631=CARTESIAN_POINT('',(-17.3001878049603,1.00585884295948,27.600135013106));
#12632=CARTESIAN_POINT('Origin',(-17.2751878049668,1.02029259968766,24.6153096585961));
#12633=CARTESIAN_POINT('',(-13.3742745118535,3.27248593927739,24.9999817929744));
#12634=CARTESIAN_POINT('',(-4.70009749382795,8.28052437501598,30.6003057380669));
#12635=CARTESIAN_POINT('Origin',(-15.100187805199,-3.3943270747118,24.7999817929787));
#12636=CARTESIAN_POINT('',(-14.9001878050163,0.0820984121292512,24.5999817929787));
#12637=CARTESIAN_POINT('',(-14.9001878050163,0.0820984121292512,24.5999817929787));
#12638=CARTESIAN_POINT('',(-14.9001878051623,-2.68918287998095,24.5999817929787));
#12639=CARTESIAN_POINT('',(-14.9001878051844,-3.89785143930696,24.5999817929367));
#12640=CARTESIAN_POINT('',(-14.9001878051623,-2.68918287998095,24.5999817929787));
#12641=CARTESIAN_POINT('Origin',(-12.2992745120769,-0.956604782593321,24.7999817929722));
#12642=CARTESIAN_POINT('',(-9.75794164885445,0.279694322209113,24.5999817929378));
#12643=CARTESIAN_POINT('Origin',(-13.4742745118449,3.44569102003948,24.7999817929744));
#12644=CARTESIAN_POINT('',(-17.3001878049433,1.46773905831085,24.599981792984));
#12645=CARTESIAN_POINT('',(-11.6454416486317,4.73250827349719,24.5999817929371));
#12646=CARTESIAN_POINT('',(-17.3001878049433,1.46773905831085,24.599981792984));
#12647=CARTESIAN_POINT('Origin',(-9.97610172620683,-2.99176411901274,24.7999817929659));
#12648=CARTESIAN_POINT('',(-7.25495397196348,-4.33187939991369,24.5999817929384));
#12649=CARTESIAN_POINT('Origin',(0.199812198176948,-1.30399777130752,30.6003057380551));
#12650=CARTESIAN_POINT('Origin',(-17.300187805056,-1.30399777084746,38.1152783158861));
#12651=CARTESIAN_POINT('',(-14.2001878050515,-1.30399777084693,39.9011541712895));
#12652=CARTESIAN_POINT('Ctrl Pts',(-14.2001878050516,-1.30399777084693,
39.9011541712892));
#12653=CARTESIAN_POINT('Ctrl Pts',(-14.2001878050515,-1.69280504078029,
39.9011541712892));
#12654=CARTESIAN_POINT('Ctrl Pts',(-14.277839487772,-2.10749651777179,39.8968312277382));
#12655=CARTESIAN_POINT('Ctrl Pts',(-14.5931718518461,-2.86996838563454,
39.8711762167233));
#12656=CARTESIAN_POINT('Ctrl Pts',(-14.8308569044165,-3.21771541705286,
39.8489148540872));
#12657=CARTESIAN_POINT('Ctrl Pts',(-15.3839716350007,-3.77286650175601,
39.77704755866));
#12658=CARTESIAN_POINT('Ctrl Pts',(-15.7379519729324,-4.01352762573571,
39.7218120777));
#12659=CARTESIAN_POINT('Ctrl Pts',(-16.505430361592,-4.32897597671489,39.5639019985415));
#12660=CARTESIAN_POINT('Ctrl Pts',(-16.9186388812909,-4.40399777084742,
39.4602904063833));
#12661=CARTESIAN_POINT('Ctrl Pts',(-17.7032858880234,-4.40399777084754,
39.2263603470353));
#12662=CARTESIAN_POINT('Ctrl Pts',(-18.1266859460209,-4.32114784481331,
39.0784547060069));
#12663=CARTESIAN_POINT('Ctrl Pts',(-18.8994888243536,-3.99259028080965,
38.7684153786781));
#12664=CARTESIAN_POINT('Ctrl Pts',(-19.2493072736381,-3.74714928206871,
38.6070357774709));
#12665=CARTESIAN_POINT('Ctrl Pts',(-19.7838439095421,-3.19573238207913,
38.3416470213402));
#12666=CARTESIAN_POINT('Ctrl Pts',(-20.0129783942996,-2.85803457644067,
38.2171360189622));
#12667=CARTESIAN_POINT('Ctrl Pts',(-20.3213173162978,-2.10838422693867,
38.0435907378228));
#12668=CARTESIAN_POINT('Ctrl Pts',(-20.4001878050562,-1.69590649266563,
37.9962363792917));
#12669=CARTESIAN_POINT('Ctrl Pts',(-20.4001878050563,-0.912089049030368,
37.9962363792917));
#12670=CARTESIAN_POINT('Ctrl Pts',(-20.3213173162981,-0.499611314757286,
38.0435907378228));
#12671=CARTESIAN_POINT('Ctrl Pts',(-20.0129783943002,0.250039034744837,
38.2171360189621));
#12672=CARTESIAN_POINT('Ctrl Pts',(-19.7838439095427,0.587736840383367,
38.3416470213401));
#12673=CARTESIAN_POINT('Ctrl Pts',(-19.2493072736389,1.13915374037311,38.6070357774709));
#12674=CARTESIAN_POINT('Ctrl Pts',(-18.8994888243545,1.38459473911419,38.7684153786781));
#12675=CARTESIAN_POINT('Ctrl Pts',(-18.126685946022,1.71315230311813,39.0784547060069));
#12676=CARTESIAN_POINT('Ctrl Pts',(-17.7032858880245,1.79600222915247,39.2263603470352));
#12677=CARTESIAN_POINT('Ctrl Pts',(-16.918638881292,1.79600222915259,39.4602904063833));
#12678=CARTESIAN_POINT('Ctrl Pts',(-16.5054303615931,1.72098043502021,39.5639019985414));
#12679=CARTESIAN_POINT('Ctrl Pts',(-15.7379519729334,1.40553208404129,39.7218120776999));
#12680=CARTESIAN_POINT('Ctrl Pts',(-15.3839716350015,1.16487096006176,39.7770475586599));
#12681=CARTESIAN_POINT('Ctrl Pts',(-14.8308569044172,0.609719875358784,
39.8489148540872));
#12682=CARTESIAN_POINT('Ctrl Pts',(-14.5931718518467,0.26197284394054,39.8711762167232));
#12683=CARTESIAN_POINT('Ctrl Pts',(-14.2778394877723,-0.500499023922111,
39.8968312277382));
#12684=CARTESIAN_POINT('Ctrl Pts',(-14.2001878050516,-0.915190500913575,
39.9011541712892));
#12685=CARTESIAN_POINT('Ctrl Pts',(-14.2001878050516,-1.30399777084693,
39.9011541712892));
#12686=CARTESIAN_POINT('',(-14.200187805056,-1.3039977710108,38.1152783158784));
#12687=CARTESIAN_POINT('Origin',(17.6998122014166,-1.30354223471801,46.6153096585502));
#12688=CARTESIAN_POINT('',(16.1498122014166,-1.30354223471826,46.6153096585504));
#12689=CARTESIAN_POINT('Origin',(17.6998122014152,-1.30399777176666,38.1152783158402));
#12690=CARTESIAN_POINT('',(14.5998122014155,-1.30399777176718,39.9011783610478));
#12691=CARTESIAN_POINT('',(14.5998122014152,-1.30399777176717,38.1152783158407));
#12692=CARTESIAN_POINT('',(20.7998122014152,-1.30399777176614,37.9964573800247));
#12693=CARTESIAN_POINT('Ctrl Pts',(20.7998122014152,-1.30399777176614,37.9964573800248));
#12694=CARTESIAN_POINT('Ctrl Pts',(20.7998122014153,-1.69590630293055,37.9964573800249));
#12695=CARTESIAN_POINT('Ctrl Pts',(20.7209417816463,-2.10838461770037,38.0438083558753));
#12696=CARTESIAN_POINT('Ctrl Pts',(20.4126014875501,-2.85803718797031,38.2173418894326));
#12697=CARTESIAN_POINT('Ctrl Pts',(20.1834655267977,-3.19573656674586,38.3418446377656));
#12698=CARTESIAN_POINT('Ctrl Pts',(19.64892684442,-3.7471528475491,38.6072141690598));
#12699=CARTESIAN_POINT('Ctrl Pts',(19.2991089325525,-3.99259266222004,38.768580867825));
#12700=CARTESIAN_POINT('Ctrl Pts',(18.5263076600053,-4.32114842876447,39.0785933759488));
#12701=CARTESIAN_POINT('Ctrl Pts',(18.1029087015549,-4.40399777176661,39.2264850811452));
#12702=CARTESIAN_POINT('Ctrl Pts',(17.3182624129647,-4.40399777176673,39.4603910078621));
#12703=CARTESIAN_POINT('Ctrl Pts',(16.9050537967578,-4.32897565319336,39.5639904408278));
#12704=CARTESIAN_POINT('Ctrl Pts',(16.1375764276024,-4.01352757999001,39.72187837271));
#12705=CARTESIAN_POINT('Ctrl Pts',(15.7835971604595,-3.7728671032201,39.777103865704));
#12706=CARTESIAN_POINT('Ctrl Pts',(15.2304824562667,-3.2177170979259,39.848956025339));
#12707=CARTESIAN_POINT('Ctrl Pts',(14.9927969142648,-2.86996965290315,39.8712109837485));
#12708=CARTESIAN_POINT('Ctrl Pts',(14.6774639735611,-2.10749707908728,39.8968575063101));
#12709=CARTESIAN_POINT('Ctrl Pts',(14.5998122014156,-1.69280530013759,39.9011783610478));
#12710=CARTESIAN_POINT('Ctrl Pts',(14.5998122014155,-1.30399777176719,39.9011783610478));
#12711=CARTESIAN_POINT('Ctrl Pts',(14.5998122014155,-1.30399777176719,39.9011783610478));
#12712=CARTESIAN_POINT('Ctrl Pts',(14.5998122014155,-0.915190243396794,
39.9011783610478));
#12713=CARTESIAN_POINT('Ctrl Pts',(14.6774639735609,-0.500498464447067,
39.8968575063101));
#12714=CARTESIAN_POINT('Ctrl Pts',(14.9927969142643,0.261974109368889,39.8712109837484));
#12715=CARTESIAN_POINT('Ctrl Pts',(15.2304824562661,0.609721554391714,39.8489560253389));
#12716=CARTESIAN_POINT('Ctrl Pts',(15.7835971604586,1.16487155968611,39.777103865704));
#12717=CARTESIAN_POINT('Ctrl Pts',(16.1375764276015,1.40553203645616,39.7218783727099));
#12718=CARTESIAN_POINT('Ctrl Pts',(16.9050537967568,1.72098010965976,39.5639904408277));
#12719=CARTESIAN_POINT('Ctrl Pts',(17.3182624129637,1.79600222823328,39.460391007862));
#12720=CARTESIAN_POINT('Ctrl Pts',(18.1029087015539,1.7960022282334,39.2264850811452));
#12721=CARTESIAN_POINT('Ctrl Pts',(18.5263076600043,1.71315288523144,39.0785933759488));
#12722=CARTESIAN_POINT('Ctrl Pts',(19.2991089325516,1.38459711868726,38.7685808678249));
#12723=CARTESIAN_POINT('Ctrl Pts',(19.6489268444192,1.13915730401643,38.6072141690597));
#12724=CARTESIAN_POINT('Ctrl Pts',(20.1834655267971,0.587741023213361,38.3418446377655));
#12725=CARTESIAN_POINT('Ctrl Pts',(20.4126014875496,0.250041644437885,38.2173418894326));
#12726=CARTESIAN_POINT('Ctrl Pts',(20.720941781646,-0.499610925831949,38.0438083558753));
#12727=CARTESIAN_POINT('Ctrl Pts',(20.7998122014152,-0.912089240601731,
37.9964573800248));
#12728=CARTESIAN_POINT('Ctrl Pts',(20.7998122014152,-1.30399777176614,37.9964573800248));
#12729=CARTESIAN_POINT('Origin',(10.199812198179,0.598456135525903,23.6999817930794));
#12730=CARTESIAN_POINT('',(13.5821191032748,-2.20154386447354,24.5999817929369));
#12731=CARTESIAN_POINT('',(13.5821191032745,-0.462274080559827,24.5999817929369));
#12732=CARTESIAN_POINT('',(13.5821191032743,0.598456135526472,24.5999817929369));
#12733=CARTESIAN_POINT('',(6.81750529308438,-2.20154386447466,24.599981792938));
#12734=CARTESIAN_POINT('Origin',(10.1998121981794,-2.20154386447411,23.6999817930794));
#12735=CARTESIAN_POINT('',(6.81750529308392,0.598456135525353,24.599981792938));
#12736=CARTESIAN_POINT('Origin',(10.1998121981798,-4.1668707107707,23.6999817930794));
#12737=CARTESIAN_POINT('Origin',(10.1998121981795,-2.20154386447411,23.6999817930794));
#12738=CARTESIAN_POINT('',(7.20001313275906,-2.20154386447461,24.599981792938));
#12739=CARTESIAN_POINT('Origin',(14.5041825268089,0.547649958714792,35.0832861487207));
#12740=CARTESIAN_POINT('',(15.1984992019056,1.30812595543517,29.1740597612756));
#12741=CARTESIAN_POINT('',(14.3558622801078,0.385196727374427,29.3847189917247));
#12742=CARTESIAN_POINT('',(15.1984992019048,1.30812595543515,24.5999817929366));
#12743=CARTESIAN_POINT('',(15.1984992019057,1.30812595543518,29.8492859633436));
#12744=CARTESIAN_POINT('',(10.9298532695837,-3.36726624880877,24.5999817929373));
#12745=CARTESIAN_POINT('Origin',(-1.29978594741698,-2.07380838974362,22.3236120450754));
#12746=CARTESIAN_POINT('',(-1.29978594739854,-1.804465971289,23.9371169101943));
#12747=CARTESIAN_POINT('',(-1.29978594748462,-3.43817528189189,23.9371169101954));
#12748=CARTESIAN_POINT('',(-1.29978594740566,-1.80446597128921,21.2371087965024));
#12749=CARTESIAN_POINT('',(-1.2997859474028,-1.80446597128912,22.3236165382804));
#12750=CARTESIAN_POINT('',(-1.29978594733926,-0.54417047575101,21.2371087965024));
#12751=CARTESIAN_POINT('Origin',(-1.49978594733978,-0.544170475740547,21.0371087965024));
#12752=CARTESIAN_POINT('',(-1.09124555843756,-1.41371944921398,21.4456491854483));
#12753=CARTESIAN_POINT('Origin',(1.89941034369397,-0.544170475829774,21.0371087964988));
#12754=CARTESIAN_POINT('',(1.69941034369417,-1.80446597136801,21.2371087964989));
#12755=CARTESIAN_POINT('',(1.49086995474714,-1.41371944928175,21.4456491854459));
#12756=CARTESIAN_POINT('',(1.69941034369396,-0.544170475829809,21.2371087964989));
#12757=CARTESIAN_POINT('Origin',(1.86556342834669,-2.11579050801847,22.3236165382768));
#12758=CARTESIAN_POINT('',(1.69941034369418,-1.8044659713678,23.9371169101909));
#12759=CARTESIAN_POINT('',(2.23889490197684,-2.81530955870621,23.9371169101908));
#12760=CARTESIAN_POINT('',(1.69941034369417,-1.80446597136792,22.3236165382769));
#12761=CARTESIAN_POINT('Origin',(0.200214067349124,-4.7025421741185,32.4371169101911));
#12762=CARTESIAN_POINT('',(0.200214067349274,-5.6025421741185,32.4371169101912));
#12763=CARTESIAN_POINT('Origin',(0.200214067349124,-4.7025421741185,32.4371169101911));
#12764=CARTESIAN_POINT('Origin',(0.200214067348267,-4.70254217411893,26.9371169101911));
#12765=CARTESIAN_POINT('',(0.200214067348105,-5.60254217411905,24.9371169101912));
#12766=CARTESIAN_POINT('Origin',(0.200214067347955,-4.70254217411914,24.9371169101911));
#12767=CARTESIAN_POINT('',(0.200214067348416,-5.60254217411893,26.9371169101912));
#12768=CARTESIAN_POINT('Origin',(0.200214067347955,-4.70254217411914,24.9371169101911));
#12769=CARTESIAN_POINT('',(0.200214067348121,-5.70254217411915,24.9371169101912));
#12770=CARTESIAN_POINT('Origin',(0.200214067347955,-4.70254217411914,24.9371169101911));
#12771=CARTESIAN_POINT('Origin',(0.200214067347877,-4.70254217411914,24.4371169101911));
#12772=CARTESIAN_POINT('',(0.200214067347965,-5.70254217411924,23.9371169101911));
#12773=CARTESIAN_POINT('Origin',(0.200214067347799,-4.70254217411925,23.9371169101911));
#12774=CARTESIAN_POINT('',(0.200214067348043,-5.70254217411914,24.4371169101912));
#12775=CARTESIAN_POINT('Origin',(1.69941034369422,-2.07380838982241,22.3236120450719));
#12776=CARTESIAN_POINT('',(1.69941034369445,-3.4381752819706,23.9371169101909));
#12777=CARTESIAN_POINT('Origin',(-1.46593903207166,-2.11579050793092,22.3236165382814));
#12778=CARTESIAN_POINT('',(-1.8392705057343,-2.81530955859908,23.9371169101965));
#12779=CARTESIAN_POINT('Origin',(-9.80018780174191,0.598456136049982,23.6999817931058));
#12780=CARTESIAN_POINT('',(-6.41788089678742,-2.20154386412815,24.5999817929382));
#12781=CARTESIAN_POINT('',(-6.41788089663989,0.598456135871742,24.5999817929382));
#12782=CARTESIAN_POINT('',(-13.1824947069918,-2.20154386377177,24.5999817929374));
#12783=CARTESIAN_POINT('Origin',(-9.80018780188945,-2.20154386395001,23.6999817931058));
#12784=CARTESIAN_POINT('',(-13.1824947069002,-0.461862686810964,24.5999817929374));
#12785=CARTESIAN_POINT('',(-13.1824947068444,0.598456136228239,24.5999817929374));
#12786=CARTESIAN_POINT('Origin',(-9.80018780199303,-4.16645931681391,23.6999817931058));
#12787=CARTESIAN_POINT('Origin',(-9.80018780188945,-2.20154386395001,23.6999817931058));
#12788=CARTESIAN_POINT('',(-6.80020093455475,-2.201543864108,24.5999817929383));
#12789=CARTESIAN_POINT('Origin',(-14.1041825268075,0.547649958710049,35.0832861487215));
#12790=CARTESIAN_POINT('',(-14.7984992019036,1.30812595543017,24.5999817929366));
#12791=CARTESIAN_POINT('',(-10.5298532695809,-3.36726624881243,24.5999817929379));
#12792=CARTESIAN_POINT('',(-14.7984992019044,1.30812595543019,29.1740597612756));
#12793=CARTESIAN_POINT('',(-14.7984992019045,1.30812595543021,29.8492859633436));
#12794=CARTESIAN_POINT('',(-13.9558622801063,0.38519672736972,29.3847189917245));
#12795=CARTESIAN_POINT('Origin',(-3.80021406733576,-4.4013758044765,24.5999817929388));
#12796=CARTESIAN_POINT('',(-6.02461732503674,-4.40137580447687,24.5999817929382));
#12797=CARTESIAN_POINT('Origin',(-2.42686599403104,-4.4963767710204,24.5999817929386));
#12798=CARTESIAN_POINT('',(-7.83672692236353,-4.40137580447717,24.5999817929385));
#12799=CARTESIAN_POINT('',(2.21804236017812,-4.4013758044755,24.5999817929398));
#12800=CARTESIAN_POINT('',(-8.25528091093969,-5.80137580447736,24.5999817929376));
#12801=CARTESIAN_POINT('',(-7.43309604903498,-3.051291375507,24.5999817929384));
#12802=CARTESIAN_POINT('',(-8.25528091093969,-6.40137580447734,24.5999817929376));
#12803=CARTESIAN_POINT('',(-8.25528091093991,-5.10137580447725,24.5999817929375));
#12804=CARTESIAN_POINT('',(-1.80021404030496,-6.40137580447628,24.5999817929395));
#12805=CARTESIAN_POINT('',(-21.0919627179095,1.35862849409223,24.5999817929357));
#12806=CARTESIAN_POINT('',(-20.092611055615,3.10749390310831,24.5999817929355));
#12807=CARTESIAN_POINT('',(-15.1658633676106,4.79767749451342,24.5999817929367));
#12808=CARTESIAN_POINT('',(-9.55946714664073,-1.00277194006547,24.5999817929378));
#12809=CARTESIAN_POINT('Origin',(9.74945574761344,6.77496057824038,34.9414162051515));
#12810=CARTESIAN_POINT('',(9.77752346763,6.77496057824038,33.3725880977825));
#12811=CARTESIAN_POINT('Origin',(9.77752346763023,6.7749605782404,34.7725880977824));
#12812=CARTESIAN_POINT('Origin',(-9.34945574761401,6.77496057823722,34.9414162051517));
#12813=CARTESIAN_POINT('',(-9.37752346763058,6.7749605782372,33.3725880977827));
#12814=CARTESIAN_POINT('Origin',(-9.37752346763081,6.77496057823722,34.7725880977827));
#12815=CARTESIAN_POINT('Origin',(9.77752346762965,10.2749605782404,34.7725880977824));
#12816=CARTESIAN_POINT('',(9.77752346762864,14.9229608708364,33.3725880977824));
#12817=CARTESIAN_POINT('Origin',(9.77752346762888,14.9229608708364,34.7725880977824));
#12818=CARTESIAN_POINT('',(9.77752346762942,10.2749605782404,33.3725880977824));
#12819=CARTESIAN_POINT('Origin',(-9.37752346763139,10.2749605782372,34.7725880977827));
#12820=CARTESIAN_POINT('',(-9.37752346763194,14.9229608708332,33.3725880977826));
#12821=CARTESIAN_POINT('',(-9.37752346763116,10.2749605782372,33.3725880977827));
#12822=CARTESIAN_POINT('Origin',(-9.37752346763217,14.9229608708332,34.7725880977826));
#12823=CARTESIAN_POINT('Origin',(9.77752346762895,14.9229608708364,34.7725880977824));
#12824=CARTESIAN_POINT('',(8.27752346762894,14.9229608708362,34.7725880977826));
#12825=CARTESIAN_POINT('Origin',(9.77752346762895,14.9229608708364,34.7725880977824));
#12826=CARTESIAN_POINT('Origin',(14.339423950029,9.57462419552619,41.0042862723057));
#12827=CARTESIAN_POINT('',(14.3394239500278,13.9229608708372,38.2392862723056));
#12828=CARTESIAN_POINT('',(14.3394239500304,-1.61337580447333,38.2392862723057));
#12829=CARTESIAN_POINT('',(14.3394239500282,13.9229608708372,39.9155106410626));
#12830=CARTESIAN_POINT('',(14.3394239500278,13.9229608708372,38.2310893518386));
#12831=CARTESIAN_POINT('',(14.3394239500288,9.58747752758719,39.9155106410627));
#12832=CARTESIAN_POINT('',(14.3394239500334,-17.8013751259293,39.9155106410628));
#12833=CARTESIAN_POINT('',(14.3394239500236,9.58747752758702,10.3097860251367));
#12834=CARTESIAN_POINT('Origin',(28.458072116631,-10.5760417094475,-20.3847142220358));
#12835=CARTESIAN_POINT('',(18.8767159088495,3.10755306059243,38.93796781378));
#12836=CARTESIAN_POINT('Origin',(13.7002141280207,10.500363760774,25.9298464295248));
#12837=CARTESIAN_POINT('',(18.8767159088421,3.1075530605921,-3.50971422203405));
#12838=CARTESIAN_POINT('Origin',(20.1750364997278,2.35410836343701,13.3652857779657));
#12839=CARTESIAN_POINT('Origin',(13.7002141280214,6.11159369891099,25.9298464295238));
#12840=CARTESIAN_POINT('Origin',(-9.3775234676321,14.9229608708332,34.7725880977826));
#12841=CARTESIAN_POINT('',(-10.8775234676321,14.922960870833,34.7725880977829));
#12842=CARTESIAN_POINT('Origin',(-9.3775234676321,14.9229608708332,34.7725880977826));
#12843=CARTESIAN_POINT('Origin',(13.7002141280244,-12.6013758044737,25.9298464295249));
#12844=CARTESIAN_POINT('',(24.6002148856511,-12.4013755085567,34.7160504798819));
#12845=CARTESIAN_POINT('',(13.7002141280267,-12.4013758044736,39.9301104496949));
#12846=CARTESIAN_POINT('Origin',(13.7002141280243,-12.4013758044737,25.9298464295249));
#12847=CARTESIAN_POINT('',(13.7002141280267,-12.4013758044736,39.9301104496949));
#12848=CARTESIAN_POINT('Ctrl Pts',(24.6002155671214,-12.8013732025606,34.0635553510047));
#12849=CARTESIAN_POINT('Ctrl Pts',(24.6002155560388,-12.6730246602817,34.2781652581635));
#12850=CARTESIAN_POINT('Ctrl Pts',(24.6002155448456,-12.5397568972559,34.4955477601771));
#12851=CARTESIAN_POINT('Ctrl Pts',(24.6002155335703,-12.4013752181233,34.7160502976134));
#12852=CARTESIAN_POINT('Origin',(-0.883005825149301,-12.801375804476,38.2392862723084));
#12853=CARTESIAN_POINT('',(12.3397859326165,15.9225988882479,38.239286272306));
#12854=CARTESIAN_POINT('',(12.3397859326194,-1.61337580447365,38.2392862723061));
#12855=CARTESIAN_POINT('',(16.7149006750606,11.5474841458056,38.2392862723053));
#12856=CARTESIAN_POINT('Origin',(12.3397859326166,9.57462419552582,32.514284523077));
#12857=CARTESIAN_POINT('',(12.3397859326155,15.9225988882478,32.168287323338));
#12858=CARTESIAN_POINT('',(12.3397859326172,5.28070829120442,32.168287323338));
#12859=CARTESIAN_POINT('',(12.339785932616,15.9225988882478,35.372686937458));
#12860=CARTESIAN_POINT('Origin',(9.77752346762887,15.4229608708364,34.7725880977824));
#12861=CARTESIAN_POINT('',(8.27752346762877,15.9229608708362,34.7725880977826));
#12862=CARTESIAN_POINT('Origin',(9.77752346762878,15.9229608708364,34.7725880977824));
#12863=CARTESIAN_POINT('',(8.27752346762886,15.4229608708362,34.7725880977826));
#12864=CARTESIAN_POINT('Origin',(13.3394239500277,14.922960870837,38.2310893518388));
#12865=CARTESIAN_POINT('',(12.3394239500264,15.9229608708368,32.167925340666));
#12866=CARTESIAN_POINT('',(15.2904471189633,12.9719377019013,35.1189491848875));
#12867=CARTESIAN_POINT('',(12.3394239500278,15.9229608708369,39.930110449694));
#12868=CARTESIAN_POINT('',(12.3394239500275,15.9229608708369,38.231089351839));
#12869=CARTESIAN_POINT('',(13.7002141280223,14.5621706928431,39.9301104496947));
#12870=CARTESIAN_POINT('',(14.8607055700258,13.4016792508403,39.9301104496935));
#12871=CARTESIAN_POINT('Origin',(13.7002141280199,14.562170692843,25.9298464295248));
#12872=CARTESIAN_POINT('Origin',(13.7002141280253,-17.8013751259295,25.929846429525));
#12873=CARTESIAN_POINT('',(24.6002143929071,-17.8013751259276,34.7160507783901));
#12874=CARTESIAN_POINT('',(13.7002141280276,-17.8013751259294,39.9301104496949));
#12875=CARTESIAN_POINT('Origin',(-9.37752346763218,15.4229608708332,34.7725880977826));
#12876=CARTESIAN_POINT('',(-10.8775234676323,15.922960870833,34.7725880977829));
#12877=CARTESIAN_POINT('Origin',(-9.37752346763227,15.9229608708332,34.7725880977826));
#12878=CARTESIAN_POINT('',(-10.8775234676322,15.422960870833,34.7725880977829));
#12879=CARTESIAN_POINT('Origin',(-13.3002141280185,-12.6013758044782,25.9298464295245));
#12880=CARTESIAN_POINT('',(-24.1989825201722,-12.40137580448,34.7175787973563));
#12881=CARTESIAN_POINT('Ctrl Pts',(-24.1989825201722,-12.4013758044705,
34.7175787973713));
#12882=CARTESIAN_POINT('Ctrl Pts',(-24.198982520173,-12.6090841112699,34.3866662237223));
#12883=CARTESIAN_POINT('Ctrl Pts',(-24.1989825201738,-12.8013728743016,
34.0652080474783));
#12884=CARTESIAN_POINT('',(-13.3002141280208,-12.4013758044781,39.9301104496945));
#12885=CARTESIAN_POINT('',(-13.3002141280208,-12.4013758044781,39.9301104496945));
#12886=CARTESIAN_POINT('Origin',(-13.3002141280185,-12.4013758044782,25.9298464295245));
#12887=CARTESIAN_POINT('Origin',(13.7002141280253,-17.8013751259295,25.929846429525));
#12888=CARTESIAN_POINT('',(27.6732120704464,-17.8013751259272,26.8031855020196));
#12889=CARTESIAN_POINT('',(27.5986553845643,-17.8013751259272,27.6152909622756));
#12890=CARTESIAN_POINT('Origin',(1.20021441568705,-11.3013756845646,27.61529096228));
#12891=CARTESIAN_POINT('',(26.0772413429199,-4.87268357452295,27.6152909622758));
#12892=CARTESIAN_POINT('Origin',(26.0772413432069,1.55600853682924,6.67317841044073));
#12893=CARTESIAN_POINT('',(26.0772413422506,-17.8013751259274,32.4727202123759));
#12894=CARTESIAN_POINT('Origin',(13.7002141280253,-17.8013751259295,25.929846429525));
#12895=CARTESIAN_POINT('Origin',(-25.6760094696853,1.55600853814566,6.67317841050747));
#12896=CARTESIAN_POINT('',(-25.6760094696381,-8.52025180711616,27.6152911085891));
#12897=CARTESIAN_POINT('',(-25.6760094696808,-4.87268357321164,27.6152909622765));
#12898=CARTESIAN_POINT('',(-25.6760094696794,-8.520251807083,32.4750499910145));
#12899=CARTESIAN_POINT('',(-25.6760094696861,-8.52025180712473,-7.67114924839945));
#12900=CARTESIAN_POINT('',(-25.6760094696779,-17.8013751259361,32.4750499910146));
#12901=CARTESIAN_POINT('Origin',(-0.80021441568147,-11.3013756845649,27.6152909622803));
#12902=CARTESIAN_POINT('',(-27.1986553758812,-8.35181918425976,27.6152911080058));
#12903=CARTESIAN_POINT('Origin',(-26.6989825201914,-10.8013756831473,27.6152912552997));
#12904=CARTESIAN_POINT('',(-27.1986553845566,-17.8013751259364,27.6152909622758));
#12905=CARTESIAN_POINT('Origin',(-13.3002141280176,-17.801375125934,25.9298464295245));
#12906=CARTESIAN_POINT('Ctrl Pts',(-27.1986553670191,-8.35181918325944,
27.6152911069063));
#12907=CARTESIAN_POINT('Ctrl Pts',(-27.2596799323867,-8.36426728082503,
27.1120729667449));
#12908=CARTESIAN_POINT('Ctrl Pts',(-27.2919715856679,-8.3727101867179,26.6137406934842));
#12909=CARTESIAN_POINT('Ctrl Pts',(-27.2989803603058,-8.37444292926594,
26.1346307263838));
#12910=CARTESIAN_POINT('Origin',(-7.83629878768944,-4.40137580447719,21.0864006089435));
#12911=CARTESIAN_POINT('',(6.42461732503988,-4.40137580447481,24.5999817929381));
#12912=CARTESIAN_POINT('',(8.23672692236667,-4.40137580447451,24.5999817929378));
#12913=CARTESIAN_POINT('',(-1.81804236017498,-4.40137580447618,24.5999817929395));
#12914=CARTESIAN_POINT('',(8.23672692236609,-4.40137580447453,21.0864006089408));
#12915=CARTESIAN_POINT('',(6.42461732503929,-4.40137580447483,21.0864006089411));
#12916=CARTESIAN_POINT('Origin',(7.76065219253214,-2.80897759550252,21.0864006089408));
#12917=CARTESIAN_POINT('',(8.65528091094329,-5.80137580447444,24.5999817929377));
#12918=CARTESIAN_POINT('',(7.83309604903766,-3.05129137550438,24.5999817929379));
#12919=CARTESIAN_POINT('',(8.65528091094174,-5.8013758044745,15.2568433170387));
#12920=CARTESIAN_POINT('Origin',(8.65528091094273,-5.80137580447457,21.0310956662967));
#12921=CARTESIAN_POINT('',(8.65528091094349,-6.40137580447445,24.5999817929377));
#12922=CARTESIAN_POINT('',(8.65528091094328,-5.10137580447444,24.5999817929377));
#12923=CARTESIAN_POINT('',(8.65528091094348,-7.24359733613475,23.7577602612777));
#12924=CARTESIAN_POINT('Origin',(2.20021404030876,-6.60137580447551,24.3999817929388));
#12925=CARTESIAN_POINT('',(2.20021404030876,-6.4013758044756,24.5999817929388));
#12926=CARTESIAN_POINT('Origin',(16.0356256818731,1.6773761910543,29.8492859633434));
#12927=CARTESIAN_POINT('',(9.95946714664272,-1.00277194006224,24.5999817929375));
#12928=CARTESIAN_POINT('',(15.1829605702856,1.30127198112635,29.1779444191806));
#12929=CARTESIAN_POINT('Origin',(11.8397859326172,5.28070829120433,31.6682872089231));
#12930=CARTESIAN_POINT('',(11.3397859326153,15.9229608708366,31.1682870945071));
#12931=CARTESIAN_POINT('',(11.3397859326171,5.28070829120424,31.1682870945072));
#12932=CARTESIAN_POINT('',(9.87729493778136,15.9229608708364,29.7057957650104));
#12933=CARTESIAN_POINT('Origin',(0.200214067337343,15.9229608708348,35.457892431374));
#12934=CARTESIAN_POINT('',(8.01221406733662,15.9229608708361,31.1682863330557));
#12935=CARTESIAN_POINT('',(0.200211416505138,15.9229608708348,31.168284545429));
#12936=CARTESIAN_POINT('',(7.01221406733679,15.9229608708359,32.1682861042249));
#12937=CARTESIAN_POINT('',(4.73681209585117,15.9229608708356,34.4436875550293));
#12938=CARTESIAN_POINT('',(7.01221406733808,15.922960870836,39.9301104496949));
#12939=CARTESIAN_POINT('',(7.01221406733757,15.922960870836,36.8485893518399));
#12940=CARTESIAN_POINT('',(-6.54978574970482,15.9229608708337,39.9301104496981));
#12941=CARTESIAN_POINT('Origin',(5.01221406733744,14.9166423909966,35.0832861487222));
#12942=CARTESIAN_POINT('',(7.01221406733797,14.916642390997,38.2392862723069));
#12943=CARTESIAN_POINT('',(5.0122140673383,12.9166423909966,38.2392862723072));
#12944=CARTESIAN_POINT('Origin',(5.01221406733797,14.9166423909966,38.2392862723072));
#12945=CARTESIAN_POINT('',(5.01221406733858,12.9166423909966,39.9301104496952));
#12946=CARTESIAN_POINT('',(5.01221406733777,12.9166423909966,35.0832861487222));
#12947=CARTESIAN_POINT('',(7.01221406733825,14.916642390997,39.9301104496949));
#12948=CARTESIAN_POINT('Origin',(5.01221406733825,14.9166423909966,39.9301104496972));
#12949=CARTESIAN_POINT('',(7.01221406733744,14.9166423909969,35.0832861487219));
#12950=CARTESIAN_POINT('Origin',(-10.3823265062494,12.9166423909941,31.9272860251398));
#12951=CARTESIAN_POINT('',(-4.6122140673412,12.916642390995,39.9301104496978));
#12952=CARTESIAN_POINT('',(-4.61221406734092,12.916642390995,38.2392862723079));
#12953=CARTESIAN_POINT('',(-4.6122140673404,12.916642390995,35.0832861487239));
#12954=CARTESIAN_POINT('',(-11.8410560364975,12.9166423909939,39.9301104496991));
#12955=CARTESIAN_POINT('',(1.35343395983012,12.916642390996,38.2392862723078));
#12956=CARTESIAN_POINT('',(-5.63266616570092,12.9166423909949,38.239286272309));
#12957=CARTESIAN_POINT('',(1.35343395982983,12.916642390996,36.4392862723078));
#12958=CARTESIAN_POINT('',(1.35343395982944,12.916642390996,34.0832861487228));
#12959=CARTESIAN_POINT('',(-0.953433959832458,12.9166423909956,36.4392862723082));
#12960=CARTESIAN_POINT('',(-5.07359679304207,12.916642390995,36.4392862723089));
#12961=CARTESIAN_POINT('',(-0.953433959832735,12.9166423909956,38.2392862723082));
#12962=CARTESIAN_POINT('',(-0.953433959832065,12.9166423909956,34.0832861487252));
#12963=CARTESIAN_POINT('',(-4.54966034054968,12.916642390995,38.2392862723078));
#12964=CARTESIAN_POINT('Origin',(-13.2997855667424,-17.8013751259329,39.9301104497005));
#12965=CARTESIAN_POINT('',(-13.3002141280255,14.5621706928386,39.9301104496943));
#12966=CARTESIAN_POINT('',(-11.9394239500314,15.9229608708328,39.9301104496991));
#12967=CARTESIAN_POINT('',(-21.2105983534003,6.65178646746131,39.9301104497017));
#12968=CARTESIAN_POINT('',(-13.3002141280199,-17.801375125934,39.9301104496945));
#12969=CARTESIAN_POINT('',(-11.8410560364926,-12.4013758044776,39.9301104496992));
#12970=CARTESIAN_POINT('',(7.0122140673414,-4.11337546520202,39.930110449695));
#12971=CARTESIAN_POINT('',(-6.61221406734153,14.9166423909947,39.9301104496982));
#12972=CARTESIAN_POINT('Origin',(-4.61221406734153,14.916642390995,39.9301104497008));
#12973=CARTESIAN_POINT('',(-6.6122140673417,15.9229608708337,39.9301104496982));
#12974=CARTESIAN_POINT('',(-6.61221406733834,-4.11337546520429,39.9301104496983));
#12975=CARTESIAN_POINT('',(-6.54978574970482,15.9229608708337,39.9301104496981));
#12976=CARTESIAN_POINT('Origin',(-4.61221406734073,14.916642390995,35.0832861487238));
#12977=CARTESIAN_POINT('',(-6.61221406734126,14.9166423909947,38.2392862723072));
#12978=CARTESIAN_POINT('Origin',(-4.61221406734126,14.916642390995,38.2392862723078));
#12979=CARTESIAN_POINT('',(-6.61221406734073,14.9166423909947,35.0832861487242));
#12980=CARTESIAN_POINT('Origin',(0.200214067337343,15.9229608708348,35.457892431374));
#12981=CARTESIAN_POINT('',(-11.93942395003,15.9229608708328,32.1679253406661));
#12982=CARTESIAN_POINT('',(-11.9394239500311,15.9229608708328,38.2310893518391));
#12983=CARTESIAN_POINT('',(-6.61221406734042,15.9229608708337,32.1682861042252));
#12984=CARTESIAN_POINT('',(-6.61221406734119,15.9229608708337,36.8485893518402));
#12985=CARTESIAN_POINT('',(-7.61221406734024,15.9229608708335,31.1682863330563));
#12986=CARTESIAN_POINT('',(-4.33670506216072,15.9229608708341,34.4437945886988));
#12987=CARTESIAN_POINT('',(-10.939785932619,15.922960870833,31.1682870945069));
#12988=CARTESIAN_POINT('',(0.200002650830404,15.9229608708348,31.16828454538));
#12989=CARTESIAN_POINT('',(-9.47718790413989,15.9229608708332,29.7056887313407));
#12990=CARTESIAN_POINT('Origin',(-12.9394239500309,14.9229608708327,38.2310893518382));
#12991=CARTESIAN_POINT('',(-14.8904471189659,12.9719377018963,35.1189491848876));
#12992=CARTESIAN_POINT('Origin',(-13.3002141280232,14.5621706928385,25.9298464295243));
#12993=CARTESIAN_POINT('Origin',(-27.960202518171,-9.80627841301104,21.9558178525439));
#12994=CARTESIAN_POINT('Origin',(-27.9602025181727,-9.80627841301097,32.6152457452499));
#12995=CARTESIAN_POINT('Origin',(25.6371875074401,-11.3013756845604,32.6152454521749));
#12996=CARTESIAN_POINT('Origin',(-13.3002141280177,-17.8013751259341,25.9298464295245));
#12997=CARTESIAN_POINT('',(-24.1989825202048,-10.8013758031875,34.7175787973163));
#12998=CARTESIAN_POINT('Ctrl Pts',(-24.407015643026,-9.80293297870505,34.4531294085582));
#12999=CARTESIAN_POINT('Ctrl Pts',(-24.3755624022477,-9.87513520495389,
34.4941165379528));
#13000=CARTESIAN_POINT('Ctrl Pts',(-24.346666017417,-9.95084858647024,34.531299609916));
#13001=CARTESIAN_POINT('Ctrl Pts',(-24.2425137156975,-10.2715725243989,
34.6642472371369));
#13002=CARTESIAN_POINT('Ctrl Pts',(-24.1989825201739,-10.5414127505207,
34.7175787973546));
#13003=CARTESIAN_POINT('Ctrl Pts',(-24.1989825201739,-10.8013756831469,
34.7175787973546));
#13004=CARTESIAN_POINT('',(-24.1989825201722,-17.8013751259358,34.7175787973553));
#13005=CARTESIAN_POINT('Origin',(-26.6989825202785,-10.8013756831476,-7.67114924839631));
#13006=CARTESIAN_POINT('',(-24.4069386151632,-9.80311167271319,26.4527961047665));
#13007=CARTESIAN_POINT('',(-25.6760094696808,-8.52025366172672,24.4750499910147));
#13008=CARTESIAN_POINT('Ctrl Pts',(-24.4069386151466,-9.8031116726938,26.4527961047879));
#13009=CARTESIAN_POINT('Ctrl Pts',(-24.4087746201695,-9.79889615830088,
26.4504035056617));
#13010=CARTESIAN_POINT('Ctrl Pts',(-24.4106149674118,-9.79470244267841,
26.4480036469454));
#13011=CARTESIAN_POINT('Ctrl Pts',(-24.5053298628041,-9.58045847036878,
26.3244097126087));
#13012=CARTESIAN_POINT('Ctrl Pts',(-24.6273641658023,-9.38649036649117,
26.1607699192997));
#13013=CARTESIAN_POINT('Ctrl Pts',(-24.890474579339,-9.06275556320221,25.7859455503535));
#13014=CARTESIAN_POINT('Ctrl Pts',(-25.0309174442503,-8.9322193654009,25.5749817724227));
#13015=CARTESIAN_POINT('Ctrl Pts',(-25.3359232039541,-8.69356084897547,
25.0889847569095));
#13016=CARTESIAN_POINT('Ctrl Pts',(-25.5100203161967,-8.59469171941853,
24.7889054384664));
#13017=CARTESIAN_POINT('Ctrl Pts',(-25.6760094696808,-8.5202536617267,24.4750499910147));
#13018=CARTESIAN_POINT('',(-24.4070156429711,-9.80293483243011,26.4531294101335));
#13019=CARTESIAN_POINT('Origin',(-26.6989825201514,-10.8013775377909,36.3707028213819));
#13020=CARTESIAN_POINT('',(-24.1989825202061,-10.8013776578312,26.7175787973165));
#13021=CARTESIAN_POINT('Ctrl Pts',(-24.4070156430273,-9.80293483334876,
26.4531294085584));
#13022=CARTESIAN_POINT('Ctrl Pts',(-24.375562402249,-9.8751370595976,26.494116537953));
#13023=CARTESIAN_POINT('Ctrl Pts',(-24.3466660174183,-9.95085044111396,
26.5312996099162));
#13024=CARTESIAN_POINT('Ctrl Pts',(-24.2425137156988,-10.2715743790426,
26.6642472371371));
#13025=CARTESIAN_POINT('Ctrl Pts',(-24.1989825201752,-10.5414146051644,
26.7175787973548));
#13026=CARTESIAN_POINT('Ctrl Pts',(-24.1989825201752,-10.8013775377906,
26.7175787973548));
#13027=CARTESIAN_POINT('',(-24.1989825202071,-10.8013758031876,20.8371087965013));
#13028=CARTESIAN_POINT('Ctrl Pts',(-24.4069386151453,-9.80310981805008,
34.4527961047877));
#13029=CARTESIAN_POINT('Ctrl Pts',(-24.4087746201681,-9.79889430365717,
34.4504035056615));
#13030=CARTESIAN_POINT('Ctrl Pts',(-24.4106149674105,-9.79470058803469,
34.4480036469452));
#13031=CARTESIAN_POINT('Ctrl Pts',(-24.5053298628028,-9.58045661572506,
34.3244097126085));
#13032=CARTESIAN_POINT('Ctrl Pts',(-24.627364165801,-9.38648851184745,34.1607699192995));
#13033=CARTESIAN_POINT('Ctrl Pts',(-24.8904745793376,-9.06275370855849,
33.7859455503533));
#13034=CARTESIAN_POINT('Ctrl Pts',(-25.030917444249,-8.93221751075718,33.5749817724225));
#13035=CARTESIAN_POINT('Ctrl Pts',(-25.3359232039527,-8.69355899433175,
33.0889847569093));
#13036=CARTESIAN_POINT('Ctrl Pts',(-25.5100203161954,-8.59468986477481,
32.7889054384662));
#13037=CARTESIAN_POINT('Ctrl Pts',(-25.6760094696794,-8.52025180708298,
32.4750499910145));
#13038=CARTESIAN_POINT('',(-25.6760094696813,-8.5202518070951,20.8371087965634));
#13039=CARTESIAN_POINT('Origin',(-26.6989825202081,-10.8013756831474,20.8371087965636));
#13040=CARTESIAN_POINT('',(-25.6760094696874,-8.52025366176845,-15.6711492483992));
#13041=CARTESIAN_POINT('Origin',(-13.3002141280177,-17.8013751259341,25.9298464295245));
#13042=CARTESIAN_POINT('Origin',(2.82686599403361,-4.49637677101944,21.0864006089417));
#13043=CARTESIAN_POINT('Origin',(2.82686599403419,-4.49637677101953,24.5999817929387));
#13044=CARTESIAN_POINT('Origin',(4.2002140673389,-4.40137580447518,24.5999817929385));
#13045=CARTESIAN_POINT('Origin',(14.3397859326209,1.40362368100292,29.3887380785967));
#13046=CARTESIAN_POINT('',(12.8471723345255,1.40362368100269,29.761891478121));
#13047=CARTESIAN_POINT('Origin',(12.6137495713397,1.40362368100266,30.07235924067));
#13048=CARTESIAN_POINT('Origin',(0.200207784080837,0.986792386880594,31.1682845454281));
#13049=CARTESIAN_POINT('',(8.01221406733837,5.28070829120369,31.1682863330558));
#13050=CARTESIAN_POINT('Origin',(7.51221406733846,5.28070829120352,31.6682862186409));
#13051=CARTESIAN_POINT('',(7.01221406733856,5.28070829120343,32.1682861042249));
#13052=CARTESIAN_POINT('Origin',(7.01221406733885,9.57462419552497,38.2392862723069));
#13053=CARTESIAN_POINT('',(7.01221406734071,-1.61337580447465,38.239286272307));
#13054=CARTESIAN_POINT('Origin',(-0.883005825149301,-12.801375804476,38.2392862723084));
#13055=CARTESIAN_POINT('',(1.35343395983437,-12.8013758044756,38.239286272308));
#13056=CARTESIAN_POINT('Origin',(1.35343395983405,-12.8013758044756,36.239286272308));
#13057=CARTESIAN_POINT('',(1.35343395983409,-12.8013758044756,36.439286272308));
#13058=CARTESIAN_POINT('Origin',(0.235132920168817,-12.8013758044758,36.4392862723082));
#13059=CARTESIAN_POINT('',(-0.953433959828124,-12.801375804476,36.4392862723084));
#13060=CARTESIAN_POINT('Origin',(-0.953433959828098,-12.801375804476,36.2392862723084));
#13061=CARTESIAN_POINT('',(-0.953433959828401,-12.801375804476,38.2392862723084));
#13062=CARTESIAN_POINT('Origin',(1.28300582515527,-12.8013758044756,38.239286272309));
#13063=CARTESIAN_POINT('',(-6.61221406733848,-1.6133758044769,38.2392862723073));
#13064=CARTESIAN_POINT('Origin',(-6.61221406734035,9.57462419552271,38.2392862723072));
#13065=CARTESIAN_POINT('',(-6.61221406733864,5.28070829120117,32.1682861042252));
#13066=CARTESIAN_POINT('Origin',(-7.11221406733855,5.28070829120108,31.6682862186413));
#13067=CARTESIAN_POINT('',(-7.61221406733845,5.2807082912011,31.1682863330564));
#13068=CARTESIAN_POINT('Origin',(-13.9397859326197,1.40362368099814,29.3887380785965));
#13069=CARTESIAN_POINT('',(-12.4471723345243,1.40362368099839,29.7618914781212));
#13070=CARTESIAN_POINT('',(-14.7829605702843,1.30127198112139,29.1779444191806));
#13071=CARTESIAN_POINT('Origin',(-12.2137495713385,1.40362368099843,30.0723592406702));
#13072=CARTESIAN_POINT('Origin',(-11.003611581571,1.40362368099862,30.168287109113));
#13073=CARTESIAN_POINT('',(-11.0036113527402,2.09860523657615,31.168287109113));
#13074=CARTESIAN_POINT('Origin',(-11.0036115815711,2.09860523657613,30.168287109113));
#13075=CARTESIAN_POINT('',(-11.0036113527401,1.40362368099864,31.168287109113));
#13076=CARTESIAN_POINT('Origin',(0.199792215920514,0.986792386880594,31.1682845454281));
#13077=CARTESIAN_POINT('',(-10.9397859326166,2.09860523657615,31.168287094507));
#13078=CARTESIAN_POINT('',(-8.40021017594346,2.09860523657658,31.1682865133746));
#13079=CARTESIAN_POINT('',(-10.9397859326172,5.28070829120055,31.168287094507));
#13080=CARTESIAN_POINT('Origin',(-11.4397859326172,5.28070829120048,31.668287208923));
#13081=CARTESIAN_POINT('',(-11.0666422904584,2.09860523657613,31.295143481378));
#13082=CARTESIAN_POINT('Origin',(-19.6746511360882,2.18112634480661,13.3652857779655));
#13083=CARTESIAN_POINT('',(-21.0919627179065,1.35862849409214,7.74028577796568));
#13084=CARTESIAN_POINT('Origin',(-20.8684572094569,1.74976313387732,2.11528577796565));
#13085=CARTESIAN_POINT('Origin',(-1.80021404030489,-6.60137580447619,24.3999817929395));
#13086=CARTESIAN_POINT('',(-8.25528091093939,-7.24359733613755,23.7577602612776));
#13087=CARTESIAN_POINT('Origin',(-8.25528091093913,-5.80137580447737,21.0310956662976));
#13088=CARTESIAN_POINT('',(-8.25528091093816,-5.80137580447741,15.2568433170386));
#13089=CARTESIAN_POINT('Origin',(-7.36065219252955,-2.80897759550503,21.0864006089404));
#13090=CARTESIAN_POINT('',(-7.83672692236296,-4.40137580447719,21.0864006089405));
#13091=CARTESIAN_POINT('Origin',(-7.83629878768944,-4.40137580447719,21.0864006089435));
#13092=CARTESIAN_POINT('',(-6.02461732503615,-4.40137580447689,21.0864006089412));
#13093=CARTESIAN_POINT('Origin',(-2.42686599403045,-4.49637677102042,21.0864006089416));
#13094=CARTESIAN_POINT('Origin',(-15.6356256818721,1.67737619104906,29.8492859633438));
#13095=CARTESIAN_POINT('Origin',(-17.0002140673364,2.0986052365751,24.615285777966));
#13096=CARTESIAN_POINT('Origin',(-11.8410560364926,-12.6013758044777,39.7301104496992));
#13097=CARTESIAN_POINT('Origin',(0.200214067342396,-4.70254402876309,14.3236165382774));
#13098=CARTESIAN_POINT('',(2.34378524506063,-6.80137765867654,14.3236165382722));
#13099=CARTESIAN_POINT('',(-1.94335711037101,-6.80137765867725,15.9371169101918));
#13100=CARTESIAN_POINT('Origin',(0.200214067347645,-4.70254402876234,23.9371169101913));
#13101=CARTESIAN_POINT('Origin',(0.18547123651726,-6.8013776586769,-1.81931579822497));
#13102=CARTESIAN_POINT('Origin',(0.18547123651726,-6.8013776586769,-1.81931579822497));
#13103=CARTESIAN_POINT('Origin',(24.6002143929036,-11.3013776591151,13.8288507515333));
#13104=CARTESIAN_POINT('',(24.6002143929017,-13.2743164187963,2.1349201408823));
#13105=CARTESIAN_POINT('Origin',(-7.79982071456364,-9.8013750018451,2.01053416130373));
#13106=CARTESIAN_POINT('',(-7.79982179726854,-7.17737765869792,12.8371087965167));
#13107=CARTESIAN_POINT('',(-7.79982156291683,-7.17737765869799,-0.898859413534279));
#13108=CARTESIAN_POINT('',(-7.79982284265283,-4.12268552797432,12.8371087964987));
#13109=CARTESIAN_POINT('Origin',(-9.6794505010337,-4.59064257272297,-8.56533769909198));
#13110=CARTESIAN_POINT('',(-10.0330038311393,-4.94419602380383,-8.56533770512394));
#13111=CARTESIAN_POINT('Origin',(10.080682374052,-4.59064257324187,-8.56533769911833));
#13112=CARTESIAN_POINT('',(10.4342357041391,-4.94419602434132,-8.56533770515139));
#13113=CARTESIAN_POINT('Origin',(8.20105367020744,-7.17737765911813,12.837108796496));
#13114=CARTESIAN_POINT('',(8.47228959716706,-6.90614182499573,12.837108796496));
#13115=CARTESIAN_POINT('',(8.20105367020747,-7.17737765911817,12.837108796496));
#13116=CARTESIAN_POINT('Origin',(8.20105187394831,-12.4253776591183,12.8371087964961));
#13117=CARTESIAN_POINT('',(8.2010518739483,-12.4253776591183,12.8371087964961));
#13118=CARTESIAN_POINT('Origin',(8.57704881504845,-12.8013747289127,12.837108796496));
#13119=CARTESIAN_POINT('Origin',(-7.79982000170662,-12.4241457864607,12.8371087964988));
#13120=CARTESIAN_POINT('',(-7.79982000170659,-12.4241457864607,12.8371087964988));
#13121=CARTESIAN_POINT('Origin',(-7.79982179726854,-7.17737765869792,12.8371087964987));
#13122=CARTESIAN_POINT('',(-7.79982179726854,-7.17737765869792,12.8371087965167));
#13123=CARTESIAN_POINT('Origin',(-8.17582225490366,-6.80137732971876,12.8371087964988));
#13124=CARTESIAN_POINT('',(-8.07105772407322,-6.90614182470195,12.8371087964988));
#13125=CARTESIAN_POINT('Origin',(0.199410328795617,-4.80254402876236,23.9371169101913));
#13126=CARTESIAN_POINT('Origin',(-26.6989825202798,-10.8013775377913,-15.6711492483961));
#13127=CARTESIAN_POINT('',(-26.8989825149039,-8.30939037848445,-15.6711492483961));
#13128=CARTESIAN_POINT('Origin',(-26.6989825202766,-10.8013775377913,-15.4711492536381));
#13129=CARTESIAN_POINT('',(-24.1989825202781,-10.801377657834,-15.6711492484025));
#13130=CARTESIAN_POINT('Origin',(-26.6989825202799,-10.8013775377913,-15.6711492483961));
#13131=CARTESIAN_POINT('',(-24.1989825202752,-10.8013776638102,-14.7304713175511));
#13132=CARTESIAN_POINT('',(-24.1989825201624,-10.8013776578312,31.9301104497585));
#13133=CARTESIAN_POINT('',(-24.3999108509885,-9.8194053083388,-13.8233641316804));
#13134=CARTESIAN_POINT('Origin',(-26.6989825202749,-10.8013775377913,-14.7304712214851));
#13135=CARTESIAN_POINT('',(-24.3999108509729,-9.81940530833523,-13.7978484036427));
#13136=CARTESIAN_POINT('Ctrl Pts',(-24.3999108509729,-9.81940530833874,
-13.7978484036427));
#13137=CARTESIAN_POINT('Ctrl Pts',(-24.3999108509781,-9.81940530833874,
-13.8063536463219));
#13138=CARTESIAN_POINT('Ctrl Pts',(-24.3999108509833,-9.81940530833874,
-13.8148588890012));
#13139=CARTESIAN_POINT('Ctrl Pts',(-24.3999108509885,-9.81940530833874,
-13.8233641316804));
#13140=CARTESIAN_POINT('',(-24.399910850941,-9.81940530833761,-0.591187538089457));
#13141=CARTESIAN_POINT('',(-24.3999108508626,-9.81940530833485,31.9301104497595));
#13142=CARTESIAN_POINT('',(-24.399910850966,-9.81940530833787,-0.499124950310748));
#13143=CARTESIAN_POINT('Ctrl Pts',(-24.399910850966,-9.81940530833759,-0.499124950310748));
#13144=CARTESIAN_POINT('Ctrl Pts',(-24.3999108509577,-9.81940530833759,
-0.529812479570317));
#13145=CARTESIAN_POINT('Ctrl Pts',(-24.3999108509493,-9.81940530833759,
-0.560500008829887));
#13146=CARTESIAN_POINT('Ctrl Pts',(-24.399910850941,-9.81940530833759,-0.591187538089457));
#13147=CARTESIAN_POINT('',(-24.1989826634478,-10.8013776698357,0.974924229694043));
#13148=CARTESIAN_POINT('Origin',(-26.698982520237,-10.8013775377912,0.974924070640917));
#13149=CARTESIAN_POINT('',(-24.1989825202084,-10.8013776578313,12.8371087965015));
#13150=CARTESIAN_POINT('Origin',(8.37705344641461,-7.00137765911823,-3.80825299139602));
#13151=CARTESIAN_POINT('Origin',(-7.97582157351032,-7.00137765868874,-3.80825299137426));
#13152=CARTESIAN_POINT('Origin',(21.1129807953259,-9.30137765911596,-27.9149285442838));
#13153=CARTESIAN_POINT('',(24.2629807953259,-9.30137765911534,-27.9149285442844));
#13154=CARTESIAN_POINT('Origin',(21.112980795326,-9.30137765911587,-27.9149285442839));
#13155=CARTESIAN_POINT('',(24.2629807953259,-9.30137765911543,-27.9149285442844));
#13156=CARTESIAN_POINT('Origin',(16.7002137469578,-12.801377659117,-22.7153263084646));
#13157=CARTESIAN_POINT('',(10.7665060605048,-7.20137765911794,-22.7153263084637));
#13158=CARTESIAN_POINT('',(9.93747963515683,-7.91885743389528,-22.7153263084636));
#13159=CARTESIAN_POINT('',(10.7665068792975,-12.4013761361665,-22.7153268147075));
#13160=CARTESIAN_POINT('',(10.7665060605055,-9.80138258721883,-22.7153263084637));
#13161=CARTESIAN_POINT('',(-10.3652750068965,-12.4013761358799,-22.7153268148002));
#13162=CARTESIAN_POINT('',(8.11004144848124,-12.4013776591184,-22.7153263084631));
#13163=CARTESIAN_POINT('',(-10.3652741876607,-7.20137765856295,-22.7153263084359));
#13164=CARTESIAN_POINT('',(-10.365274187798,-9.80138258666395,-22.7153263084358));
#13165=CARTESIAN_POINT('',(-9.53624776235047,-7.91885743338382,-22.7153263084379));
#13166=CARTESIAN_POINT('Origin',(-6.20505243186014,-7.00137765878221,-15.1295465192736));
#13167=CARTESIAN_POINT('',(-15.5535077902062,-7.20137765828966,-31.6777420438335));
#13168=CARTESIAN_POINT('',(-10.5972727939794,-11.4907443907776,-31.6777420439103));
#13169=CARTESIAN_POINT('',(-6.03196270810823,-7.20137765879119,-15.2297460578346));
#13170=CARTESIAN_POINT('Origin',(-16.0156958291773,-6.80137765828643,-31.6777420438244));
#13171=CARTESIAN_POINT('',(-15.5535077902211,-7.20137765828985,-32.6627420438317));
#13172=CARTESIAN_POINT('',(-15.5535077902067,-7.20137765829097,-31.6777420438316));
#13173=CARTESIAN_POINT('',(-10.5972727939943,-11.4907443907778,-32.6627420439086));
#13174=CARTESIAN_POINT('Origin',(-6.20505243187453,-7.00137765878223,-16.1145465192735));
#13175=CARTESIAN_POINT('',(-17.2357558907049,-7.20137765898688,-35.568742044051));
#13176=CARTESIAN_POINT('',(-6.03196270812261,-7.20137765879119,-16.2147460578346));
#13177=CARTESIAN_POINT('',(-11.3148351007537,-12.3256303789235,-35.56874204421));
#13178=CARTESIAN_POINT('Origin',(0.201231873501061,1.56078900820184,-35.5687420440568));
#13179=CARTESIAN_POINT('',(-17.2357558909053,-12.4013747270973,-35.5687420440228));
#13180=CARTESIAN_POINT('',(-17.2357558909806,-2.62029925262521,-35.5687420442699));
#13181=CARTESIAN_POINT('',(-6.20680701205715,-2.85638615442323,-35.5687420441381));
#13182=CARTESIAN_POINT('',(-27.1658838154716,-11.8013875138824,-35.5687420437422));
#13183=CARTESIAN_POINT('',(-23.4146490244023,-15.5526223053431,-35.5687420443573));
#13184=CARTESIAN_POINT('',(-27.1658838152609,-7.80138751388234,-35.5687420437381));
#13185=CARTESIAN_POINT('',(-27.165883814988,-2.62029925211833,-35.5687420443888));
#13186=CARTESIAN_POINT('',(-17.7335607617509,1.63093553864435,-35.5687420442714));
#13187=CARTESIAN_POINT('Origin',(-26.6658838151889,-7.30138751390692,-17.0194103473181));
#13188=CARTESIAN_POINT('',(-27.165883815256,-7.8013875138822,-33.5687354993852));
#13189=CARTESIAN_POINT('',(-24.3155774758937,-4.95108117481882,-32.8049982176202));
#13190=CARTESIAN_POINT('',(-27.1658838152151,-7.80138751388101,-17.019410347317));
#13191=CARTESIAN_POINT('Origin',(-22.165883791035,-6.80138751414516,-32.228989530767));
#13192=CARTESIAN_POINT('',(-23.8291852348266,-52.8062790259291,-32.6746698087344));
#13193=CARTESIAN_POINT('',(-27.1658838154666,-11.8013875138821,-33.5687354993842));
#13194=CARTESIAN_POINT('',(-27.1658838152033,-6.80138751388199,-33.5687354993854));
#13195=CARTESIAN_POINT('',(-25.5271774249211,-13.4400939045975,-33.1296454453865));
#13196=CARTESIAN_POINT('Origin',(-15.3267879295696,-52.8062790259292,-24.2065389604564));
#13197=CARTESIAN_POINT('',(-23.8410482858154,-52.8062790259293,-32.6627420437581));
#13198=CARTESIAN_POINT('Origin',(-23.841048285801,-12.8013747289201,-31.6777420437577));
#13199=CARTESIAN_POINT('',(-23.8410482858006,-52.8062790259291,-31.6777420437597));
#13200=CARTESIAN_POINT('Origin',(-15.3267879295553,-52.8062790259292,-23.2215389604564));
#13201=CARTESIAN_POINT('Origin',(27.673212070445,19.7903093626574,-23.2215389604559));
#13202=CARTESIAN_POINT('',(27.6732119199626,-12.774373915314,-16.0441470370983));
#13203=CARTESIAN_POINT('',(27.673212070445,3.49446588174962,-16.0441469312063));
#13204=CARTESIAN_POINT('',(27.673212070445,-6.34105113492186,-9.61082565302627));
#13205=CARTESIAN_POINT('',(27.6732120704449,-52.8062790259289,-23.2215389604563));
#13206=CARTESIAN_POINT('Origin',(15.6732120704449,-52.8062790259289,-23.2215389604564));
#13207=CARTESIAN_POINT('',(24.1874724259933,-52.8062790259289,-31.6777420444614));
#13208=CARTESIAN_POINT('Origin',(24.1874724259929,-6.80136853378988,-31.6777420444594));
#13209=CARTESIAN_POINT('',(24.1874724259785,-6.80137802455507,-32.6631628166892));
#13210=CARTESIAN_POINT('Origin',(22.567115663849,-6.80138751531983,-32.228989530826));
#13211=CARTESIAN_POINT('',(27.5671156880146,-11.8013875153195,-33.5687354994562));
#13212=CARTESIAN_POINT('',(25.9284092973841,-13.4400939059488,-33.1296454454543));
#13213=CARTESIAN_POINT('',(27.567115688014,-7.80138751531952,-33.5687354994574));
#13214=CARTESIAN_POINT('',(27.5671156880139,-6.80138751531931,-33.5687354994576));
#13215=CARTESIAN_POINT('',(24.7168093488035,-4.9510811761065,-32.8049982176848));
#13216=CARTESIAN_POINT('Origin',(27.0671156880167,-7.30138751531801,-17.0194103473892));
#13217=CARTESIAN_POINT('',(27.5671156880137,-7.80138751531975,-35.5687420438102));
#13218=CARTESIAN_POINT('',(27.5671156880167,-7.80138751531833,-17.0194103473892));
#13219=CARTESIAN_POINT('',(18.134792634999,1.63093553770242,-35.5687420443187));
#13220=CARTESIAN_POINT('Origin',(0.199999999743252,1.56078900820184,-35.5687420440568));
#13221=CARTESIAN_POINT('',(17.6369877634163,-12.4013747280132,-35.5687420440687));
#13222=CARTESIAN_POINT('',(6.60803888506944,-2.8563861547598,-35.5687420441549));
#13223=CARTESIAN_POINT('',(17.6369877634887,-7.20137765990273,-35.568742044097));
#13224=CARTESIAN_POINT('',(17.6369877640051,-2.6202992535411,-35.5687420443159));
#13225=CARTESIAN_POINT('',(11.7160669732687,-12.3256303795284,-35.5687420442403));
#13226=CARTESIAN_POINT('',(27.5671156880143,-11.8013875153197,-35.5687420438144));
#13227=CARTESIAN_POINT('',(27.5671156880129,-2.62029925355575,-35.568742044461));
#13228=CARTESIAN_POINT('',(23.8158808967478,-15.5526223065834,-35.5687420444196));
#13229=CARTESIAN_POINT('Origin',(6.60628430472031,-7.0013776591186,-16.1145465192907));
#13230=CARTESIAN_POINT('',(15.9547396632543,-7.20137765911733,-32.6627420442919));
#13231=CARTESIAN_POINT('',(10.9907858866742,-11.4974245988796,-32.6627420442239));
#13232=CARTESIAN_POINT('',(6.43319458095776,-7.20137765911852,-16.2147460578517));
#13233=CARTESIAN_POINT('Origin',(15.9547396632687,-7.20137765911845,-31.677742044292));
#13234=CARTESIAN_POINT('',(15.9547396632692,-7.20137765911714,-31.6777420442938));
#13235=CARTESIAN_POINT('',(10.9907858866891,-11.4974245988792,-31.6777420442257));
#13236=CARTESIAN_POINT('',(15.9547396632687,-7.20137765911835,-31.6777420442919));
#13237=CARTESIAN_POINT('Origin',(6.6062843047347,-7.0013776591186,-15.1295465192907));
#13238=CARTESIAN_POINT('',(6.43319458097207,-7.20137765911861,-15.2297460578517));
#13239=CARTESIAN_POINT('Origin',(-20.7129807953238,-9.30137765912288,-27.9149285442838));
#13240=CARTESIAN_POINT('',(-23.8629807953238,-9.3013776591234,-27.9149285442844));
#13241=CARTESIAN_POINT('Origin',(-20.7129807953237,-9.30137765912288,-27.9149285442839));
#13242=CARTESIAN_POINT('',(-23.8629807953238,-9.30137765912341,-27.9149285442843));
#13243=CARTESIAN_POINT('Origin',(-26.3615805744308,-12.8013775378092,-15.6711492483971));
#13244=CARTESIAN_POINT('',(-24.1989825202782,-12.4013747289205,-15.6711492484025));
#13245=CARTESIAN_POINT('',(-26.8989825151195,-12.401374728921,-15.671149248396));
#13246=CARTESIAN_POINT('',(-13.4208557122095,-12.4013747289187,-15.6711492484293));
#13247=CARTESIAN_POINT('',(-24.1989825202782,-11.3013776577655,-15.6711492484025));
#13248=CARTESIAN_POINT('',(-26.8989825151405,-12.8013775977363,-15.671149248396));
#13249=CARTESIAN_POINT('Origin',(-24.1989825202115,-11.3013776577653,11.3288507515975));
#13250=CARTESIAN_POINT('',(-24.1989825202611,-5.47637546113126,-8.74614998061453));
#13251=CARTESIAN_POINT('',(-24.198982520267,-4.57445212186657,-11.1353541561745));
#13252=CARTESIAN_POINT('Ctrl Pts',(-24.5062324009052,-9.6006083158607,-13.6212481276849));
#13253=CARTESIAN_POINT('Ctrl Pts',(-24.3056915734961,-9.96679849407549,
-13.9595201244135));
#13254=CARTESIAN_POINT('Ctrl Pts',(-24.1989825002286,-10.3838730458948,
-14.3447970920266));
#13255=CARTESIAN_POINT('Ctrl Pts',(-24.198982520275,-10.8013776578225,-14.7304713321615));
#13256=CARTESIAN_POINT('Ctrl Pts',(-24.4238785757981,-9.75098675534715,
-13.2826792440318));
#13257=CARTESIAN_POINT('Ctrl Pts',(-24.2384775036132,-10.150466851234,-13.6078300831996));
#13258=CARTESIAN_POINT('Ctrl Pts',(-24.160341865205,-10.5968926548887,-13.9772472696647));
#13259=CARTESIAN_POINT('Ctrl Pts',(-24.198982531048,-11.0257771365018,-14.3418000338965));
#13260=CARTESIAN_POINT('Ctrl Pts',(-24.0484828936854,-9.88561054125222,
-12.6934392073779));
#13261=CARTESIAN_POINT('Ctrl Pts',(-23.8387228612747,-10.3662031634629,
-12.9971393811628));
#13262=CARTESIAN_POINT('Ctrl Pts',(-23.7627479425923,-10.9020512000821,
-13.3379855537226));
#13263=CARTESIAN_POINT('Ctrl Pts',(-23.8223529373228,-11.4142605259971,
-13.6689270967156));
#13264=CARTESIAN_POINT('Ctrl Pts',(-23.4477582181639,-9.73576965348547,
-12.3831926172843));
#13265=CARTESIAN_POINT('Ctrl Pts',(-23.1600971262523,-10.2935735389369,
-12.7050745398999));
#13266=CARTESIAN_POINT('Ctrl Pts',(-23.0178799768117,-10.9252663209884,
-13.0703140101682));
#13267=CARTESIAN_POINT('Ctrl Pts',(-23.0355817383589,-11.5513777177126,
-13.4314332195027));
#13268=CARTESIAN_POINT('Ctrl Pts',(-23.1905823293647,-9.63014678270058,
-12.3222100220251));
#13269=CARTESIAN_POINT('Ctrl Pts',(-22.8697170055101,-10.2160510678425,
-12.6604820187508));
#13270=CARTESIAN_POINT('Ctrl Pts',(-22.6989824882726,-10.8833703507525,
-13.0457589863589));
#13271=CARTESIAN_POINT('Ctrl Pts',(-22.6989825203398,-11.5513777298409,
-13.4314332264887));
#13272=CARTESIAN_POINT('',(-22.6989825203398,-11.5513777298236,-13.4314332264787));
#13273=CARTESIAN_POINT('Origin',(-22.698982520275,-10.8013777298238,-14.7304713321548));
#13274=CARTESIAN_POINT('',(-23.0933934982046,-9.81940530840733,-12.4314784827645));
#13275=CARTESIAN_POINT('Origin',(-26.6989825203398,-11.5513775377912,-13.4314331158081));
#13276=CARTESIAN_POINT('Ctrl Pts',(-24.3999108509729,-9.81940530833874,
-13.7978484036427));
#13277=CARTESIAN_POINT('Ctrl Pts',(-24.3973209396305,-9.81940530833886,
-13.603631669648));
#13278=CARTESIAN_POINT('Ctrl Pts',(-24.3647634710385,-9.81940530834056,
-13.4095652265946));
#13279=CARTESIAN_POINT('Ctrl Pts',(-24.2383166180156,-9.81940530834718,
-13.0833137223235));
#13280=CARTESIAN_POINT('Ctrl Pts',(-24.158479200736,-9.81940530835136,-12.9489052156091));
#13281=CARTESIAN_POINT('Ctrl Pts',(-23.9320916459081,-9.81940530836322,
-12.6984213480201));
#13282=CARTESIAN_POINT('Ctrl Pts',(-23.8015463661244,-9.81940530837006,
-12.6164235165745));
#13283=CARTESIAN_POINT('Ctrl Pts',(-23.5425850306774,-9.81940530838363,
-12.492163162604));
#13284=CARTESIAN_POINT('Ctrl Pts',(-23.3809486274551,-9.81940530839216,
-12.4504641239877));
#13285=CARTESIAN_POINT('Ctrl Pts',(-23.1758740548745,-9.81940530840292,
-12.4331866596521));
#13286=CARTESIAN_POINT('Ctrl Pts',(-23.1346833808829,-9.81940530840506,
-12.4314745346082));
#13287=CARTESIAN_POINT('Ctrl Pts',(-23.0934919233921,-9.81940530840722,
-12.4314784827819));
#13288=CARTESIAN_POINT('Origin',(-18.6989825201658,-9.81940530863797,-12.3211492484174));
#13289=CARTESIAN_POINT('',(-12.3386532860864,-9.81940530897193,-12.4314784825535));
#13290=CARTESIAN_POINT('',(-18.6989825201627,-9.81940530863797,-12.4314784826784));
#13291=CARTESIAN_POINT('',(-12.3386532860647,-9.81940530897127,-4.21082001431451));
#13292=CARTESIAN_POINT('',(-12.3386532860855,-9.81940530897193,-12.0711492484345));
#13293=CARTESIAN_POINT('',(-20.9233577383399,-9.81940530852032,-4.21082001410095));
#13294=CARTESIAN_POINT('',(-18.6989825200544,-9.81940530863723,-4.21082001415643));
#13295=CARTESIAN_POINT('Ctrl Pts',(-20.9243469135729,-9.81940530852042,
-4.21082001407125));
#13296=CARTESIAN_POINT('Ctrl Pts',(-21.0667814222456,-9.81940530851294,
-4.21082670156043));
#13297=CARTESIAN_POINT('Ctrl Pts',(-21.209238779462,-9.81940530850546,-4.20331557127399));
#13298=CARTESIAN_POINT('Ctrl Pts',(-21.7877940937501,-9.81940530847506,
-4.14148580468762));
#13299=CARTESIAN_POINT('Ctrl Pts',(-22.2186886016409,-9.81940530845243,
-4.02200274937607));
#13300=CARTESIAN_POINT('Ctrl Pts',(-22.9787604356015,-9.8194053084125,-3.6421446943741));
#13301=CARTESIAN_POINT('Ctrl Pts',(-23.3014138610156,-9.81940530839553,
-3.39614214136949));
#13302=CARTESIAN_POINT('Ctrl Pts',(-23.7578103011957,-9.81940530837154,
-2.86491792173658));
#13303=CARTESIAN_POINT('Ctrl Pts',(-23.9119343726768,-9.81940530836338,
-2.62175697407974));
#13304=CARTESIAN_POINT('Ctrl Pts',(-24.1629808611138,-9.81940530835018,
-2.08082056938876));
#13305=CARTESIAN_POINT('Ctrl Pts',(-24.2528330470744,-9.81940530833889,
-1.78714777559616));
#13306=CARTESIAN_POINT('Ctrl Pts',(-24.3682655637046,-9.81940530833277,
-1.19191618879159));
#13307=CARTESIAN_POINT('Ctrl Pts',(-24.3953945578618,-9.81940530833787,
-0.89051856113498));
#13308=CARTESIAN_POINT('Ctrl Pts',(-24.399910850941,-9.81940530833761,-0.591187538089462));
#13309=CARTESIAN_POINT('Ctrl Pts',(-24.1989825201123,-10.8013749924175,
0.97496244596023));
#13310=CARTESIAN_POINT('Ctrl Pts',(-24.1989830402739,-10.3037369623466,
0.227950023561867));
#13311=CARTESIAN_POINT('Ctrl Pts',(-24.351829307575,-9.80713674967896,-0.517506316449037));
#13312=CARTESIAN_POINT('Ctrl Pts',(-24.6316513523228,-9.39562441489493,
-1.13523627485787));
#13313=CARTESIAN_POINT('Ctrl Pts',(-24.1989934515575,-11.3997788047584,
-0.06150344485361));
#13314=CARTESIAN_POINT('Ctrl Pts',(-24.076541804501,-10.865800494493,-0.741527860929629));
#13315=CARTESIAN_POINT('Ctrl Pts',(-24.1436826619015,-10.2654412809768,
-1.43883048421019));
#13316=CARTESIAN_POINT('Ctrl Pts',(-24.3943177188605,-9.74466493477602,
-2.0193138583508));
#13317=CARTESIAN_POINT('Ctrl Pts',(-23.1943696642499,-12.4357091965852,
-1.85578010934476));
#13318=CARTESIAN_POINT('Ctrl Pts',(-23.0044686443324,-11.6372674819758,
-2.42865915384169));
#13319=CARTESIAN_POINT('Ctrl Pts',(-23.0818428646242,-10.7481462792826,
-3.03986702297626));
#13320=CARTESIAN_POINT('Ctrl Pts',(-23.4356806412077,-9.98172162623909,
-3.55895091739987));
#13321=CARTESIAN_POINT('Ctrl Pts',(-21.0965816049026,-12.8014020435243,
-2.48916342030515));
#13322=CARTESIAN_POINT('Ctrl Pts',(-21.0405296952255,-11.6406027499751,
-3.1582064503354));
#13323=CARTESIAN_POINT('Ctrl Pts',(-21.3410758415368,-10.4583398879352,
-3.84232234677556));
#13324=CARTESIAN_POINT('Ctrl Pts',(-21.9570322833341,-9.46932265893636,
-4.41294032598588));
#13325=CARTESIAN_POINT('Ctrl Pts',(-20.1989825204874,-12.8014048528725,
-2.48916177448582));
#13326=CARTESIAN_POINT('Ctrl Pts',(-20.1989769291853,-11.5075439139215,
-3.23617273586901));
#13327=CARTESIAN_POINT('Ctrl Pts',(-20.5963723642147,-10.2163774772111,
-3.98162802563617));
#13328=CARTESIAN_POINT('Ctrl Pts',(-21.3239080255128,-9.14643921084547,
-4.599357171693));
#13329=CARTESIAN_POINT('Origin',(-20.1989825202378,-10.8013744424832,0.974922283205828));
#13330=CARTESIAN_POINT('Origin',(-26.6989825204283,-12.8013775377914,-2.48917754449607));
#13331=CARTESIAN_POINT('Origin',(-24.1989825202115,-11.3013776577653,11.3288507515975));
#13332=CARTESIAN_POINT('',(-24.1989825202356,-11.8331517141046,1.5706191687295));
#13333=CARTESIAN_POINT('Origin',(-27.098982515141,-12.8013775977257,-15.871149248396));
#13334=CARTESIAN_POINT('',(-27.2989825151416,-12.8013775977152,-16.071149248395));
#13335=CARTESIAN_POINT('',(-24.8526285259484,-10.3550207398618,-13.6247952593424));
#13336=CARTESIAN_POINT('Origin',(21.1129807953259,-9.30137765911596,-27.9149285442838));
#13337=CARTESIAN_POINT('',(19.3659186304593,-9.30137765911624,-27.9139669666685));
#13338=CARTESIAN_POINT('Origin',(21.1159186304593,-9.30137765911596,-27.9139669666687));
#13339=CARTESIAN_POINT('Origin',(10.426929302985,-6.80138751531919,-22.1287243340471));
#13340=CARTESIAN_POINT('',(15.9547396632738,-12.4013747289152,-31.6777420442991));
#13341=CARTESIAN_POINT('',(15.954739663265,-2.62269041587654,-31.677742044289));
#13342=CARTESIAN_POINT('',(8.23203928893128,-12.4013747289153,-18.33716090292));
#13343=CARTESIAN_POINT('Origin',(8.1100414484813,-12.6013761940171,-22.5153263084684));
#13344=CARTESIAN_POINT('',(10.9971389583413,-12.8013747289153,-22.3153263084743));
#13345=CARTESIAN_POINT('',(-10.5959070857904,-12.8013747283482,-22.3153263084459));
#13346=CARTESIAN_POINT('Origin',(-10.0256974301184,-6.80138751478198,-22.1287243340201));
#13347=CARTESIAN_POINT('',(-15.5535077904842,-12.4013747280878,-31.6777420438389));
#13348=CARTESIAN_POINT('',(-15.5535077899617,-2.62269041504947,-31.6777420438287));
#13349=CARTESIAN_POINT('',(-7.83080741634882,-12.4013747284935,-18.3371609028992));
#13350=CARTESIAN_POINT('Origin',(-15.5535077902068,-7.20137765829097,-31.6777420438316));
#13351=CARTESIAN_POINT('',(-15.553507790499,-12.4013747280881,-32.6627420438371));
#13352=CARTESIAN_POINT('',(-15.5535077904847,-12.4013747280891,-31.6777420438371));
#13353=CARTESIAN_POINT('',(-15.5535077899766,-2.62269041504977,-32.662742043827));
#13354=CARTESIAN_POINT('Origin',(-10.0256974301328,-6.801387514782,-23.1137243340201));
#13355=CARTESIAN_POINT('',(-7.8308074163632,-12.4013747284935,-19.3221609028993));
#13356=CARTESIAN_POINT('Origin',(-8.00389714013624,-12.6013747284844,-19.2219613643372));
#13357=CARTESIAN_POINT('',(-5.49161111653653,-3.69332014983708,-32.6627420439751));
#13358=CARTESIAN_POINT('Origin',(-26.6658838154432,-12.3013875139066,-13.3634102237331));
#13359=CARTESIAN_POINT('',(-27.1658838154168,-11.8013875138807,-13.363410223732));
#13360=CARTESIAN_POINT('Origin',(-27.1658838152034,-6.80138751388199,-33.6327354993854));
#13361=CARTESIAN_POINT('Origin',(-27.2989825151415,-12.8013776576707,-16.071149248395));
#13362=CARTESIAN_POINT('Origin',(27.500214387709,-12.8013775991595,-15.8711492484672));
#13363=CARTESIAN_POINT('',(27.3002143877089,-12.4013747303443,-15.6711492484672));
#13364=CARTESIAN_POINT('',(27.300214387709,-12.8013775991596,-15.6711492484672));
#13365=CARTESIAN_POINT('',(27.3002143877089,-12.4013747303443,-15.6711492484672));
#13366=CARTESIAN_POINT('Origin',(13.8220875848675,-12.6013747296342,-15.8711492484649));
#13367=CARTESIAN_POINT('',(24.6002143928987,-12.4013747293423,-15.6711492484667));
#13368=CARTESIAN_POINT('',(13.8220875848781,-12.4013747296342,-15.6711492484649));
#13369=CARTESIAN_POINT('',(24.6002143929,-4.85137546146355,-8.12114998101876));
#13370=CARTESIAN_POINT('Origin',(27.0671156880181,-12.3013875153177,-13.3634102238041));
#13371=CARTESIAN_POINT('',(27.567115688018,-11.8013875153181,-13.3634102238042));
#13372=CARTESIAN_POINT('Origin',(27.5671156880139,-6.80138751531942,-33.6327354994576));
#13373=CARTESIAN_POINT('Origin',(8.40512901267956,-12.6013747289154,-19.221961364359));
#13374=CARTESIAN_POINT('',(15.954739663259,-12.4013747289155,-32.6627420442974));
#13375=CARTESIAN_POINT('',(5.88512420966828,-3.68663994270632,-32.6627420441411));
#13376=CARTESIAN_POINT('',(8.2320392889169,-12.4013747289153,-19.3221609029199));
#13377=CARTESIAN_POINT('Origin',(10.4269293029705,-6.80138751531921,-23.1137243340471));
#13378=CARTESIAN_POINT('',(15.9547396632501,-2.62269041587684,-32.6627420442872));
#13379=CARTESIAN_POINT('Origin',(15.9547396632733,-12.4013747289166,-31.6777420442974));
#13380=CARTESIAN_POINT('',(15.9547396632733,-12.4013747289166,-31.6777420442974));
#13381=CARTESIAN_POINT('Origin',(-20.7129807953238,-9.30137765912288,-27.9149285442838));
#13382=CARTESIAN_POINT('',(-18.9646867577393,-9.30137765921501,-27.9139669666179));
#13383=CARTESIAN_POINT('Origin',(-20.7146867577393,-9.3013776591228,-27.9139669666136));
#13384=CARTESIAN_POINT('Origin',(-13.42085571221,-12.6013747289188,-15.8711492484293));
#13385=CARTESIAN_POINT('Origin',(-22.698982520267,-4.57445212186663,-11.1353541561778));
#13386=CARTESIAN_POINT('',(-22.6989825203319,-5.32445212186651,-9.83631605050178));
#13387=CARTESIAN_POINT('Origin',(-18.6989825201694,-10.0065440330064,-12.5395230755684));
#13388=CARTESIAN_POINT('',(-12.9492834585046,-8.76176282557791,-11.8208483100904));
#13389=CARTESIAN_POINT('Origin',(-12.2306086931495,-10.0065440334416,-11.8211492484345));
#13390=CARTESIAN_POINT('',(-13.6492834584155,-7.5493272602578,-5.52145018674931));
#13391=CARTESIAN_POINT('Origin',(-18.698982520152,-10.0065440330056,-4.10277542126645));
#13392=CARTESIAN_POINT('Origin',(-20.1989825202356,-11.8331517141046,1.57061916871985));
#13393=CARTESIAN_POINT('Origin',(21.1159186304603,-15.3763575723707,-27.9139669666687));
#13394=CARTESIAN_POINT('',(19.3659186304603,-15.376357572371,-27.9139669666684));
#13395=CARTESIAN_POINT('Origin',(12.700214067339,-8.55137765911749,18.1346736915353));
#13396=CARTESIAN_POINT('',(12.7002140673385,-7.80137856199881,15.7846736915363));
#13397=CARTESIAN_POINT('Origin',(12.7002140673389,-7.80137856199879,18.1346736915353));
#13398=CARTESIAN_POINT('',(12.7002140673386,-8.55137765911751,15.7846736915353));
#13399=CARTESIAN_POINT('Origin',(-12.3002140673371,-8.55137765912163,18.1346736915355));
#13400=CARTESIAN_POINT('',(-12.3002140673369,-7.80137856200295,15.7846736915355));
#13401=CARTESIAN_POINT('',(-12.3002140673367,-8.55137765912165,15.7846736915355));
#13402=CARTESIAN_POINT('Origin',(-12.3002140673372,-7.80137856200293,18.1346736915355));
#13403=CARTESIAN_POINT('Origin',(0.26986915000611,-12.2013815654226,-11.1076022550436));
#13404=CARTESIAN_POINT('',(4.56602157271227,-12.2013815654221,-13.5879870127743));
#13405=CARTESIAN_POINT('',(0.269869150006131,-12.2013815654226,-11.1076022550436));
#13406=CARTESIAN_POINT('',(4.56602157271227,-12.2013815654221,-13.5879870127743));
#13407=CARTESIAN_POINT('',(0.269869150006131,-12.2013815654226,-11.1076022550436));
#13408=CARTESIAN_POINT('',(4.56602157271227,-12.2013815654221,-13.5879870127743));
#13409=CARTESIAN_POINT('Origin',(-4.02628327270086,-12.2013815654235,-13.5879870127729));
#13410=CARTESIAN_POINT('',(-4.0262832727009,-12.2013815654235,-13.5879870127729));
#13411=CARTESIAN_POINT('',(0.269869150006131,-12.2013815654226,-11.1076022550436));
#13412=CARTESIAN_POINT('',(-4.0262832727009,-12.2013815654235,-13.5879870127729));
#13413=CARTESIAN_POINT('Origin',(-4.9262832727008,-12.2013815654237,-13.0683717705017));
#13414=CARTESIAN_POINT('',(-4.9262832727008,-12.2013815654237,-13.0683717705017));
#13415=CARTESIAN_POINT('',(-4.9262832727008,-12.2013815654237,-13.0683717705017));
#13416=CARTESIAN_POINT('',(-4.9262832727008,-12.2013815654237,-13.0683717705017));
#13417=CARTESIAN_POINT('Origin',(0.269869150006287,-12.2013815654225,-10.0683717705026));
#13418=CARTESIAN_POINT('',(0.269869150006287,-12.2013815654225,-10.0683717705026));
#13419=CARTESIAN_POINT('',(0.269869150006287,-12.2013815654225,-10.0683717705026));
#13420=CARTESIAN_POINT('',(0.269869150006287,-12.2013815654225,-10.0683717705026));
#13421=CARTESIAN_POINT('Origin',(5.46602157271236,-12.2013815654219,-13.0683717705035));
#13422=CARTESIAN_POINT('',(5.46602157271236,-12.2013815654219,-13.0683717705035));
#13423=CARTESIAN_POINT('',(5.46602157271236,-12.2013815654219,-13.0683717705035));
#13424=CARTESIAN_POINT('',(5.46602157271236,-12.2013815654219,-13.0683717705035));
#13425=CARTESIAN_POINT('Origin',(5.46602157271187,-12.2013815654222,-16.0683717705035));
#13426=CARTESIAN_POINT('',(5.46602157271187,-12.2013815654222,-16.0683717705035));
#13427=CARTESIAN_POINT('',(5.46602157271187,-12.2013815654222,-16.0683717705035));
#13428=CARTESIAN_POINT('',(5.46602157271187,-12.2013815654222,-16.0683717705035));
#13429=CARTESIAN_POINT('Origin',(6.96602157271187,-12.2013815654219,-16.0683717705037));
#13430=CARTESIAN_POINT('',(6.96602157271187,-12.2013815654219,-16.0683717705037));
#13431=CARTESIAN_POINT('',(5.46602157271187,-12.2013815654222,-16.0683717705035));
#13432=CARTESIAN_POINT('',(6.96602157271187,-12.2013815654219,-16.0683717705037));
#13433=CARTESIAN_POINT('Origin',(5.46602157271162,-12.2013815654223,-17.5683717705035));
#13434=CARTESIAN_POINT('',(5.46602157271161,-12.2013815654223,-17.5683717705035));
#13435=CARTESIAN_POINT('',(6.96602157271187,-12.2013815654219,-16.0683717705037));
#13436=CARTESIAN_POINT('',(5.46602157271161,-12.2013815654223,-17.5683717705035));
#13437=CARTESIAN_POINT('Origin',(4.56602157271167,-12.2013815654224,-17.0487565282323));
#13438=CARTESIAN_POINT('',(4.5660215727117,-12.2013815654224,-17.0487565282323));
#13439=CARTESIAN_POINT('',(5.46602157271161,-12.2013815654223,-17.5683717705035));
#13440=CARTESIAN_POINT('',(4.5660215727117,-12.2013815654224,-17.0487565282323));
#13441=CARTESIAN_POINT('Origin',(4.56602157271227,-12.2013815654221,-13.5879870127743));
#13442=CARTESIAN_POINT('',(4.5660215727117,-12.2013815654224,-17.0487565282323));
#13443=CARTESIAN_POINT('Origin',(3.2698691500053,-12.2013815654226,-16.0683717705031));
#13444=CARTESIAN_POINT('',(2.0698691500053,-12.2013815654227,-16.0683717705029));
#13445=CARTESIAN_POINT('',(3.26986915000529,-12.2013815654226,-16.0683717705031));
#13446=CARTESIAN_POINT('',(2.0698691500053,-12.2013815654227,-16.0683717705029));
#13447=CARTESIAN_POINT('',(3.26986915000529,-12.2013815654226,-16.0683717705031));
#13448=CARTESIAN_POINT('',(2.0698691500053,-12.2013815654227,-16.0683717705029));
#13449=CARTESIAN_POINT('Origin',(1.47073347003216,-12.2013815654231,-18.8931823696248));
#13450=CARTESIAN_POINT('',(1.47073347003215,-12.2013815654231,-18.8931823696248));
#13451=CARTESIAN_POINT('',(3.26986915000529,-12.2013815654226,-16.0683717705031));
#13452=CARTESIAN_POINT('',(1.47073347003215,-12.2013815654231,-18.8931823696248));
#13453=CARTESIAN_POINT('Origin',(0.270733470032134,-12.2013815654233,-18.8931823696246));
#13454=CARTESIAN_POINT('',(0.270733470032134,-12.2013815654233,-18.8931823696246));
#13455=CARTESIAN_POINT('',(0.270733470032134,-12.2013815654233,-18.8931823696246));
#13456=CARTESIAN_POINT('',(0.270733470032134,-12.2013815654233,-18.8931823696246));
#13457=CARTESIAN_POINT('Origin',(2.06986915000524,-12.2013815654227,-16.0683717705029));
#13458=CARTESIAN_POINT('',(0.270733470032134,-12.2013815654233,-18.8931823696246));
#13459=CARTESIAN_POINT('Origin',(-2.73013084999471,-12.2013815654235,-16.0683717705021));
#13460=CARTESIAN_POINT('',(-1.53013084999471,-12.2013815654234,-16.0683717705023));
#13461=CARTESIAN_POINT('',(-2.7301308499947,-12.2013815654235,-16.0683717705021));
#13462=CARTESIAN_POINT('',(-1.53013084999471,-12.2013815654234,-16.0683717705023));
#13463=CARTESIAN_POINT('',(-2.7301308499947,-12.2013815654235,-16.0683717705021));
#13464=CARTESIAN_POINT('',(-1.53013084999471,-12.2013815654234,-16.0683717705023));
#13465=CARTESIAN_POINT('Origin',(-0.930995170021593,-12.2013815654229,-13.2435611713804));
#13466=CARTESIAN_POINT('',(-0.930995170021593,-12.2013815654229,-13.2435611713804));
#13467=CARTESIAN_POINT('',(-0.930995170021593,-12.2013815654229,-13.2435611713804));
#13468=CARTESIAN_POINT('',(-0.930995170021593,-12.2013815654229,-13.2435611713804));
#13469=CARTESIAN_POINT('Origin',(0.269004829978403,-12.2013815654227,-13.2435611713806));
#13470=CARTESIAN_POINT('',(0.269004829978403,-12.2013815654227,-13.2435611713806));
#13471=CARTESIAN_POINT('',(0.269004829978403,-12.2013815654227,-13.2435611713806));
#13472=CARTESIAN_POINT('',(0.269004829978403,-12.2013815654227,-13.2435611713806));
#13473=CARTESIAN_POINT('Origin',(-1.53013084999471,-12.2013815654234,-16.0683717705023));
#13474=CARTESIAN_POINT('',(-1.53013084999471,-12.2013815654234,-16.0683717705023));
#13475=CARTESIAN_POINT('Origin',(-4.92628327270128,-12.2013815654239,-16.0683717705017));
#13476=CARTESIAN_POINT('',(-4.9262832727018,-12.2013815654241,-19.0683717705017));
#13477=CARTESIAN_POINT('',(-4.92628327270128,-12.2013815654239,-16.0683717705017));
#13478=CARTESIAN_POINT('',(-4.92628327270128,-12.2013815654239,-16.0683717705017));
#13479=CARTESIAN_POINT('',(-4.92628327270128,-12.2013815654239,-16.0683717705017));
#13480=CARTESIAN_POINT('',(-4.9262832727018,-12.2013815654241,-19.0683717705017));
#13481=CARTESIAN_POINT('Origin',(-6.42628327270128,-12.2013815654242,-16.0683717705015));
#13482=CARTESIAN_POINT('',(-6.42628327270129,-12.2013815654242,-16.0683717705015));
#13483=CARTESIAN_POINT('',(-4.92628327270128,-12.2013815654239,-16.0683717705017));
#13484=CARTESIAN_POINT('',(-6.42628327270129,-12.2013815654242,-16.0683717705015));
#13485=CARTESIAN_POINT('Origin',(-4.92628327270104,-12.2013815654238,-14.5683717705017));
#13486=CARTESIAN_POINT('',(-4.92628327270105,-12.2013815654238,-14.5683717705017));
#13487=CARTESIAN_POINT('',(-6.42628327270129,-12.2013815654242,-16.0683717705015));
#13488=CARTESIAN_POINT('',(-4.92628327270105,-12.2013815654238,-14.5683717705017));
#13489=CARTESIAN_POINT('Origin',(-4.02628327270112,-12.2013815654237,-15.0879870127729));
#13490=CARTESIAN_POINT('',(-4.02628327270115,-12.2013815654237,-15.0879870127729));
#13491=CARTESIAN_POINT('',(-4.92628327270105,-12.2013815654238,-14.5683717705017));
#13492=CARTESIAN_POINT('',(-4.02628327270115,-12.2013815654237,-15.0879870127729));
#13493=CARTESIAN_POINT('Origin',(-4.02628327270174,-12.201381565424,-18.5487565282309));
#13494=CARTESIAN_POINT('',(-4.02628327270172,-12.201381565424,-18.5487565282309));
#13495=CARTESIAN_POINT('',(-4.02628327270115,-12.2013815654237,-15.0879870127729));
#13496=CARTESIAN_POINT('',(-4.02628327270172,-12.201381565424,-18.5487565282309));
#13497=CARTESIAN_POINT('Origin',(0.269869150004442,-12.2013815654235,-21.0291412859613));
#13498=CARTESIAN_POINT('',(0.269869150004441,-12.2013815654235,-21.0291412859612));
#13499=CARTESIAN_POINT('',(-4.02628327270172,-12.201381565424,-18.5487565282309));
#13500=CARTESIAN_POINT('',(0.269869150004441,-12.2013815654235,-21.0291412859612));
#13501=CARTESIAN_POINT('Origin',(4.56602157271143,-12.2013815654226,-18.5487565282323));
#13502=CARTESIAN_POINT('',(4.56602157271144,-12.2013815654226,-18.5487565282323));
#13503=CARTESIAN_POINT('',(0.269869150004441,-12.2013815654235,-21.0291412859612));
#13504=CARTESIAN_POINT('',(4.56602157271144,-12.2013815654226,-18.5487565282323));
#13505=CARTESIAN_POINT('Origin',(5.46602157271137,-12.2013815654224,-19.0683717705035));
#13506=CARTESIAN_POINT('',(5.46602157271136,-12.2013815654224,-19.0683717705035));
#13507=CARTESIAN_POINT('',(4.56602157271144,-12.2013815654226,-18.5487565282323));
#13508=CARTESIAN_POINT('',(5.46602157271136,-12.2013815654224,-19.0683717705035));
#13509=CARTESIAN_POINT('Origin',(0.269869150004286,-12.2013815654236,-22.0683717705025));
#13510=CARTESIAN_POINT('',(0.269869150004286,-12.2013815654236,-22.0683717705025));
#13511=CARTESIAN_POINT('',(0.269869150004286,-12.2013815654236,-22.0683717705025));
#13512=CARTESIAN_POINT('',(0.269869150004286,-12.2013815654236,-22.0683717705025));
#13513=CARTESIAN_POINT('Origin',(-4.9262832727018,-12.2013815654241,-19.0683717705017));
#13514=CARTESIAN_POINT('',(-4.9262832727018,-12.2013815654241,-19.0683717705017));
#13515=CARTESIAN_POINT('Origin',(-2.12926652921927,-12.2013815654237,-18.8931399830052));
#13516=CARTESIAN_POINT('',(-0.929266529219265,-12.2013815654235,-18.8931399830054));
#13517=CARTESIAN_POINT('',(-2.12926652921928,-12.2013815654237,-18.8931399830052));
#13518=CARTESIAN_POINT('',(-0.929266529219265,-12.2013815654235,-18.8931399830054));
#13519=CARTESIAN_POINT('',(-2.12926652921928,-12.2013815654237,-18.8931399830052));
#13520=CARTESIAN_POINT('',(-0.929266529219265,-12.2013815654235,-18.8931399830054));
#13521=CARTESIAN_POINT('Origin',(1.46900482922983,-12.2013815654226,-13.2436035579998));
#13522=CARTESIAN_POINT('',(1.46900482922982,-12.2013815654226,-13.2436035579998));
#13523=CARTESIAN_POINT('',(-2.12926652921928,-12.2013815654237,-18.8931399830052));
#13524=CARTESIAN_POINT('',(1.46900482922982,-12.2013815654226,-13.2436035579998));
#13525=CARTESIAN_POINT('Origin',(2.66900482922982,-12.2013815654224,-13.243603558));
#13526=CARTESIAN_POINT('',(2.66900482922982,-12.2013815654224,-13.243603558));
#13527=CARTESIAN_POINT('',(1.46900482922982,-12.2013815654226,-13.2436035579998));
#13528=CARTESIAN_POINT('',(2.66900482922982,-12.2013815654224,-13.243603558));
#13529=CARTESIAN_POINT('Origin',(-0.929266529219295,-12.2013815654235,-18.8931399830054));
#13530=CARTESIAN_POINT('',(2.66900482922982,-12.2013815654224,-13.243603558));
#13531=CARTESIAN_POINT('Origin',(-8.00389714012185,-12.6013747284844,-18.2369613643372));
#13532=CARTESIAN_POINT('',(-5.49161111652163,-3.69332014983678,-31.6777420439768));
#13533=CARTESIAN_POINT('Origin',(8.40512901269394,-12.6013747289154,-18.236961364359));
#13534=CARTESIAN_POINT('',(5.88512420968317,-3.68663994270602,-31.677742044143));
#13535=CARTESIAN_POINT('Origin',(16.4169277022954,-12.8013747289166,-31.6777420443045));
#13536=CARTESIAN_POINT('Origin',(24.6002143929036,-11.3013776591151,13.8288507515333));
#13537=CARTESIAN_POINT('',(24.6002143928996,-4.03318624592268,-10.8228541558538));
#13538=CARTESIAN_POINT('',(24.6002143928987,-11.3013776591153,-15.6711492484667));
#13539=CARTESIAN_POINT('Origin',(23.1002143928995,-4.03318624592263,-10.8228541558535));
#13540=CARTESIAN_POINT('',(23.1002143928988,-11.5513775392041,-13.4314331152785));
#13541=CARTESIAN_POINT('Origin',(23.1002143928989,-10.8013775392042,-14.7304712209555));
#13542=CARTESIAN_POINT('',(23.1002143928994,-4.78318624592253,-9.52381605017651));
#13543=CARTESIAN_POINT('Origin',(19.1002143928998,-10.0065440342235,-12.5395230753258));
#13544=CARTESIAN_POINT('',(23.4946253708396,-9.81940530963069,-12.4314784823055));
#13545=CARTESIAN_POINT('Origin',(27.1002143928979,-11.5513775392041,-13.4314331152781));
#13546=CARTESIAN_POINT('',(13.0076410159707,-9.81940530963051,-12.4314784823068));
#13547=CARTESIAN_POINT('',(19.1002143928997,-9.8194053096306,-12.4314784823058));
#13548=CARTESIAN_POINT('',(12.9027645986908,-10.0010565928752,-12.5363548995868));
#13549=CARTESIAN_POINT('Origin',(11.9274217283531,-11.6903999991007,-14.8197605094846));
#13550=CARTESIAN_POINT('',(13.0076410159708,-9.81940530962985,-4.47857587153878));
#13551=CARTESIAN_POINT('',(13.0076410159707,-9.81940530963062,-13.5704548789758));
#13552=CARTESIAN_POINT('',(12.8078241252193,-10.1654983166219,-4.27875898078675));
#13553=CARTESIAN_POINT('Origin',(9.31004177145287,-11.6903999991003,-3.39835658392014));
#13554=CARTESIAN_POINT('',(21.3245896109368,-9.81940530962987,-4.47857587153791));
#13555=CARTESIAN_POINT('Origin',(27.1002143929018,-12.8013775392044,-2.75693340207614));
#13556=CARTESIAN_POINT('',(14.205128082176,-9.81940530962987,-4.47857587153798));
#13557=CARTESIAN_POINT('Origin',(20.6002143929017,-13.2743164187964,2.13492014088295));
#13558=CARTESIAN_POINT('Origin',(20.6002143929014,-10.8013778509662,0.707168393056925));
#13559=CARTESIAN_POINT('Origin',(-15.5535077904847,-12.4013747280891,-31.6777420438371));
#13560=CARTESIAN_POINT('Origin',(-20.7146867580594,-15.3763575712721,-27.9139669666136));
#13561=CARTESIAN_POINT('',(-18.9646867580594,-15.3763575713643,-27.9139669666179));
#13562=CARTESIAN_POINT('Ctrl Pts',(25.0331419967145,-9.39524393626689,-1.403563220669));
#13563=CARTESIAN_POINT('Ctrl Pts',(24.7531579480039,-9.80683157790313,-0.785720208685969));
#13564=CARTESIAN_POINT('Ctrl Pts',(24.6002149141144,-10.303583579428,-0.0400360064028504));
#13565=CARTESIAN_POINT('Ctrl Pts',(24.6002143927762,-10.8013749886676,0.707206660948874));
#13566=CARTESIAN_POINT('Ctrl Pts',(24.7957829696883,-9.7441836850861,-2.28760683653258));
#13567=CARTESIAN_POINT('Ctrl Pts',(24.5449589001276,-10.2650724985033,-1.70701366754891));
#13568=CARTESIAN_POINT('Ctrl Pts',(24.4777359521245,-10.8656359251781,-1.00949325972042));
#13569=CARTESIAN_POINT('Ctrl Pts',(24.6002253448517,-11.3997788108757,-0.329259247115328));
#13570=CARTESIAN_POINT('Ctrl Pts',(23.8372397073308,-9.98101312056354,-3.82718669310274));
#13571=CARTESIAN_POINT('Ctrl Pts',(23.4831319899469,-10.7475996180243,-3.30799883800502));
#13572=CARTESIAN_POINT('Ctrl Pts',(23.4056424240843,-11.6370215826125,-2.69659182838291));
#13573=CARTESIAN_POINT('Ctrl Pts',(23.5956019829763,-12.4357093855078,-2.12353621442917));
#13574=CARTESIAN_POINT('Ctrl Pts',(22.3588333579982,-9.46840841956472,-4.68122402050135));
#13575=CARTESIAN_POINT('Ctrl Pts',(21.7425010680386,-10.4576125587719,-4.11049809737598));
#13576=CARTESIAN_POINT('Ctrl Pts',(21.4417442842851,-11.6402450192372,-3.42616849152579));
#13577=CARTESIAN_POINT('Ctrl Pts',(21.4978134796063,-12.8014020906115,-2.75691925125093));
#13578=CARTESIAN_POINT('Ctrl Pts',(21.7258126775113,-9.14544999593852,-4.86768415331923));
#13579=CARTESIAN_POINT('Ctrl Pts',(20.9978558075048,-10.2155840739785,-4.2498419552938));
#13580=CARTESIAN_POINT('Ctrl Pts',(20.6002087894049,-11.5071451758497,-3.50415880545295));
#13581=CARTESIAN_POINT('Ctrl Pts',(20.600214392961,-12.8014049051721,-2.75691760232746));
#13582=CARTESIAN_POINT('Ctrl Pts',(24.8011427236528,-9.81940530962969,-0.859032504837023));
#13583=CARTESIAN_POINT('Ctrl Pts',(24.7966266821082,-9.81940530962971,-1.15805922301687));
#13584=CARTESIAN_POINT('Ctrl Pts',(24.7695432877812,-9.81940530962318,-1.45914581513949));
#13585=CARTESIAN_POINT('Ctrl Pts',(24.6542609435528,-9.81940530962323,-2.05420750572964));
#13586=CARTESIAN_POINT('Ctrl Pts',(24.5644295440732,-9.81940530962984,-2.34800436024186));
#13587=CARTESIAN_POINT('Ctrl Pts',(24.3133936521734,-9.81940530962987,-2.88912798491278));
#13588=CARTESIAN_POINT('Ctrl Pts',(24.1592739445751,-9.81940530962989,-3.13235555320874));
#13589=CARTESIAN_POINT('Ctrl Pts',(23.702910826127,-9.81940530962992,-3.66366109439895));
#13590=CARTESIAN_POINT('Ctrl Pts',(23.3803023430089,-9.81940530962994,-3.909694764312));
#13591=CARTESIAN_POINT('Ctrl Pts',(22.620303690238,-9.81940530962998,-4.28962279271376));
#13592=CARTESIAN_POINT('Ctrl Pts',(22.1894509296993,-9.81940530962998,-4.40914533581079));
#13593=CARTESIAN_POINT('Ctrl Pts',(21.6107793933006,-9.81940530962998,-4.47105525106602));
#13594=CARTESIAN_POINT('Ctrl Pts',(21.4681691369757,-9.81940530962996,-4.47858253331255));
#13595=CARTESIAN_POINT('Ctrl Pts',(21.3255818152692,-9.81940530962996,-4.47857587153761));
#13596=CARTESIAN_POINT('Origin',(19.1002143928997,-9.8194053096306,-12.3211492484668));
#13597=CARTESIAN_POINT('Ctrl Pts',(23.4947245808785,-9.81940530963066,-12.4314784823054));
#13598=CARTESIAN_POINT('Ctrl Pts',(23.5356807030657,-9.81940530963066,-12.4314745519215));
#13599=CARTESIAN_POINT('Ctrl Pts',(23.5766360522994,-9.81940530963067,-12.4331671434583));
#13600=CARTESIAN_POINT('Ctrl Pts',(23.7815266126104,-9.81940530963069,-12.4503288314123));
#13601=CARTESIAN_POINT('Ctrl Pts',(23.9432247741794,-9.81940530963069,-12.4919633867207));
#13602=CARTESIAN_POINT('Ctrl Pts',(24.2024414725549,-9.81940530963071,-12.6161987853889));
#13603=CARTESIAN_POINT('Ctrl Pts',(24.3329442557905,-9.81940530963071,-12.6981502729529));
#13604=CARTESIAN_POINT('Ctrl Pts',(24.5593273360322,-9.81940530963074,-12.948353228027));
#13605=CARTESIAN_POINT('Ctrl Pts',(24.6392250420918,-9.81940530963074,-13.082696897266));
#13606=CARTESIAN_POINT('Ctrl Pts',(24.765908807249,-9.81940530963078,-13.4090683029444));
#13607=CARTESIAN_POINT('Ctrl Pts',(24.7985442427743,-9.81940530963078,-13.6033544395898));
#13608=CARTESIAN_POINT('Ctrl Pts',(24.8011427236499,-9.81940530963079,-13.797793999632));
#13609=CARTESIAN_POINT('Ctrl Pts',(24.6002143928979,-10.8013775392046,-14.7304712209557));
#13610=CARTESIAN_POINT('Ctrl Pts',(24.600214392898,-10.3838825358404,-14.344805856832));
#13611=CARTESIAN_POINT('Ctrl Pts',(24.7069202851494,-9.96681810701931,-13.9595382404332));
#13612=CARTESIAN_POINT('Ctrl Pts',(24.9074504740821,-9.60063349136833,-13.6212713821623));
#13613=CARTESIAN_POINT('Ctrl Pts',(24.600214392898,-11.025777014461,-14.3417999286197));
#13614=CARTESIAN_POINT('Ctrl Pts',(24.5615746375603,-10.5969024000723,-13.9772555534926));
#13615=CARTESIAN_POINT('Ctrl Pts',(24.639706938569,-10.1504880910832,-13.6078479838837));
#13616=CARTESIAN_POINT('Ctrl Pts',(24.8250985532437,-9.75101428141167,-13.2827013371035));
#13617=CARTESIAN_POINT('Ctrl Pts',(24.2235847917922,-11.414260379824,-13.6689270019157));
#13618=CARTESIAN_POINT('Ctrl Pts',(24.1639811941391,-10.9020628374706,-13.3379930732994));
#13619=CARTESIAN_POINT('Ctrl Pts',(24.2399550178662,-10.3662280650436,-12.9971551913891));
#13620=CARTESIAN_POINT('Ctrl Pts',(24.4497001009521,-9.88564355371061,-12.6934601742055));
#13621=CARTESIAN_POINT('Ctrl Pts',(23.4368136057826,-11.5513775392043,-13.4314331152785));
#13622=CARTESIAN_POINT('Ctrl Pts',(23.4191122816687,-10.9252805507166,-13.0703222160815));
#13623=CARTESIAN_POINT('Ctrl Pts',(23.561325676023,-10.2936028991493,-12.7050919481606));
#13624=CARTESIAN_POINT('Ctrl Pts',(23.8489701433701,-9.73580810419273,-12.3832145984813));
#13625=CARTESIAN_POINT('Ctrl Pts',(23.1002143928979,-11.5513775392042,-13.4314331152785));
#13626=CARTESIAN_POINT('Ctrl Pts',(23.1002143928978,-10.8833855338216,-13.0457677511547));
#13627=CARTESIAN_POINT('Ctrl Pts',(23.2709438204999,-10.2160824477083,-12.6605001347559));
#13628=CARTESIAN_POINT('Ctrl Pts',(23.5917921227921,-9.63018706266672,-12.3222332764851));
#13629=CARTESIAN_POINT('Origin',(26.7628124469992,-12.8013775392043,-15.6711492484671));
#13630=CARTESIAN_POINT('Origin',(0.200214067335607,-7.80137884512667,-1.74108348515363));
#13631=CARTESIAN_POINT('Origin',(0.199785932665951,-7.80137884512667,-1.74108348515363));
#13632=CARTESIAN_POINT('Origin',(1.01986915000564,-12.2013815654228,-13.8183717705027));
#13633=CARTESIAN_POINT('Origin',(1.77030131001869,-12.2013815654229,-17.4807770700639));
#13634=CARTESIAN_POINT('Origin',(-1.23056301000816,-12.2013815654232,-14.6559664709413));
#13635=CARTESIAN_POINT('Origin',(-0.480130849995099,-12.2013815654234,-18.3183717705025));
#13636=CARTESIAN_POINT('Origin',(0.269869150005286,-12.201381565423,-16.0683717705026));
#13637=CARTESIAN_POINT('Origin',(0.703682596347063,-7.3437610810519,-19.8810211173192));
#13638=CARTESIAN_POINT('',(-4.2762871435669,-7.34376108105275,-21.8810209981099));
#13639=CARTESIAN_POINT('',(-4.27628714356687,-7.34376108105272,-18.8240103474749));
#13640=CARTESIAN_POINT('',(-4.2762871435669,-7.34376108105275,-21.8810209981099));
#13641=CARTESIAN_POINT('',(-5.17613226685791,-7.34376108105289,-21.8810209981098));
#13642=CARTESIAN_POINT('',(-5.1761322668579,-7.34376108105289,-21.8810209981098));
#13643=CARTESIAN_POINT('',(-5.17613226685788,-7.34376108105298,-17.8810212365287));
#13644=CARTESIAN_POINT('',(-5.17613226685788,-7.34376108105298,-17.8810212365287));
#13645=CARTESIAN_POINT('',(-4.44886023316647,-7.34376108105275,-17.8810212365289));
#13646=CARTESIAN_POINT('',(-4.44886023316647,-7.34376108105275,-17.8810212365289));
#13647=CARTESIAN_POINT('',(-3.18537718568112,-7.34376108105254,-18.6699270955221));
#13648=CARTESIAN_POINT('',(-3.18537718568112,-7.34376108105254,-18.6699270955221));
#13649=CARTESIAN_POINT('',(-3.18537718568113,-7.34376108105256,-19.4280161610741));
#13650=CARTESIAN_POINT('',(-3.18537718568113,-7.34376108105256,-19.4280161610741));
#13651=CARTESIAN_POINT('',(-4.27628714356687,-7.34376108105272,-18.8240103474749));
#13652=CARTESIAN_POINT('Origin',(-3.18537718568112,-7.34376108105256,-19.4280161610741));
#13653=CARTESIAN_POINT('',(-4.27628714356687,-7.34376108105272,-18.8240103474749));
#13654=CARTESIAN_POINT('',(-3.18537718568113,-7.34376108105256,-19.4280161610741));
#13655=CARTESIAN_POINT('Origin',(-4.27628714356687,-7.34376108105272,-18.8240103474749));
#13656=CARTESIAN_POINT('',(-4.2762871435669,-7.34376108105275,-21.8810209981099));
#13657=CARTESIAN_POINT('Origin',(-4.2762871435669,-7.34376108105275,-21.8810209981099));
#13658=CARTESIAN_POINT('',(-5.17613226685791,-7.34376108105289,-21.8810209981098));
#13659=CARTESIAN_POINT('Origin',(-5.17613226685791,-7.34376108105289,-21.8810209981098));
#13660=CARTESIAN_POINT('',(-5.17613226685788,-7.34376108105298,-17.8810212365287));
#13661=CARTESIAN_POINT('Origin',(-5.17613226685788,-7.34376108105298,-17.8810212365287));
#13662=CARTESIAN_POINT('',(-4.44886023316647,-7.34376108105275,-17.8810212365289));
#13663=CARTESIAN_POINT('Origin',(-4.44886023316646,-7.34376108105275,-17.8810212365289));
#13664=CARTESIAN_POINT('',(-3.18537718568112,-7.34376108105254,-18.6699270955221));
#13665=CARTESIAN_POINT('Origin',(-3.18537718568112,-7.34376108105254,-18.6699270955221));
#13666=CARTESIAN_POINT('Origin',(-1.3918495825321,-7.34376108105216,-21.88102099811));
#13667=CARTESIAN_POINT('',(-2.35332876954382,-7.34376108105232,-21.8810209981099));
#13668=CARTESIAN_POINT('',(-2.35332876954382,-7.34376108105232,-21.8810209981099));
#13669=CARTESIAN_POINT('',(-1.3918495825321,-7.34376108105216,-21.88102099811));
#13670=CARTESIAN_POINT('',(-2.35332876954382,-7.34376108105232,-21.8810209981099));
#13671=CARTESIAN_POINT('',(-1.3918495825321,-7.34376108105216,-21.88102099811));
#13672=CARTESIAN_POINT('Origin',(-2.35332876954382,-7.34376108105232,-21.88102099811));
#13673=CARTESIAN_POINT('',(-2.35332876954381,-7.34376108105231,-21.0304817906514));
#13674=CARTESIAN_POINT('',(-2.35332876954381,-7.34376108105231,-21.0304817906514));
#13675=CARTESIAN_POINT('',(-2.35332876954381,-7.34376108105231,-21.0304817906514));
#13676=CARTESIAN_POINT('Origin',(0.703682596346695,-7.34376108105179,-19.8810211173192));
#13677=CARTESIAN_POINT('',(-1.3918495825321,-7.34376108105215,-21.0304817906515));
#13678=CARTESIAN_POINT('',(-1.3918495825321,-7.34376108105216,-21.88102099811));
#13679=CARTESIAN_POINT('',(-1.3918495825321,-7.34376108105215,-21.0304817906515));
#13680=CARTESIAN_POINT('Origin',(-2.35332876954381,-7.34376108105231,-21.0304817906514));
#13681=CARTESIAN_POINT('',(-1.3918495825321,-7.34376108105215,-21.0304817906515));
#13682=CARTESIAN_POINT('Origin',(-1.3918495825321,-7.34376108105215,-21.0304817906515));
#13683=CARTESIAN_POINT('Origin',(-0.0235901526004651,-7.34376108105193,
-21.88102099811));
#13684=CARTESIAN_POINT('',(-0.02359015260043,-7.3437610810519,-17.8810212365286));
#13685=CARTESIAN_POINT('',(-0.02359015260043,-7.3437610810519,-17.8810212365286));
#13686=CARTESIAN_POINT('',(-0.0235901526004651,-7.34376108105193,-21.88102099811));
#13687=CARTESIAN_POINT('',(-0.02359015260043,-7.3437610810519,-17.8810212365286));
#13688=CARTESIAN_POINT('',(-0.0235901526004651,-7.34376108105193,-21.88102099811));
#13689=CARTESIAN_POINT('Origin',(-0.02359015260043,-7.3437610810519,-17.8810212365286));
#13690=CARTESIAN_POINT('',(0.703681881090978,-7.3437610810519,-17.8810212365287));
#13691=CARTESIAN_POINT('',(0.703681881090978,-7.3437610810519,-17.8810212365287));
#13692=CARTESIAN_POINT('',(0.703681881090976,-7.3437610810519,-17.8810212365287));
#13693=CARTESIAN_POINT('Origin',(0.703682596346695,-7.34376108105179,-19.8810211173192));
#13694=CARTESIAN_POINT('',(0.876254970690552,-7.34376108105177,-21.8810209981099));
#13695=CARTESIAN_POINT('',(0.876254970690579,-7.34376108105176,-18.8240103474747));
#13696=CARTESIAN_POINT('',(0.876254970690553,-7.34376108105177,-21.8810209981099));
#13697=CARTESIAN_POINT('',(-0.0235901526004641,-7.34376108105193,-21.88102099811));
#13698=CARTESIAN_POINT('',(1.96716492857633,-7.34376108105158,-18.6699270955219));
#13699=CARTESIAN_POINT('',(1.96716492857633,-7.34376108105158,-18.6699270955219));
#13700=CARTESIAN_POINT('',(1.96716492857632,-7.34376108105158,-19.4280161610739));
#13701=CARTESIAN_POINT('',(1.96716492857632,-7.34376108105158,-19.4280161610739));
#13702=CARTESIAN_POINT('',(0.876254970690579,-7.34376108105176,-18.8240103474747));
#13703=CARTESIAN_POINT('Origin',(0.703681881090924,-7.3437610810519,-17.8810212365287));
#13704=CARTESIAN_POINT('',(1.96716492857633,-7.34376108105158,-18.6699270955219));
#13705=CARTESIAN_POINT('Origin',(1.96716492857626,-7.34376108105169,-18.6699270955219));
#13706=CARTESIAN_POINT('',(1.96716492857632,-7.34376108105158,-19.4280161610739));
#13707=CARTESIAN_POINT('Origin',(1.96716492857633,-7.34376108105158,-19.4280161610739));
#13708=CARTESIAN_POINT('',(0.876254970690579,-7.34376108105176,-18.8240103474747));
#13709=CARTESIAN_POINT('Origin',(0.876254970690578,-7.34376108105176,-18.8240103474747));
#13710=CARTESIAN_POINT('',(0.876254970690552,-7.34376108105177,-21.8810209981099));
#13711=CARTESIAN_POINT('Origin',(0.876254970690552,-7.34376108105177,-21.8810209981099));
#13712=CARTESIAN_POINT('Origin',(5.60969155516361,-7.34376108105119,-17.8810212365286));
#13713=CARTESIAN_POINT('',(6.58349745955204,-7.34376108105092,-17.8810212365287));
#13714=CARTESIAN_POINT('',(6.58349745955204,-7.34376108105092,-17.8810212365287));
#13715=CARTESIAN_POINT('',(5.60969155516361,-7.34376108105119,-17.8810212365286));
#13716=CARTESIAN_POINT('',(6.58349745955204,-7.34376108105092,-17.8810212365287));
#13717=CARTESIAN_POINT('',(5.60969155516361,-7.34376108105119,-17.8810212365286));
#13718=CARTESIAN_POINT('Origin',(6.58349745955203,-7.34376108105092,-17.8810212365287));
#13719=CARTESIAN_POINT('',(5.14744179930421,-7.34376108105119,-21.88102099811));
#13720=CARTESIAN_POINT('',(5.14744179930421,-7.34376108105119,-21.88102099811));
#13721=CARTESIAN_POINT('',(5.14744179930421,-7.34376108105119,-21.88102099811));
#13722=CARTESIAN_POINT('Origin',(5.14744179930421,-7.34376108105119,-21.88102099811));
#13723=CARTESIAN_POINT('',(3.97024625029304,-7.34376108105128,-21.8810209981099));
#13724=CARTESIAN_POINT('',(3.97024625029304,-7.34376108105128,-21.8810209981099));
#13725=CARTESIAN_POINT('',(3.97024625029297,-7.34376108105138,-21.88102099811));
#13726=CARTESIAN_POINT('Origin',(3.97024625029298,-7.34376108105138,-21.88102099811));
#13727=CARTESIAN_POINT('',(2.49104779448246,-7.3437610810516,-17.881021236528));
#13728=CARTESIAN_POINT('',(2.49104779448246,-7.3437610810516,-17.881021236528));
#13729=CARTESIAN_POINT('',(2.49104779448252,-7.3437610810516,-17.881021236528));
#13730=CARTESIAN_POINT('Origin',(0.703682596347063,-7.3437610810519,-19.8810211173192));
#13731=CARTESIAN_POINT('',(3.44020026411747,-7.34376108105144,-17.8810212365282));
#13732=CARTESIAN_POINT('',(3.44020026411747,-7.34376108105144,-17.8810212365282));
#13733=CARTESIAN_POINT('',(4.51261895384522,-7.34376108105128,-21.0797881833212));
#13734=CARTESIAN_POINT('',(4.51261895384522,-7.34376108105128,-21.0797881833212));
#13735=CARTESIAN_POINT('',(4.53727238859864,-7.34376108105128,-21.0797881833211));
#13736=CARTESIAN_POINT('',(4.53727238859864,-7.34376108105128,-21.0797881833211));
#13737=CARTESIAN_POINT('',(5.60969155516361,-7.34376108105119,-17.8810212365286));
#13738=CARTESIAN_POINT('Origin',(2.49104779448246,-7.3437610810516,-17.881021236529));
#13739=CARTESIAN_POINT('',(3.44020026411747,-7.34376108105144,-17.8810212365282));
#13740=CARTESIAN_POINT('Origin',(3.44020026411747,-7.34376108105144,-17.8810212365282));
#13741=CARTESIAN_POINT('',(4.51261895384522,-7.34376108105128,-21.0797881833212));
#13742=CARTESIAN_POINT('Origin',(4.51261895384522,-7.34376108105128,-21.0797881833212));
#13743=CARTESIAN_POINT('',(4.53727238859864,-7.34376108105128,-21.0797881833211));
#13744=CARTESIAN_POINT('Origin',(4.53727238859863,-7.34376108105128,-21.0797881833212));
#13745=CARTESIAN_POINT('',(0.775790821995421,-22.6192828461798,-43.0700270155438));
#13746=UNCERTAINTY_MEASURE_WITH_UNIT(LENGTH_MEASURE(0.01),#13758,
'DISTANCE_ACCURACY_VALUE',
'Maximum model space distance between geometric entities at asserted c
onnectivities');
#13747=UNCERTAINTY_MEASURE_WITH_UNIT(LENGTH_MEASURE(0.01),#13758,
'DISTANCE_ACCURACY_VALUE',
'Maximum model space distance between geometric entities at asserted c
onnectivities');
#13748=UNCERTAINTY_MEASURE_WITH_UNIT(LENGTH_MEASURE(0.01),#13758,
'DISTANCE_ACCURACY_VALUE',
'Maximum model space distance between geometric entities at asserted c
onnectivities');
#13749=UNCERTAINTY_MEASURE_WITH_UNIT(LENGTH_MEASURE(0.01),#13758,
'DISTANCE_ACCURACY_VALUE',
'Maximum model space distance between geometric entities at asserted c
onnectivities');
#13750=UNCERTAINTY_MEASURE_WITH_UNIT(LENGTH_MEASURE(0.01),#13758,
'DISTANCE_ACCURACY_VALUE',
'Maximum model space distance between geometric entities at asserted c
onnectivities');
#13751=UNCERTAINTY_MEASURE_WITH_UNIT(LENGTH_MEASURE(0.01),#13758,
'DISTANCE_ACCURACY_VALUE',
'Maximum model space distance between geometric entities at asserted c
onnectivities');
#13752=(
GEOMETRIC_REPRESENTATION_CONTEXT(3)
GLOBAL_UNCERTAINTY_ASSIGNED_CONTEXT((#13746))
GLOBAL_UNIT_ASSIGNED_CONTEXT((#13758,#13760,#13761))
REPRESENTATION_CONTEXT('','3D')
);
#13753=(
GEOMETRIC_REPRESENTATION_CONTEXT(3)
GLOBAL_UNCERTAINTY_ASSIGNED_CONTEXT((#13747))
GLOBAL_UNIT_ASSIGNED_CONTEXT((#13758,#13760,#13761))
REPRESENTATION_CONTEXT('','3D')
);
#13754=(
GEOMETRIC_REPRESENTATION_CONTEXT(3)
GLOBAL_UNCERTAINTY_ASSIGNED_CONTEXT((#13748))
GLOBAL_UNIT_ASSIGNED_CONTEXT((#13758,#13760,#13761))
REPRESENTATION_CONTEXT('','3D')
);
#13755=(
GEOMETRIC_REPRESENTATION_CONTEXT(3)
GLOBAL_UNCERTAINTY_ASSIGNED_CONTEXT((#13749))
GLOBAL_UNIT_ASSIGNED_CONTEXT((#13758,#13760,#13761))
REPRESENTATION_CONTEXT('','3D')
);
#13756=(
GEOMETRIC_REPRESENTATION_CONTEXT(3)
GLOBAL_UNCERTAINTY_ASSIGNED_CONTEXT((#13750))
GLOBAL_UNIT_ASSIGNED_CONTEXT((#13758,#13760,#13761))
REPRESENTATION_CONTEXT('','3D')
);
#13757=(
GEOMETRIC_REPRESENTATION_CONTEXT(3)
GLOBAL_UNCERTAINTY_ASSIGNED_CONTEXT((#13751))
GLOBAL_UNIT_ASSIGNED_CONTEXT((#13758,#13760,#13761))
REPRESENTATION_CONTEXT('','3D')
);
#13758=(
LENGTH_UNIT()
NAMED_UNIT(*)
SI_UNIT(.MILLI.,.METRE.)
);
#13759=(
LENGTH_UNIT()
NAMED_UNIT(*)
SI_UNIT($,.METRE.)
);
#13760=(
NAMED_UNIT(*)
PLANE_ANGLE_UNIT()
SI_UNIT($,.RADIAN.)
);
#13761=(
NAMED_UNIT(*)
SI_UNIT($,.STERADIAN.)
SOLID_ANGLE_UNIT()
);
#13762=SHAPE_DEFINITION_REPRESENTATION(#13767,#13776);
#13763=SHAPE_DEFINITION_REPRESENTATION(#13768,#13777);
#13764=SHAPE_DEFINITION_REPRESENTATION(#13769,#13778);
#13765=SHAPE_DEFINITION_REPRESENTATION(#13770,#13779);
#13766=SHAPE_DEFINITION_REPRESENTATION(#13772,#13780);
#13767=PRODUCT_DEFINITION_SHAPE('',$,#13782);
#13768=PRODUCT_DEFINITION_SHAPE('',$,#13783);
#13769=PRODUCT_DEFINITION_SHAPE('',$,#13784);
#13770=PRODUCT_DEFINITION_SHAPE('',$,#13785);
#13771=PRODUCT_DEFINITION_SHAPE($,$,#8160);
#13772=PRODUCT_DEFINITION_SHAPE('',$,#13786);
#13773=PRODUCT_DEFINITION_SHAPE($,$,#8161);
#13774=PRODUCT_DEFINITION_SHAPE($,$,#8162);
#13775=PRODUCT_DEFINITION_SHAPE($,$,#8163);
#13776=SHAPE_REPRESENTATION('',(#8187,#8827),#13752);
#13777=SHAPE_REPRESENTATION('',(#8188,#8193,#8194),#13753);
#13778=SHAPE_REPRESENTATION('',(#8189,#8191),#13754);
#13779=SHAPE_REPRESENTATION('',(#8190),#13755);
#13780=SHAPE_REPRESENTATION('',(#8192),#13756);
#13781=PRODUCT_DEFINITION_CONTEXT('part definition',#13798,'design');
#13782=PRODUCT_DEFINITION('DragonBurner SC V1.1R2',
'DragonBurner Modded Backplate v4',#13787,#13781);
#13783=PRODUCT_DEFINITION('Backplate','Backplate',#13788,#13781);
#13784=PRODUCT_DEFINITION('Plate (1)','Plate (1)',#13789,#13781);
#13785=PRODUCT_DEFINITION('Addon (1) (2)','Addon (1) (2)',#13790,#13781);
#13786=PRODUCT_DEFINITION('Spacer (1)','Spacer (1)',#13791,#13781);
#13787=PRODUCT_DEFINITION_FORMATION('',$,#13800);
#13788=PRODUCT_DEFINITION_FORMATION('',$,#13801);
#13789=PRODUCT_DEFINITION_FORMATION('',$,#13802);
#13790=PRODUCT_DEFINITION_FORMATION('',$,#13803);
#13791=PRODUCT_DEFINITION_FORMATION('',$,#13804);
#13792=PRODUCT_RELATED_PRODUCT_CATEGORY(
'DragonBurner Modded Backplate v4','DragonBurner Modded Backplate v4',(#13800));
#13793=PRODUCT_RELATED_PRODUCT_CATEGORY('Backplate','Backplate',(#13801));
#13794=PRODUCT_RELATED_PRODUCT_CATEGORY('Plate (1)','Plate (1)',(#13802));
#13795=PRODUCT_RELATED_PRODUCT_CATEGORY('Addon (1) (2)','Addon (1) (2)',
(#13803));
#13796=PRODUCT_RELATED_PRODUCT_CATEGORY('Spacer (1)','Spacer (1)',(#13804));
#13797=APPLICATION_PROTOCOL_DEFINITION('international standard',
'automotive_design',2009,#13798);
#13798=APPLICATION_CONTEXT(
'Core Data for Automotive Mechanical Design Process');
#13799=PRODUCT_CONTEXT('part definition',#13798,'mechanical');
#13800=PRODUCT('DragonBurner SC V1.1R2',
'DragonBurner Modded Backplate v4',$,(#13799));
#13801=PRODUCT('Backplate','Backplate',$,(#13799));
#13802=PRODUCT('Plate (1)','Plate (1)',$,(#13799));
#13803=PRODUCT('Addon (1) (2)','Addon (1) (2)',$,(#13799));
#13804=PRODUCT('Spacer (1)','Spacer (1)',$,(#13799));
#13805=PRESENTATION_STYLE_ASSIGNMENT((#13809));
#13806=PRESENTATION_STYLE_ASSIGNMENT((#13810));
#13807=PRESENTATION_STYLE_ASSIGNMENT((#13811));
#13808=PRESENTATION_STYLE_ASSIGNMENT((#13812));
#13809=SURFACE_STYLE_USAGE(.BOTH.,#13813);
#13810=SURFACE_STYLE_USAGE(.BOTH.,#13814);
#13811=SURFACE_STYLE_USAGE(.BOTH.,#13815);
#13812=SURFACE_STYLE_USAGE(.BOTH.,#13816);
#13813=SURFACE_SIDE_STYLE('',(#13817));
#13814=SURFACE_SIDE_STYLE('',(#13818));
#13815=SURFACE_SIDE_STYLE('',(#13819));
#13816=SURFACE_SIDE_STYLE('',(#13820));
#13817=SURFACE_STYLE_FILL_AREA(#13821);
#13818=SURFACE_STYLE_FILL_AREA(#13822);
#13819=SURFACE_STYLE_FILL_AREA(#13823);
#13820=SURFACE_STYLE_FILL_AREA(#13824);
#13821=FILL_AREA_STYLE('ABS (White)',(#13825));
#13822=FILL_AREA_STYLE('Opaque(245,85,5)',(#13826));
#13823=FILL_AREA_STYLE('Opaque(69,170,69)',(#13827));
#13824=FILL_AREA_STYLE('Opaque(63,63,63)',(#13828));
#13825=FILL_AREA_STYLE_COLOUR('ABS (White)',#13829);
#13826=FILL_AREA_STYLE_COLOUR('Opaque(245,85,5)',#13830);
#13827=FILL_AREA_STYLE_COLOUR('Opaque(69,170,69)',#13831);
#13828=FILL_AREA_STYLE_COLOUR('Opaque(63,63,63)',#13832);
#13829=COLOUR_RGB('ABS (White)',0.964705882352941,0.964705882352941,0.952941176470588);
#13830=COLOUR_RGB('Opaque(245,85,5)',0.96078431372549,0.333333333333333,
0.0196078431372549);
#13831=COLOUR_RGB('Opaque(69,170,69)',0.270588235294118,0.666666666666667,
0.270588235294118);
#13832=COLOUR_RGB('Opaque(63,63,63)',0.247058823529412,0.247058823529412,
0.247058823529412);
ENDSEC;
END-ISO-10303-21;
